# Legends Alley booth prefab, exported for Booth Manager
mtllib booth.mtl
o vrchat_legends_booth_textured_Clone_
v -0.009823942 -0.009412164 0.0006814406
v -0.009827478 -0.009412867 0.0006633124
v -0.009823942 -0.00941357 0.0006814406
v -0.009412164 -0.009001793 0.0006814406
v -0.009412867 -0.008998257 0.0006633124
v -0.00941357 -0.009001793 0.0006814406
v -0.009001793 -0.00941357 0.0006814406
v -0.008998257 -0.009412867 0.0006633124
v -0.009001793 -0.009412164 0.0006814406
v -0.00941357 -0.009823942 0.0006814406
v -0.009412867 -0.009827478 0.0006633124
v -0.009412164 -0.009823942 0.0006814406
v -0.009827478 -0.009412867 0.004718209
v -0.009823942 -0.009412164 0.004700081
v -0.009823942 -0.00941357 0.004700081
v -0.009412867 -0.009827478 0.004718209
v -0.00941357 -0.009823942 0.004700081
v -0.009412164 -0.009823942 0.004700081
v -0.009001793 -0.009412164 0.004700081
v -0.008998257 -0.009412867 0.004718209
v -0.009001793 -0.00941357 0.004700081
v -0.00941357 -0.009001793 0.004700081
v -0.009412867 -0.008998257 0.004718209
v -0.009412164 -0.009001793 0.004700081
v 0.007546743 -0.007601659 0.007718359
v 0.007560347 -0.00756786 0.007636606
v 0.007560303 -0.007594151 0.007574065
v 0.007560303 -0.007594151 0.009497715
v 0.007560347 -0.00756786 0.009435174
v 0.007546743 -0.007601659 0.009353422
v 0.007596743 -0.007651659 0.007718359
v 0.007630515 -0.007637885 0.007636589
v 0.007641584 -0.00766492 0.007674148
v 0.007596743 -0.007651659 0.009353422
v 0.007641584 -0.00766492 0.009397632
v 0.007630515 -0.007637885 0.009435191
v 0.007546743 -0.007601659 0.007718359
v 0.007533482 -0.007556818 0.007674148
v 0.007560347 -0.00756786 0.007636606
v 0.007533482 -0.007556818 0.009397632
v 0.007546743 -0.007601659 0.009353422
v 0.007560347 -0.00756786 0.009435174
v -0.01 0.01 0
v -0.01 0.01 0.0003208098
v -0.01 -0.01 0.0003208098
v -0.01 -0.01 0
v 0.01 0.01 0.007605394
v 0.01 0.01 0.01521079
v 0.01 -0.01 0.01521079
v 0.01 -0.01 0.007605394
v 0.01 0.01 0.006464585
v 0.01 -0.01 0.006464585
v 0.01 0.01 0
v 0.01 -0.01 0
v -0.01 0.01 0.01521079
v -0.01 -0.01 0.01521079
v 0.01 -0.01 0.01521079
v 0.01 0.01 0.01521079
v -0.01 0.01 0.007605394
v -0.01 0.01 0.01521079
v 0.01 0.01 0.01521079
v 0.01 0.01 0.007605394
v -0.01 -0.01 0.007605394
v -0.01 -0.01 0.01521079
v -0.01 0.01 0.01521079
v -0.01 0.01 0.007605394
v -0.01 -0.01 0.006464585
v -0.01 0.01 0.006464585
v -0.01 0.006460564 0.004968074
v -0.01 -0.01 0.004968074
v -0.01 0.01 0
v -0.01 0.006460564 0.0003111143
v -0.01 -0.01 0.0003111143
v -0.01 -0.01 0
v -0.006590678 -0.01 0.008807035
v -0.006590678 -0.009799235 0.008807035
v -0.006590678 -0.009799235 0.01287334
v -0.006590678 -0.01 0.01287334
v 0.006354864 -0.01 0.008571221
v 0.006354864 -0.009799235 0.008571221
v -0.006354864 -0.009799235 0.008571221
v -0.006354864 -0.01 0.008571221
v -0.01 -0.01 0.006464585
v -0.01 -0.01 0.004968074
v 0.006590678 -0.01 0.004968074
v 0.01 -0.01 0.006464585
v 0.006590678 -0.01 0.0003111143
v -0.01 -0.01 0.007605394
v 0.01 -0.01 0.007605394
v 0.01 -0.01 0
v -0.01 -0.01 0.0003111143
v -0.01 -0.01 0
v -0.006354864 -0.01 0.008571221
v -0.006427734 -0.01 0.008582763
v -0.006493472 -0.01 0.008616258
v -0.006545641 -0.01 0.008668428
v -0.01 -0.01 0.01521079
v -0.006579136 -0.01 0.008734166
v -0.006590678 -0.01 0.008807035
v -0.006590678 -0.01 0.01287334
v 0.006354864 -0.01 0.008571221
v -0.006579136 -0.01 0.01294621
v 0.006427734 -0.01 0.008582763
v -0.006545641 -0.01 0.01301195
v 0.006493472 -0.01 0.008616258
v 0.006545641 -0.01 0.008668428
v 0.006579136 -0.01 0.008734166
v 0.01 -0.01 0.01521079
v 0.006590678 -0.01 0.008807035
v -0.006493472 -0.01 0.01306411
v 0.006590678 -0.01 0.01287334
v -0.006427734 -0.01 0.01309761
v -0.006354864 -0.01 0.01310915
v 0.006354864 -0.01 0.01310915
v 0.006579136 -0.01 0.01294621
v 0.006427734 -0.01 0.01309761
v 0.006545641 -0.01 0.01301195
v 0.006493472 -0.01 0.01306411
v -0.01011547 -0.01011547 -0.0001154701
v 0.01011547 -0.01011547 -0.0001154701
v 0.01011547 0.01011547 -0.0001154701
v -0.01011547 0.01011547 -0.0001154701
v 0.01013333 0.01013333 0.007538725
v 0.01013333 -0.01013333 0.007538729
v 0.01011547 -0.01011547 0.01532626
v 0.01011547 0.01011547 0.01532626
v -0.01011547 0.01011547 0.01532626
v 0.01011547 0.01011547 0.01532626
v 0.01011547 -0.01011547 0.01532626
v -0.01011547 -0.01011547 0.01532626
v -0.01013333 0.01013333 0.007538728
v 0.01013333 0.01013333 0.007538725
v 0.01011547 0.01011547 0.01532626
v -0.01011547 0.01011547 0.01532626
v -0.01013333 -0.01013333 0.007538728
v -0.01013333 0.01013333 0.007538728
v -0.01011547 0.01011547 0.01532626
v -0.01011547 -0.01011547 0.01532626
v -0.006274706 -0.0102 0.008571221
v -0.006274706 -0.01040076 0.008571221
v 0.006274706 -0.01040076 0.008571221
v 0.006274706 -0.0102 0.008571221
v -0.01013333 -0.01013333 0.007538728
v 0.01013333 -0.01013333 0.007538729
v 0.009997958 -0.007687014 0.007405395
v 0.007511388 -0.007687014 0.007405395
v 0.007511388 -0.003997957 0.007405395
v 0.007511388 -0.0003088999 0.007405395
v 0.007511388 0.003380157 0.007405395
v 0.007511388 0.007069214 0.007405395
v -0.01013333 0.01013333 0.007538728
v 0.009997958 0.007069214 0.007405395
v 0.01013333 0.01013333 0.007538725
v 0.009997958 -0.007687014 0.007405395
v 0.01013333 -0.01013333 0.007538729
v 0.01013333 0.01013333 0.007538725
v 0.009997958 0.007069214 0.007405395
v 0.006590678 -0.01 0.0003111143
v 0.006590678 -0.01005809 0.0003111143
v -0.01 -0.01 0.0003111143
v -0.01 -0.01 0.0003111143
v -0.01005808 0.006460564 0.0003111143
v -0.01 0.006460564 0.0003111143
v 0.01011547 0.01011547 -0.0001154701
v 0.01011547 -0.01011547 -0.0001154701
v 0.01014142 -0.01014142 0.006464585
v 0.01014142 0.01014142 0.006464585
v -0.01011547 0.01011547 -0.0001154701
v 0.01011547 0.01011547 -0.0001154701
v 0.01014142 0.01014142 0.006464585
v -0.01014142 0.01014142 0.006464585
v 0.01 0.01 0
v 0.01 0.01 0.0003208098
v -0.01 0.01 0.0003208098
v -0.01 0.01 0
v -0.006408015 -0.0102 0.01292649
v -0.006408015 -0.01040076 0.01292649
v 0.006408015 -0.01040076 0.01292649
v 0.006408015 -0.0102 0.01292649
v 0.006408015 -0.01 0.01292649
v -0.006408015 -0.01 0.01292649
v -0.006408015 -0.009799235 0.01292649
v 0.006408015 -0.009799235 0.01292649
v -0.006408015 -0.0102 0.008753885
v -0.006408015 -0.01040076 0.008753885
v -0.006408015 -0.01040076 0.01292649
v -0.006408015 -0.0102 0.01292649
v -0.006408015 -0.01 0.01292649
v -0.006408015 -0.01 0.008753885
v -0.006408015 -0.009799235 0.008753885
v -0.006408015 -0.009799235 0.01292649
v 0.007511388 0.007069214 0.007605394
v 0.007511388 0.007069214 0.007405395
v 0.007511388 0.003380157 0.007405395
v 0.007511388 0.003380157 0.007605394
v 0.007511388 -0.0003088999 0.007405395
v 0.007511388 -0.0003088999 0.007605394
v 0.007511388 -0.003997957 0.007405395
v 0.007511388 -0.003997957 0.007605394
v 0.007511388 -0.007687014 0.007405395
v 0.007511388 -0.007687014 0.007605394
v 0.006408015 -0.01 0.008753885
v 0.006408015 -0.009799235 0.008753885
v 0.006408015 -0.009799235 0.01292649
v 0.006408015 -0.01 0.01292649
v 0.006408015 -0.0102 0.008753885
v 0.006408015 -0.0102 0.01292649
v 0.006408015 -0.01040076 0.008753885
v 0.006408015 -0.01040076 0.01292649
v 0.006274706 -0.0102 0.01310915
v 0.006274706 -0.01040076 0.01310915
v -0.006274706 -0.01040076 0.01310915
v -0.006274706 -0.0102 0.01310915
v -0.0102 0.006460564 0.004968074
v -0.01028764 0.006460409 0.004968138
v -0.01028764 0.006460564 0.0003111143
v -0.0102 0.006460564 0.0003111143
v 0.009997969 -0.007687014 0.007605394
v 0.009997958 -0.007687014 0.007405395
v 0.009997958 0.007069214 0.007405395
v 0.009997969 0.007069214 0.007605394
v -0.01058339 0.01009834 0.007482246
v -0.01065161 0.009755362 0.007482246
v -0.01065873 0.009762482 0.006536664
v -0.01059051 0.01010546 0.006536664
v 0.01009834 -0.01058339 0.007482246
v 0.01038911 -0.01038911 0.007482247
v 0.01039623 -0.01039623 0.006536663
v 0.01010546 -0.01059051 0.006536664
v -0.01009834 -0.01058339 0.007482246
v -0.009755362 -0.01065161 0.007482246
v -0.009762482 -0.01065873 0.006536664
v -0.01010546 -0.01059051 0.006536664
v -0.01058339 -0.01009834 0.007482246
v -0.01038911 -0.01038911 0.007482246
v -0.01039623 -0.01039623 0.006536663
v -0.01059051 -0.01010546 0.006536664
v -0.01011547 -0.01011547 -0.0001154701
v -0.0101328 -0.0101328 0.0001694623
v 0.006590678 -0.0102 0.0003111143
v 0.01011547 -0.01011547 -0.0001154701
v 0.01014142 -0.01014142 0.006464585
v 0.006590678 -0.0102 0.004968074
v -0.00996252 -0.01014205 0.004968074
v -0.009962518 -0.01014142 0.006464585
v -0.01065161 -0.009755362 0.007482246
v -0.01058339 -0.01009834 0.007482246
v -0.01059051 -0.01010546 0.006536664
v -0.01065873 -0.009762482 0.006536664
v -0.01038911 -0.01038911 0.007482246
v -0.01009834 -0.01058339 0.007482246
v -0.01010546 -0.01059051 0.006536664
v -0.01039623 -0.01039623 0.006536663
v 0.009762482 -0.01065873 0.006536664
v -0.009762482 -0.01065873 0.006536664
v -0.009755362 -0.01065161 0.007482246
v 0.009755362 -0.01065161 0.007482246
v 0.009755362 -0.01065161 0.007482246
v 0.01009834 -0.01058339 0.007482246
v 0.01010546 -0.01059051 0.006536664
v 0.009762482 -0.01065873 0.006536664
v 0.01038911 -0.01038911 0.007482247
v 0.01058339 -0.01009834 0.007482246
v 0.01059051 -0.01010546 0.006536664
v 0.01039623 -0.01039623 0.006536663
v 0.01065873 0.009762482 0.006536664
v 0.01065873 -0.009762482 0.006536664
v 0.01065161 -0.009755362 0.007482246
v 0.01065161 0.00975536 0.007482243
v -0.009755362 0.01065161 0.007482246
v -0.01009834 0.01058339 0.007482246
v -0.01010546 0.01059051 0.006536664
v -0.009762482 0.01065873 0.006536664
v -0.01038911 0.01038911 0.007482246
v -0.01058339 0.01009834 0.007482246
v -0.01059051 0.01010546 0.006536664
v -0.01039623 0.01039623 0.006536663
v -0.01009834 0.01058339 0.007482246
v -0.01038911 0.01038911 0.007482246
v -0.01039623 0.01039623 0.006536663
v -0.01010546 0.01059051 0.006536664
v 0.01065161 0.00975536 0.007482243
v 0.01058339 0.01009834 0.007482243
v 0.01059051 0.01010546 0.006536664
v 0.01065873 0.009762482 0.006536664
v 0.01038911 0.01038911 0.007482244
v 0.01009834 0.01058339 0.007482243
v 0.01010546 0.01059051 0.006536664
v 0.01039623 0.01039623 0.006536664
v 0.01058339 0.01009834 0.007482243
v 0.01038911 0.01038911 0.007482244
v 0.01039623 0.01039623 0.006536664
v 0.01059051 0.01010546 0.006536664
v -0.009762482 0.01065873 0.006536664
v 0.009762481 0.01065873 0.006536664
v 0.00975536 0.01065161 0.007482243
v -0.009755362 0.01065161 0.007482246
v -0.01065873 -0.009762482 0.006536664
v -0.01065873 0.009762482 0.006536664
v -0.01065161 0.009755362 0.007482246
v -0.01065161 -0.009755362 0.007482246
v 0.01058339 -0.01009834 0.007482246
v 0.01065161 -0.009755362 0.007482246
v 0.01065873 -0.009762482 0.006536664
v 0.01059051 -0.01010546 0.006536664
v 0.01009834 0.01058339 0.007482243
v 0.00975536 0.01065161 0.007482243
v 0.009762481 0.01065873 0.006536664
v 0.01010546 0.01059051 0.006536664
v -0.01 -0.01 0.0003208098
v -0.01 0.01 0.0003208098
v 0.01 0.01 0.0003208098
v 0.01 -0.01 0.0003208098
v -0.01 -0.01 0.0003111143
v -0.01005347 -0.01005347 0.0003003317
v -0.01009356 0.006460564 0.0003111143
v -0.01005808 0.006460564 0.0003111143
v -0.01005347 -0.01005347 0.0003003317
v -0.01009748 -0.01009748 0.0002696254
v -0.01012904 0.006460564 0.0003111143
v -0.01009356 0.006460564 0.0003111143
v -0.01009748 -0.01009748 0.0002696254
v -0.01012534 -0.01012534 0.0002236702
v -0.01016452 0.006460564 0.0003111143
v -0.01012904 0.006460564 0.0003111143
v -0.01012534 -0.01012534 0.0002236702
v -0.0101328 -0.0101328 0.0001694623
v -0.0102 0.006460564 0.0003111143
v -0.01016452 0.006460564 0.0003111143
v 0.006590678 -0.01005809 0.0003111143
v 0.006590678 -0.01009357 0.0003111143
v -0.01005347 -0.01005347 0.0003003317
v -0.01 -0.01 0.0003111143
v 0.006590678 -0.01009357 0.0003111143
v 0.006590678 -0.01012904 0.0003111143
v -0.01009748 -0.01009748 0.0002696254
v -0.01005347 -0.01005347 0.0003003317
v 0.006590678 -0.01012904 0.0003111143
v 0.006590678 -0.01016452 0.0003111143
v -0.01012534 -0.01012534 0.0002236702
v -0.01009748 -0.01009748 0.0002696254
v 0.006590678 -0.01016452 0.0003111143
v 0.006590678 -0.0102 0.0003111143
v -0.0101328 -0.0101328 0.0001694623
v -0.01012534 -0.01012534 0.0002236702
v -0.0102 0.006357401 0.0003111144
v -0.01028764 0.006357401 0.0003111144
v -0.01028764 0.006387379 0.004895273
v -0.0102 0.006387535 0.004895208
v -0.01 0.006387616 0.004895126
v -0.01016452 0.006357401 0.0003111144
v -0.01012904 0.006357401 0.0003111144
v -0.01009356 0.006357401 0.0003111144
v -0.01005808 0.006357401 0.0003111144
v -0.01 0.006357401 0.0003111144
v -0.009912361 0.006357401 0.0003111144
v -0.009912361 0.006387616 0.004895126
v 0.01 -0.01 0
v 0.01 -0.01 0.0003208098
v 0.01 0.01 0.0003208098
v 0.01 0.01 0
v -0.01 -0.01 0
v -0.01 -0.01 0.0003208098
v 0.01 -0.01 0.0003208098
v 0.01 -0.01 0
v -0.006590678 -0.0102 0.01279318
v -0.006590678 -0.01040076 0.01279318
v -0.006590678 -0.01040076 0.008887193
v -0.006590678 -0.0102 0.008887193
v 0.006590678 -0.01 0.01287334
v 0.006590678 -0.009799235 0.01287334
v 0.006590678 -0.009799235 0.008807035
v 0.006590678 -0.01 0.008807035
v -0.006408015 -0.01 0.008753885
v -0.006408015 -0.009799235 0.008753885
v 0.006408015 -0.009799235 0.008753885
v 0.006408015 -0.01 0.008753885
v 0.006590678 -0.0102 0.008887193
v 0.006590678 -0.01040076 0.008887193
v 0.006590678 -0.01040076 0.01279318
v 0.006590678 -0.0102 0.01279318
v 0.006408015 -0.0102 0.008753885
v 0.006408015 -0.01040076 0.008753885
v -0.006408015 -0.01040076 0.008753885
v -0.006408015 -0.0102 0.008753885
v 0.006408015 -0.01 0.008753885
v -0.006408015 -0.01 0.008753885
v -0.006354864 -0.01 0.01310915
v -0.006354864 -0.009799235 0.01310915
v 0.006354864 -0.009799235 0.01310915
v 0.006354864 -0.01 0.01310915
v 0.006354864 -0.01 0.008571221
v 0.006427734 -0.01 0.008582763
v 0.006427734 -0.009799235 0.008582763
v 0.006354864 -0.009799235 0.008571221
v 0.006427734 -0.01 0.008582763
v 0.006493472 -0.01 0.008616258
v 0.006493472 -0.009799235 0.008616258
v 0.006427734 -0.009799235 0.008582763
v 0.006493472 -0.01 0.008616258
v 0.006545641 -0.01 0.008668428
v 0.006545641 -0.009799235 0.008668428
v 0.006493472 -0.009799235 0.008616258
v 0.006545641 -0.01 0.008668428
v 0.006579136 -0.01 0.008734166
v 0.006579136 -0.009799235 0.008734166
v 0.006545641 -0.009799235 0.008668428
v 0.006579136 -0.01 0.008734166
v 0.006590678 -0.01 0.008807035
v 0.006590678 -0.009799235 0.008807035
v 0.006579136 -0.009799235 0.008734166
v -0.006590678 -0.009799235 0.01287334
v -0.006579136 -0.009799235 0.01294621
v -0.006579136 -0.01 0.01294621
v -0.006590678 -0.01 0.01287334
v -0.006579136 -0.009799235 0.01294621
v -0.006545641 -0.009799235 0.01301195
v -0.006545641 -0.01 0.01301195
v -0.006579136 -0.01 0.01294621
v -0.006545641 -0.009799235 0.01301195
v -0.006493472 -0.009799235 0.01306411
v -0.006493472 -0.01 0.01306411
v -0.006545641 -0.01 0.01301195
v -0.006493472 -0.009799235 0.01306411
v -0.006427734 -0.009799235 0.01309761
v -0.006427734 -0.01 0.01309761
v -0.006493472 -0.01 0.01306411
v -0.006427734 -0.009799235 0.01309761
v -0.006354864 -0.009799235 0.01310915
v -0.006354864 -0.01 0.01310915
v -0.006427734 -0.01 0.01309761
v 0.006590678 -0.01 0.01287334
v 0.006579136 -0.01 0.01294621
v 0.006579136 -0.009799235 0.01294621
v 0.006590678 -0.009799235 0.01287334
v 0.006579136 -0.01 0.01294621
v 0.006545641 -0.01 0.01301195
v 0.006545641 -0.009799235 0.01301195
v 0.006579136 -0.009799235 0.01294621
v 0.006545641 -0.01 0.01301195
v 0.006493472 -0.01 0.01306411
v 0.006493472 -0.009799235 0.01306411
v 0.006545641 -0.009799235 0.01301195
v 0.006493472 -0.01 0.01306411
v 0.006427734 -0.01 0.01309761
v 0.006427734 -0.009799235 0.01309761
v 0.006493472 -0.009799235 0.01306411
v 0.006427734 -0.01 0.01309761
v 0.006354864 -0.01 0.01310915
v 0.006354864 -0.009799235 0.01310915
v 0.006427734 -0.009799235 0.01309761
v -0.006590678 -0.01 0.008807035
v -0.006579136 -0.01 0.008734166
v -0.006579136 -0.009799235 0.008734166
v -0.006590678 -0.009799235 0.008807035
v -0.006579136 -0.01 0.008734166
v -0.006545641 -0.01 0.008668428
v -0.006545641 -0.009799235 0.008668428
v -0.006579136 -0.009799235 0.008734166
v -0.006545641 -0.01 0.008668428
v -0.006493472 -0.01 0.008616258
v -0.006493472 -0.009799235 0.008616258
v -0.006545641 -0.009799235 0.008668428
v -0.006493472 -0.01 0.008616258
v -0.006427734 -0.01 0.008582763
v -0.006427734 -0.009799235 0.008582763
v -0.006493472 -0.009799235 0.008616258
v -0.006427734 -0.01 0.008582763
v -0.006354864 -0.01 0.008571221
v -0.006354864 -0.009799235 0.008571221
v -0.006427734 -0.009799235 0.008582763
v 0.006372346 -0.0102 0.008586686
v 0.01013333 -0.01013333 0.007538729
v 0.006274706 -0.0102 0.008571221
v -0.006274706 -0.0102 0.008571221
v -0.01013333 -0.01013333 0.007538728
v -0.006372346 -0.0102 0.008586686
v -0.006460429 -0.0102 0.008631567
v -0.006530332 -0.0102 0.008701469
v -0.006575212 -0.0102 0.008789552
v 0.01013333 -0.01013333 0.007538729
v 0.006372346 -0.0102 0.008586686
v 0.006460429 -0.0102 0.008631567
v 0.006530332 -0.0102 0.008701469
v 0.01011547 -0.01011547 0.01532626
v 0.006575212 -0.0102 0.008789552
v 0.006590678 -0.0102 0.008887193
v 0.006590678 -0.0102 0.01279318
v 0.006575212 -0.0102 0.01289082
v 0.006530332 -0.0102 0.0129789
v 0.006460429 -0.0102 0.01304881
v 0.006372346 -0.0102 0.01309369
v 0.006274706 -0.0102 0.01310915
v -0.006274706 -0.0102 0.01310915
v -0.01011547 -0.01011547 0.01532626
v -0.006372346 -0.0102 0.01309369
v -0.006460429 -0.0102 0.01304881
v -0.006530332 -0.0102 0.0129789
v -0.006575212 -0.0102 0.01289082
v -0.006590678 -0.0102 0.01279318
v -0.006590678 -0.0102 0.008887193
v -0.006575212 -0.0102 0.008789552
v -0.01013333 -0.01013333 0.007538728
v -0.006274706 -0.01040076 0.01310915
v -0.006372346 -0.01040076 0.01309369
v -0.006372346 -0.0102 0.01309369
v -0.006274706 -0.0102 0.01310915
v -0.006372346 -0.01040076 0.01309369
v -0.006460429 -0.01040076 0.01304881
v -0.006460429 -0.0102 0.01304881
v -0.006372346 -0.0102 0.01309369
v -0.006460429 -0.01040076 0.01304881
v -0.006530332 -0.01040076 0.0129789
v -0.006530332 -0.0102 0.0129789
v -0.006460429 -0.0102 0.01304881
v -0.006530332 -0.01040076 0.0129789
v -0.006575212 -0.01040076 0.01289082
v -0.006575212 -0.0102 0.01289082
v -0.006530332 -0.0102 0.0129789
v -0.006575212 -0.01040076 0.01289082
v -0.006590678 -0.01040076 0.01279318
v -0.006590678 -0.0102 0.01279318
v -0.006575212 -0.0102 0.01289082
v -0.006590678 -0.01040076 0.008887193
v -0.006575212 -0.01040076 0.008789552
v -0.006575212 -0.0102 0.008789552
v -0.006590678 -0.0102 0.008887193
v -0.006575212 -0.01040076 0.008789552
v -0.006530332 -0.01040076 0.008701469
v -0.006530332 -0.0102 0.008701469
v -0.006575212 -0.0102 0.008789552
v -0.006530332 -0.01040076 0.008701469
v -0.006460429 -0.01040076 0.008631567
v -0.006460429 -0.0102 0.008631567
v -0.006530332 -0.0102 0.008701469
v -0.006460429 -0.01040076 0.008631567
v -0.006372346 -0.01040076 0.008586686
v -0.006372346 -0.0102 0.008586686
v -0.006460429 -0.0102 0.008631567
v -0.006372346 -0.01040076 0.008586686
v -0.006274706 -0.01040076 0.008571221
v -0.006274706 -0.0102 0.008571221
v -0.006372346 -0.0102 0.008586686
v 0.006590678 -0.0102 0.008887193
v 0.006575212 -0.0102 0.008789552
v 0.006575212 -0.01040076 0.008789552
v 0.006590678 -0.01040076 0.008887193
v 0.006575212 -0.0102 0.008789552
v 0.006530332 -0.0102 0.008701469
v 0.006530332 -0.01040076 0.008701469
v 0.006575212 -0.01040076 0.008789552
v 0.006530332 -0.0102 0.008701469
v 0.006460429 -0.0102 0.008631567
v 0.006460429 -0.01040076 0.008631567
v 0.006530332 -0.01040076 0.008701469
v 0.006460429 -0.0102 0.008631567
v 0.006372346 -0.0102 0.008586686
v 0.006372346 -0.01040076 0.008586686
v 0.006460429 -0.01040076 0.008631567
v 0.006372346 -0.0102 0.008586686
v 0.006274706 -0.0102 0.008571221
v 0.006274706 -0.01040076 0.008571221
v 0.006372346 -0.01040076 0.008586686
v 0.006590678 -0.01040076 0.01279318
v 0.006575212 -0.01040076 0.01289082
v 0.006575212 -0.0102 0.01289082
v 0.006590678 -0.0102 0.01279318
v 0.006575212 -0.01040076 0.01289082
v 0.006530332 -0.01040076 0.0129789
v 0.006530332 -0.0102 0.0129789
v 0.006575212 -0.0102 0.01289082
v 0.006530332 -0.01040076 0.0129789
v 0.006460429 -0.01040076 0.01304881
v 0.006460429 -0.0102 0.01304881
v 0.006530332 -0.0102 0.0129789
v 0.006460429 -0.01040076 0.01304881
v 0.006372346 -0.01040076 0.01309369
v 0.006372346 -0.0102 0.01309369
v 0.006460429 -0.0102 0.01304881
v 0.006372346 -0.01040076 0.01309369
v 0.006274706 -0.01040076 0.01310915
v 0.006274706 -0.0102 0.01310915
v 0.006372346 -0.0102 0.01309369
v -0.00996252 -0.01014205 0.004968074
v -0.01001492 -0.01001492 0.004968074
v -0.01001783 -0.0101331 0.004968074
v -0.0100678 -0.01010751 0.004968074
v -0.01010751 -0.01006779 0.004968074
v -0.0101331 -0.01001783 0.004968074
v -0.01014205 -0.00996252 0.004968074
v -0.01014142 -0.009962518 0.006464585
v -0.01013267 -0.0100178 0.006464585
v -0.0101331 -0.01001783 0.004968074
v -0.01014205 -0.00996252 0.004968074
v -0.01013267 -0.0100178 0.006464585
v -0.01010725 -0.01006768 0.006464585
v -0.01010751 -0.01006779 0.004968074
v -0.0101331 -0.01001783 0.004968074
v -0.01010725 -0.01006768 0.006464585
v -0.01006768 -0.01010725 0.006464585
v -0.0100678 -0.01010751 0.004968074
v -0.01010751 -0.01006779 0.004968074
v -0.01006768 -0.01010725 0.006464585
v -0.0100178 -0.01013267 0.006464585
v -0.01001783 -0.0101331 0.004968074
v -0.0100678 -0.01010751 0.004968074
v -0.0100178 -0.01013267 0.006464585
v -0.009962518 -0.01014142 0.006464585
v -0.00996252 -0.01014205 0.004968074
v -0.01001783 -0.0101331 0.004968074
v -0.01014142 -0.009962518 0.006464585
v -0.01014205 -0.00996252 0.004968074
v -0.0102 0.006460564 0.004968074
v -0.01014142 0.01014142 0.006464585
v -0.0102 0.006460564 0.0003111143
v -0.01011547 0.01011547 -0.0001154701
v -0.01011547 -0.01011547 -0.0001154701
v -0.0101328 -0.0101328 0.0001694623
v -0.01065161 -0.009755362 0.007482246
v -0.01064768 -0.009757983 0.007502052
v -0.01057992 -0.01009846 0.007502051
v -0.01058339 -0.01009834 0.007482246
v -0.01064768 -0.009757983 0.007502052
v -0.01063655 -0.009765893 0.007519806
v -0.01057015 -0.01009909 0.007519803
v -0.01057992 -0.01009846 0.007502051
v -0.01063655 -0.009765893 0.007519806
v -0.01061933 -0.009778317 0.00753377
v -0.01055504 -0.01010018 0.007533764
v -0.01057015 -0.01009909 0.007519803
v -0.01061933 -0.009778317 0.00753377
v -0.01059769 -0.009794037 0.007542575
v -0.01053606 -0.01010162 0.007542566
v -0.01055504 -0.01010018 0.007533764
v -0.01059769 -0.009794037 0.007542575
v -0.01051507 -0.01010327 0.00754535
v -0.01053606 -0.01010162 0.007542566
v -0.01057376 -0.009811518 0.007545361
v -0.01059769 0.009794037 0.007542575
v -0.01057376 0.009811518 0.007545361
v -0.01053606 0.01010162 0.007542566
v -0.01051507 0.01010327 0.00754535
v -0.01058339 -0.01009834 0.007482246
v -0.01057992 -0.01009846 0.007502051
v -0.01038706 -0.01038706 0.007502052
v -0.01038911 -0.01038911 0.007482246
v -0.01057992 -0.01009846 0.007502051
v -0.01057015 -0.01009909 0.007519803
v -0.01038141 -0.01038141 0.007519802
v -0.01038706 -0.01038706 0.007502052
v -0.01057015 -0.01009909 0.007519803
v -0.01055504 -0.01010018 0.007533764
v -0.01037272 -0.01037272 0.00753376
v -0.01038141 -0.01038141 0.007519802
v -0.01055504 -0.01010018 0.007533764
v -0.01053606 -0.01010162 0.007542566
v -0.01036184 -0.01036184 0.00754256
v -0.01037272 -0.01037272 0.00753376
v -0.01053606 -0.01010162 0.007542566
v -0.01051507 -0.01010327 0.00754535
v -0.01034982 -0.01034982 0.00754534
v -0.01036184 -0.01036184 0.00754256
v -0.01038911 -0.01038911 0.007482246
v -0.01038706 -0.01038706 0.007502052
v -0.01009846 -0.01057992 0.007502051
v -0.01009834 -0.01058339 0.007482246
v -0.01038706 -0.01038706 0.007502052
v -0.01038141 -0.01038141 0.007519802
v -0.01009909 -0.01057015 0.007519803
v -0.01009846 -0.01057992 0.007502051
v -0.01038141 -0.01038141 0.007519802
v -0.01037272 -0.01037272 0.00753376
v -0.01010018 -0.01055504 0.007533764
v -0.01009909 -0.01057015 0.007519803
v -0.01037272 -0.01037272 0.00753376
v -0.01036184 -0.01036184 0.00754256
v -0.01010162 -0.01053606 0.007542566
v -0.01010018 -0.01055504 0.007533764
v -0.01036184 -0.01036184 0.00754256
v -0.01034982 -0.01034982 0.00754534
v -0.01010327 -0.01051507 0.00754535
v -0.01010162 -0.01053606 0.007542566
v -0.01009834 -0.01058339 0.007482246
v -0.01009846 -0.01057992 0.007502051
v -0.009757983 -0.01064768 0.007502052
v -0.009755362 -0.01065161 0.007482246
v -0.01009846 -0.01057992 0.007502051
v -0.01009909 -0.01057015 0.007519803
v -0.009765893 -0.01063655 0.007519806
v -0.009757983 -0.01064768 0.007502052
v -0.01009909 -0.01057015 0.007519803
v -0.01010018 -0.01055504 0.007533764
v -0.009778317 -0.01061933 0.00753377
v -0.009765893 -0.01063655 0.007519806
v -0.01010018 -0.01055504 0.007533764
v -0.01010162 -0.01053606 0.007542566
v -0.009794037 -0.01059769 0.007542575
v -0.009778317 -0.01061933 0.00753377
v -0.01010162 -0.01053606 0.007542566
v -0.01010327 -0.01051507 0.00754535
v -0.009811518 -0.01057376 0.007545361
v -0.009794037 -0.01059769 0.007542575
v 0.009811518 -0.01057376 0.007545362
v 0.009794037 -0.01059769 0.007542576
v 0.01010327 -0.01051507 0.007545351
v 0.01010162 -0.01053606 0.007542568
v 0.009755362 -0.01065161 0.007482246
v 0.009757983 -0.01064768 0.007502053
v 0.01009846 -0.01057992 0.007502052
v 0.01009834 -0.01058339 0.007482246
v 0.009757983 -0.01064768 0.007502053
v 0.009765893 -0.01063655 0.007519807
v 0.01009909 -0.01057015 0.007519805
v 0.01009846 -0.01057992 0.007502052
v 0.009765893 -0.01063655 0.007519807
v 0.009778317 -0.01061933 0.007533771
v 0.01010018 -0.01055504 0.007533765
v 0.01009909 -0.01057015 0.007519805
v 0.009778317 -0.01061933 0.007533771
v 0.009794037 -0.01059769 0.007542576
v 0.01010162 -0.01053606 0.007542568
v 0.01010018 -0.01055504 0.007533765
v 0.01009834 -0.01058339 0.007482246
v 0.01009846 -0.01057992 0.007502052
v 0.01038706 -0.01038706 0.007502052
v 0.01038911 -0.01038911 0.007482247
v 0.01009846 -0.01057992 0.007502052
v 0.01009909 -0.01057015 0.007519805
v 0.01038141 -0.01038141 0.007519803
v 0.01038706 -0.01038706 0.007502052
v 0.01009909 -0.01057015 0.007519805
v 0.01010018 -0.01055504 0.007533765
v 0.01037272 -0.01037272 0.007533762
v 0.01038141 -0.01038141 0.007519803
v 0.01010018 -0.01055504 0.007533765
v 0.01010162 -0.01053606 0.007542568
v 0.01036184 -0.01036184 0.007542562
v 0.01037272 -0.01037272 0.007533762
v 0.01010162 -0.01053606 0.007542568
v 0.01010327 -0.01051507 0.007545351
v 0.01034982 -0.01034982 0.007545341
v 0.01036184 -0.01036184 0.007542562
v 0.01038911 -0.01038911 0.007482247
v 0.01038706 -0.01038706 0.007502052
v 0.01057992 -0.01009846 0.007502052
v 0.01058339 -0.01009834 0.007482246
v 0.01038706 -0.01038706 0.007502052
v 0.01038141 -0.01038141 0.007519803
v 0.01057015 -0.01009909 0.007519805
v 0.01057992 -0.01009846 0.007502052
v 0.01038141 -0.01038141 0.007519803
v 0.01037272 -0.01037272 0.007533762
v 0.01055504 -0.01010018 0.007533765
v 0.01057015 -0.01009909 0.007519805
v 0.01037272 -0.01037272 0.007533762
v 0.01036184 -0.01036184 0.007542562
v 0.01053606 -0.01010162 0.007542568
v 0.01055504 -0.01010018 0.007533765
v 0.01036184 -0.01036184 0.007542562
v 0.01034982 -0.01034982 0.007545341
v 0.01051507 -0.01010327 0.007545351
v 0.01053606 -0.01010162 0.007542568
v 0.01058339 -0.01009834 0.007482246
v 0.01057992 -0.01009846 0.007502052
v 0.01064768 -0.009757983 0.007502053
v 0.01065161 -0.009755362 0.007482246
v 0.01057992 -0.01009846 0.007502052
v 0.01057015 -0.01009909 0.007519805
v 0.01063655 -0.009765893 0.007519807
v 0.01064768 -0.009757983 0.007502053
v 0.01057015 -0.01009909 0.007519805
v 0.01055504 -0.01010018 0.007533765
v 0.01061933 -0.009778317 0.007533771
v 0.01063655 -0.009765893 0.007519807
v 0.01055504 -0.01010018 0.007533765
v 0.01053606 -0.01010162 0.007542568
v 0.01059769 -0.009794037 0.007542576
v 0.01061933 -0.009778317 0.007533771
v 0.01053606 -0.01010162 0.007542568
v 0.01051507 -0.01010327 0.007545351
v 0.01057376 -0.009811518 0.007545362
v 0.01059769 -0.009794037 0.007542576
v 0.01057376 0.009811516 0.007545359
v 0.01059769 0.009794039 0.007542572
v 0.01051507 0.01010327 0.007545347
v 0.01053605 0.01010162 0.007542564
v -0.009755362 0.01065161 0.007482246
v -0.009757983 0.01064768 0.007502052
v -0.01009846 0.01057992 0.007502051
v -0.01009834 0.01058339 0.007482246
v -0.009757983 0.01064768 0.007502052
v -0.009765893 0.01063655 0.007519806
v -0.01009909 0.01057015 0.007519803
v -0.01009846 0.01057992 0.007502051
v -0.009765893 0.01063655 0.007519806
v -0.009778317 0.01061933 0.00753377
v -0.01010018 0.01055504 0.007533764
v -0.01009909 0.01057015 0.007519803
v -0.009778317 0.01061933 0.00753377
v -0.009794037 0.01059769 0.007542575
v -0.01010162 0.01053606 0.007542566
v -0.01010018 0.01055504 0.007533764
v -0.009794037 0.01059769 0.007542575
v -0.01010327 0.01051507 0.00754535
v -0.01010162 0.01053606 0.007542566
v -0.009811518 0.01057376 0.007545361
v 0.009794039 0.01059769 0.007542572
v 0.009811516 0.01057376 0.007545359
v 0.01010162 0.01053605 0.007542564
v 0.01010327 0.01051507 0.007545347
v -0.01009834 0.01058339 0.007482246
v -0.01009846 0.01057992 0.007502051
v -0.01038706 0.01038706 0.007502052
v -0.01038911 0.01038911 0.007482246
v -0.01009846 0.01057992 0.007502051
v -0.01009909 0.01057015 0.007519803
v -0.01038141 0.01038141 0.007519802
v -0.01038706 0.01038706 0.007502052
v -0.01009909 0.01057015 0.007519803
v -0.01010018 0.01055504 0.007533764
v -0.01037272 0.01037272 0.00753376
v -0.01038141 0.01038141 0.007519802
v -0.01010018 0.01055504 0.007533764
v -0.01010162 0.01053606 0.007542566
v -0.01036184 0.01036184 0.00754256
v -0.01037272 0.01037272 0.00753376
v -0.01010162 0.01053606 0.007542566
v -0.01010327 0.01051507 0.00754535
v -0.01034982 0.01034982 0.00754534
v -0.01036184 0.01036184 0.00754256
v -0.01038911 0.01038911 0.007482246
v -0.01038706 0.01038706 0.007502052
v -0.01057992 0.01009846 0.007502051
v -0.01058339 0.01009834 0.007482246
v -0.01038706 0.01038706 0.007502052
v -0.01038141 0.01038141 0.007519802
v -0.01057015 0.01009909 0.007519803
v -0.01057992 0.01009846 0.007502051
v -0.01038141 0.01038141 0.007519802
v -0.01037272 0.01037272 0.00753376
v -0.01055504 0.01010018 0.007533764
v -0.01057015 0.01009909 0.007519803
v -0.01037272 0.01037272 0.00753376
v -0.01036184 0.01036184 0.00754256
v -0.01053606 0.01010162 0.007542566
v -0.01055504 0.01010018 0.007533764
v -0.01036184 0.01036184 0.00754256
v -0.01034982 0.01034982 0.00754534
v -0.01051507 0.01010327 0.00754535
v -0.01053606 0.01010162 0.007542566
v -0.01058339 0.01009834 0.007482246
v -0.01057992 0.01009846 0.007502051
v -0.01064768 0.009757983 0.007502052
v -0.01065161 0.009755362 0.007482246
v -0.01057992 0.01009846 0.007502051
v -0.01057015 0.01009909 0.007519803
v -0.01063655 0.009765893 0.007519806
v -0.01064768 0.009757983 0.007502052
v -0.01057015 0.01009909 0.007519803
v -0.01055504 0.01010018 0.007533764
v -0.01061933 0.009778317 0.00753377
v -0.01063655 0.009765893 0.007519806
v -0.01055504 0.01010018 0.007533764
v -0.01053606 0.01010162 0.007542566
v -0.01059769 0.009794037 0.007542575
v -0.01061933 0.009778317 0.00753377
v 0.01065161 0.00975536 0.007482243
v 0.01064768 0.009757983 0.00750205
v 0.01057992 0.01009846 0.007502048
v 0.01058339 0.01009834 0.007482243
v 0.01064768 0.009757983 0.00750205
v 0.01063655 0.009765894 0.007519803
v 0.01057015 0.01009909 0.007519801
v 0.01057992 0.01009846 0.007502048
v 0.01063655 0.009765894 0.007519803
v 0.01061933 0.009778318 0.007533767
v 0.01055503 0.01010018 0.007533762
v 0.01057015 0.01009909 0.007519801
v 0.01061933 0.009778318 0.007533767
v 0.01059769 0.009794039 0.007542572
v 0.01053605 0.01010162 0.007542564
v 0.01055503 0.01010018 0.007533762
v 0.01058339 0.01009834 0.007482243
v 0.01057992 0.01009846 0.007502048
v 0.01038706 0.01038706 0.007502049
v 0.01038911 0.01038911 0.007482244
v 0.01057992 0.01009846 0.007502048
v 0.01057015 0.01009909 0.007519801
v 0.01038141 0.01038141 0.0075198
v 0.01038706 0.01038706 0.007502049
v 0.01057015 0.01009909 0.007519801
v 0.01055503 0.01010018 0.007533762
v 0.01037272 0.01037272 0.007533758
v 0.01038141 0.01038141 0.0075198
v 0.01055503 0.01010018 0.007533762
v 0.01053605 0.01010162 0.007542564
v 0.01036184 0.01036184 0.007542558
v 0.01037272 0.01037272 0.007533758
v 0.01053605 0.01010162 0.007542564
v 0.01051507 0.01010327 0.007545347
v 0.01034982 0.01034982 0.007545338
v 0.01036184 0.01036184 0.007542558
v 0.01038911 0.01038911 0.007482244
v 0.01038706 0.01038706 0.007502049
v 0.01009846 0.01057992 0.007502048
v 0.01009834 0.01058339 0.007482243
v 0.01038706 0.01038706 0.007502049
v 0.01038141 0.01038141 0.0075198
v 0.01009909 0.01057015 0.007519801
v 0.01009846 0.01057992 0.007502048
v 0.01038141 0.01038141 0.0075198
v 0.01037272 0.01037272 0.007533758
v 0.01010018 0.01055503 0.007533762
v 0.01009909 0.01057015 0.007519801
v 0.01037272 0.01037272 0.007533758
v 0.01036184 0.01036184 0.007542558
v 0.01010162 0.01053605 0.007542564
v 0.01010018 0.01055503 0.007533762
v 0.01036184 0.01036184 0.007542558
v 0.01034982 0.01034982 0.007545338
v 0.01010327 0.01051507 0.007545347
v 0.01010162 0.01053605 0.007542564
v 0.01009834 0.01058339 0.007482243
v 0.01009846 0.01057992 0.007502048
v 0.009757983 0.01064768 0.00750205
v 0.00975536 0.01065161 0.007482243
v 0.01009846 0.01057992 0.007502048
v 0.01009909 0.01057015 0.007519801
v 0.009765894 0.01063655 0.007519803
v 0.009757983 0.01064768 0.00750205
v 0.01009909 0.01057015 0.007519801
v 0.01010018 0.01055503 0.007533762
v 0.009778318 0.01061933 0.007533767
v 0.009765894 0.01063655 0.007519803
v 0.01010018 0.01055503 0.007533762
v 0.01010162 0.01053605 0.007542564
v 0.009794039 0.01059769 0.007542572
v 0.009778318 0.01061933 0.007533767
v -0.01065873 0.009762482 0.006536664
v -0.0106551 0.009765404 0.006516743
v -0.01058734 0.01010588 0.006516742
v -0.01059051 0.01010546 0.006536664
v -0.0106551 0.009765404 0.006516743
v -0.01064424 0.009773584 0.006498658
v -0.01057784 0.01010678 0.006498655
v -0.01058734 0.01010588 0.006516742
v -0.01064424 0.009773584 0.006498658
v -0.01062723 0.009786222 0.006484179
v -0.01056294 0.01010809 0.006484174
v -0.01057784 0.01010678 0.006498655
v -0.01062723 0.009786222 0.006484179
v -0.01060573 0.00980208 0.006474724
v -0.0105441 0.01010966 0.006474715
v -0.01056294 0.01010809 0.006484174
v -0.01060573 0.00980208 0.006474724
v -0.01052316 0.01011136 0.006471206
v -0.0105441 0.01010966 0.006474715
v -0.01058185 0.009819605 0.006471218
v -0.01060573 -0.00980208 0.006474724
v -0.01058185 -0.009819605 0.006471218
v -0.0105441 -0.01010966 0.006474715
v -0.01052316 -0.01011136 0.006471206
v -0.01059051 0.01010546 0.006536664
v -0.01058734 0.01010588 0.006516742
v -0.01039448 0.01039448 0.006516742
v -0.01039623 0.01039623 0.006536663
v -0.01058734 0.01010588 0.006516742
v -0.01057784 0.01010678 0.006498655
v -0.0103891 0.0103891 0.006498654
v -0.01039448 0.01039448 0.006516742
v -0.01057784 0.01010678 0.006498655
v -0.01056294 0.01010809 0.006484174
v -0.01038063 0.01038063 0.00648417
v -0.0103891 0.0103891 0.006498654
v -0.01056294 0.01010809 0.006484174
v -0.0105441 0.01010966 0.006474715
v -0.01036988 0.01036988 0.006474709
v -0.01038063 0.01038063 0.00648417
v -0.0105441 0.01010966 0.006474715
v -0.01052316 0.01011136 0.006471206
v -0.01035791 0.01035791 0.006471197
v -0.01036988 0.01036988 0.006474709
v -0.01039623 0.01039623 0.006536663
v -0.01039448 0.01039448 0.006516742
v -0.01010588 0.01058734 0.006516742
v -0.01010546 0.01059051 0.006536664
v -0.01039448 0.01039448 0.006516742
v -0.0103891 0.0103891 0.006498654
v -0.01010678 0.01057784 0.006498655
v -0.01010588 0.01058734 0.006516742
v -0.0103891 0.0103891 0.006498654
v -0.01038063 0.01038063 0.00648417
v -0.01010809 0.01056294 0.006484174
v -0.01010678 0.01057784 0.006498655
v -0.01038063 0.01038063 0.00648417
v -0.01036988 0.01036988 0.006474709
v -0.01010966 0.0105441 0.006474715
v -0.01010809 0.01056294 0.006484174
v -0.01036988 0.01036988 0.006474709
v -0.01035791 0.01035791 0.006471197
v -0.01011136 0.01052316 0.006471206
v -0.01010966 0.0105441 0.006474715
v -0.01010546 0.01059051 0.006536664
v -0.01010588 0.01058734 0.006516742
v -0.009765404 0.0106551 0.006516743
v -0.009762482 0.01065873 0.006536664
v -0.01010588 0.01058734 0.006516742
v -0.01010678 0.01057784 0.006498655
v -0.009773584 0.01064424 0.006498658
v -0.009765404 0.0106551 0.006516743
v -0.01010678 0.01057784 0.006498655
v -0.01010809 0.01056294 0.006484174
v -0.009786222 0.01062723 0.006484179
v -0.009773584 0.01064424 0.006498658
v -0.01010809 0.01056294 0.006484174
v -0.01010966 0.0105441 0.006474715
v -0.00980208 0.01060573 0.006474724
v -0.009786222 0.01062723 0.006484179
v -0.01010966 0.0105441 0.006474715
v -0.01011136 0.01052316 0.006471206
v -0.009819605 0.01058185 0.006471218
v -0.00980208 0.01060573 0.006474724
v 0.009819605 0.01058185 0.006471219
v 0.00980208 0.01060573 0.006474724
v 0.01011136 0.01052316 0.006471206
v 0.01010966 0.0105441 0.006474716
v 0.009762481 0.01065873 0.006536664
v 0.009765403 0.0106551 0.006516743
v 0.01010588 0.01058734 0.006516742
v 0.01010546 0.01059051 0.006536664
v 0.009765403 0.0106551 0.006516743
v 0.009773584 0.01064424 0.006498659
v 0.01010678 0.01057784 0.006498655
v 0.01010588 0.01058734 0.006516742
v 0.009773584 0.01064424 0.006498659
v 0.009786222 0.01062723 0.00648418
v 0.01010808 0.01056294 0.006484174
v 0.01010678 0.01057784 0.006498655
v 0.009786222 0.01062723 0.00648418
v 0.00980208 0.01060573 0.006474724
v 0.01010966 0.0105441 0.006474716
v 0.01010808 0.01056294 0.006484174
v 0.01010546 0.01059051 0.006536664
v 0.01010588 0.01058734 0.006516742
v 0.01039448 0.01039448 0.006516742
v 0.01039623 0.01039623 0.006536664
v 0.01010588 0.01058734 0.006516742
v 0.01010678 0.01057784 0.006498655
v 0.0103891 0.0103891 0.006498654
v 0.01039448 0.01039448 0.006516742
v 0.01010678 0.01057784 0.006498655
v 0.01010808 0.01056294 0.006484174
v 0.01038062 0.01038063 0.006484171
v 0.0103891 0.0103891 0.006498654
v 0.01010808 0.01056294 0.006484174
v 0.01010966 0.0105441 0.006474716
v 0.01036988 0.01036988 0.00647471
v 0.01038062 0.01038063 0.006484171
v 0.01010966 0.0105441 0.006474716
v 0.01011136 0.01052316 0.006471206
v 0.01035791 0.01035791 0.006471198
v 0.01036988 0.01036988 0.00647471
v 0.01039623 0.01039623 0.006536664
v 0.01039448 0.01039448 0.006516742
v 0.01058734 0.01010588 0.006516743
v 0.01059051 0.01010546 0.006536664
v 0.01039448 0.01039448 0.006516742
v 0.0103891 0.0103891 0.006498654
v 0.01057784 0.01010678 0.006498656
v 0.01058734 0.01010588 0.006516743
v 0.0103891 0.0103891 0.006498654
v 0.01038062 0.01038063 0.006484171
v 0.01056294 0.01010809 0.006484175
v 0.01057784 0.01010678 0.006498656
v 0.01038062 0.01038063 0.006484171
v 0.01036988 0.01036988 0.00647471
v 0.01054409 0.01010966 0.006474717
v 0.01056294 0.01010809 0.006484175
v 0.01036988 0.01036988 0.00647471
v 0.01035791 0.01035791 0.006471198
v 0.01052315 0.01011136 0.006471206
v 0.01054409 0.01010966 0.006474717
v 0.01059051 0.01010546 0.006536664
v 0.01058734 0.01010588 0.006516743
v 0.0106551 0.009765404 0.006516743
v 0.01065873 0.009762482 0.006536664
v 0.01058734 0.01010588 0.006516743
v 0.01057784 0.01010678 0.006498656
v 0.01064424 0.009773584 0.006498659
v 0.0106551 0.009765404 0.006516743
v 0.01057784 0.01010678 0.006498656
v 0.01056294 0.01010809 0.006484175
v 0.01062723 0.009786222 0.00648418
v 0.01064424 0.009773584 0.006498659
v 0.01056294 0.01010809 0.006484175
v 0.01054409 0.01010966 0.006474717
v 0.01060573 0.00980208 0.006474724
v 0.01062723 0.009786222 0.00648418
v 0.01054409 0.01010966 0.006474717
v 0.01052315 0.01011136 0.006471206
v 0.01058185 0.009819605 0.006471219
v 0.01060573 0.00980208 0.006474724
v 0.01058185 -0.009819605 0.006471218
v 0.01060573 -0.00980208 0.006474724
v 0.01052316 -0.01011136 0.006471206
v 0.0105441 -0.01010966 0.006474715
v 0.01065873 -0.009762482 0.006536664
v 0.0106551 -0.009765404 0.006516743
v 0.01058734 -0.01010588 0.006516742
v 0.01059051 -0.01010546 0.006536664
v 0.0106551 -0.009765404 0.006516743
v 0.01064424 -0.009773584 0.006498658
v 0.01057784 -0.01010678 0.006498655
v 0.01058734 -0.01010588 0.006516742
v 0.01064424 -0.009773584 0.006498658
v 0.01062723 -0.009786222 0.006484179
v 0.01056294 -0.01010809 0.006484174
v 0.01057784 -0.01010678 0.006498655
v 0.01062723 -0.009786222 0.006484179
v 0.01060573 -0.00980208 0.006474724
v 0.0105441 -0.01010966 0.006474715
v 0.01056294 -0.01010809 0.006484174
v 0.01059051 -0.01010546 0.006536664
v 0.01058734 -0.01010588 0.006516742
v 0.01039448 -0.01039448 0.006516742
v 0.01039623 -0.01039623 0.006536663
v 0.01058734 -0.01010588 0.006516742
v 0.01057784 -0.01010678 0.006498655
v 0.0103891 -0.0103891 0.006498654
v 0.01039448 -0.01039448 0.006516742
v 0.01057784 -0.01010678 0.006498655
v 0.01056294 -0.01010809 0.006484174
v 0.01038063 -0.01038063 0.00648417
v 0.0103891 -0.0103891 0.006498654
v 0.01056294 -0.01010809 0.006484174
v 0.0105441 -0.01010966 0.006474715
v 0.01036988 -0.01036988 0.006474709
v 0.01038063 -0.01038063 0.00648417
v 0.0105441 -0.01010966 0.006474715
v 0.01052316 -0.01011136 0.006471206
v 0.01035791 -0.01035791 0.006471197
v 0.01036988 -0.01036988 0.006474709
v 0.01039623 -0.01039623 0.006536663
v 0.01039448 -0.01039448 0.006516742
v 0.01010588 -0.01058734 0.006516742
v 0.01010546 -0.01059051 0.006536664
v 0.01039448 -0.01039448 0.006516742
v 0.0103891 -0.0103891 0.006498654
v 0.01010678 -0.01057784 0.006498655
v 0.01010588 -0.01058734 0.006516742
v 0.0103891 -0.0103891 0.006498654
v 0.01038063 -0.01038063 0.00648417
v 0.01010809 -0.01056294 0.006484174
v 0.01010678 -0.01057784 0.006498655
v 0.01038063 -0.01038063 0.00648417
v 0.01036988 -0.01036988 0.006474709
v 0.01010966 -0.0105441 0.006474715
v 0.01010809 -0.01056294 0.006484174
v 0.01036988 -0.01036988 0.006474709
v 0.01035791 -0.01035791 0.006471197
v 0.01011136 -0.01052316 0.006471206
v 0.01010966 -0.0105441 0.006474715
v 0.01010546 -0.01059051 0.006536664
v 0.01010588 -0.01058734 0.006516742
v 0.009765404 -0.0106551 0.006516743
v 0.009762482 -0.01065873 0.006536664
v 0.01010588 -0.01058734 0.006516742
v 0.01010678 -0.01057784 0.006498655
v 0.009773584 -0.01064424 0.006498658
v 0.009765404 -0.0106551 0.006516743
v 0.01010678 -0.01057784 0.006498655
v 0.01010809 -0.01056294 0.006484174
v 0.009786222 -0.01062723 0.006484179
v 0.009773584 -0.01064424 0.006498658
v 0.01010809 -0.01056294 0.006484174
v 0.01010966 -0.0105441 0.006474715
v 0.00980208 -0.01060573 0.006474724
v 0.009786222 -0.01062723 0.006484179
v 0.01010966 -0.0105441 0.006474715
v 0.01011136 -0.01052316 0.006471206
v 0.009819605 -0.01058185 0.006471218
v 0.00980208 -0.01060573 0.006474724
v -0.009819605 -0.01058185 0.006471218
v -0.00980208 -0.01060573 0.006474724
v -0.01011136 -0.01052316 0.006471206
v -0.01010966 -0.0105441 0.006474715
v -0.009762482 -0.01065873 0.006536664
v -0.009765404 -0.0106551 0.006516743
v -0.01010588 -0.01058734 0.006516742
v -0.01010546 -0.01059051 0.006536664
v -0.009765404 -0.0106551 0.006516743
v -0.009773584 -0.01064424 0.006498658
v -0.01010678 -0.01057784 0.006498655
v -0.01010588 -0.01058734 0.006516742
v -0.009773584 -0.01064424 0.006498658
v -0.009786222 -0.01062723 0.006484179
v -0.01010809 -0.01056294 0.006484174
v -0.01010678 -0.01057784 0.006498655
v -0.009786222 -0.01062723 0.006484179
v -0.00980208 -0.01060573 0.006474724
v -0.01010966 -0.0105441 0.006474715
v -0.01010809 -0.01056294 0.006484174
v -0.01010546 -0.01059051 0.006536664
v -0.01010588 -0.01058734 0.006516742
v -0.01039448 -0.01039448 0.006516742
v -0.01039623 -0.01039623 0.006536663
v -0.01010588 -0.01058734 0.006516742
v -0.01010678 -0.01057784 0.006498655
v -0.0103891 -0.0103891 0.006498654
v -0.01039448 -0.01039448 0.006516742
v -0.01010678 -0.01057784 0.006498655
v -0.01010809 -0.01056294 0.006484174
v -0.01038063 -0.01038063 0.00648417
v -0.0103891 -0.0103891 0.006498654
v -0.01010809 -0.01056294 0.006484174
v -0.01010966 -0.0105441 0.006474715
v -0.01036988 -0.01036988 0.006474709
v -0.01038063 -0.01038063 0.00648417
v -0.01010966 -0.0105441 0.006474715
v -0.01011136 -0.01052316 0.006471206
v -0.01035791 -0.01035791 0.006471197
v -0.01036988 -0.01036988 0.006474709
v -0.01039623 -0.01039623 0.006536663
v -0.01039448 -0.01039448 0.006516742
v -0.01058734 -0.01010588 0.006516742
v -0.01059051 -0.01010546 0.006536664
v -0.01039448 -0.01039448 0.006516742
v -0.0103891 -0.0103891 0.006498654
v -0.01057784 -0.01010678 0.006498655
v -0.01058734 -0.01010588 0.006516742
v -0.0103891 -0.0103891 0.006498654
v -0.01038063 -0.01038063 0.00648417
v -0.01056294 -0.01010809 0.006484174
v -0.01057784 -0.01010678 0.006498655
v -0.01038063 -0.01038063 0.00648417
v -0.01036988 -0.01036988 0.006474709
v -0.0105441 -0.01010966 0.006474715
v -0.01056294 -0.01010809 0.006484174
v -0.01036988 -0.01036988 0.006474709
v -0.01035791 -0.01035791 0.006471197
v -0.01052316 -0.01011136 0.006471206
v -0.0105441 -0.01010966 0.006474715
v -0.01059051 -0.01010546 0.006536664
v -0.01058734 -0.01010588 0.006516742
v -0.0106551 -0.009765404 0.006516743
v -0.01065873 -0.009762482 0.006536664
v -0.01058734 -0.01010588 0.006516742
v -0.01057784 -0.01010678 0.006498655
v -0.01064424 -0.009773584 0.006498658
v -0.0106551 -0.009765404 0.006516743
v -0.01057784 -0.01010678 0.006498655
v -0.01056294 -0.01010809 0.006484174
v -0.01062723 -0.009786222 0.006484179
v -0.01064424 -0.009773584 0.006498658
v -0.01056294 -0.01010809 0.006484174
v -0.0105441 -0.01010966 0.006474715
v -0.01060573 -0.00980208 0.006474724
v -0.01062723 -0.009786222 0.006484179
v -0.00980208 -0.01060573 0.006474724
v -0.009786222 -0.01062723 0.006484179
v 0.009786222 -0.01062723 0.006484179
v 0.00980208 -0.01060573 0.006474724
v -0.009786222 -0.01062723 0.006484179
v -0.009773584 -0.01064424 0.006498658
v 0.009773584 -0.01064424 0.006498658
v 0.009786222 -0.01062723 0.006484179
v -0.009773584 -0.01064424 0.006498658
v -0.009765404 -0.0106551 0.006516743
v 0.009765404 -0.0106551 0.006516743
v 0.009773584 -0.01064424 0.006498658
v -0.009765404 -0.0106551 0.006516743
v -0.009762482 -0.01065873 0.006536664
v 0.009762482 -0.01065873 0.006536664
v 0.009765404 -0.0106551 0.006516743
v 0.009794037 -0.01059769 0.007542576
v 0.009778317 -0.01061933 0.007533771
v -0.009778317 -0.01061933 0.00753377
v -0.009794037 -0.01059769 0.007542575
v 0.009778317 -0.01061933 0.007533771
v 0.009765893 -0.01063655 0.007519807
v -0.009765893 -0.01063655 0.007519806
v -0.009778317 -0.01061933 0.00753377
v 0.009765893 -0.01063655 0.007519807
v 0.009757983 -0.01064768 0.007502053
v -0.009757983 -0.01064768 0.007502052
v -0.009765893 -0.01063655 0.007519806
v 0.009757983 -0.01064768 0.007502053
v 0.009755362 -0.01065161 0.007482246
v -0.009755362 -0.01065161 0.007482246
v -0.009757983 -0.01064768 0.007502052
v -0.01065161 0.009755362 0.007482246
v -0.01064768 0.009757983 0.007502052
v -0.01064768 -0.009757983 0.007502052
v -0.01065161 -0.009755362 0.007482246
v -0.01064768 0.009757983 0.007502052
v -0.01063655 0.009765893 0.007519806
v -0.01063655 -0.009765893 0.007519806
v -0.01064768 -0.009757983 0.007502052
v -0.01063655 0.009765893 0.007519806
v -0.01061933 0.009778317 0.00753377
v -0.01061933 -0.009778317 0.00753377
v -0.01063655 -0.009765893 0.007519806
v -0.01061933 0.009778317 0.00753377
v -0.01059769 0.009794037 0.007542575
v -0.01059769 -0.009794037 0.007542575
v -0.01061933 -0.009778317 0.00753377
v -0.01060573 0.00980208 0.006474724
v -0.01062723 0.009786222 0.006484179
v -0.01062723 -0.009786222 0.006484179
v -0.01060573 -0.00980208 0.006474724
v -0.01062723 0.009786222 0.006484179
v -0.01064424 0.009773584 0.006498658
v -0.01064424 -0.009773584 0.006498658
v -0.01062723 -0.009786222 0.006484179
v -0.01064424 0.009773584 0.006498658
v -0.0106551 0.009765404 0.006516743
v -0.0106551 -0.009765404 0.006516743
v -0.01064424 -0.009773584 0.006498658
v -0.0106551 0.009765404 0.006516743
v -0.01065873 0.009762482 0.006536664
v -0.01065873 -0.009762482 0.006536664
v -0.0106551 -0.009765404 0.006516743
v 0.01065161 -0.009755362 0.007482246
v 0.01064768 -0.009757983 0.007502053
v 0.01064768 0.009757983 0.00750205
v 0.01065161 0.00975536 0.007482243
v 0.01064768 -0.009757983 0.007502053
v 0.01063655 -0.009765893 0.007519807
v 0.01063655 0.009765894 0.007519803
v 0.01064768 0.009757983 0.00750205
v 0.01063655 -0.009765893 0.007519807
v 0.01061933 -0.009778317 0.007533771
v 0.01061933 0.009778318 0.007533767
v 0.01063655 0.009765894 0.007519803
v 0.01061933 -0.009778317 0.007533771
v 0.01059769 -0.009794037 0.007542576
v 0.01059769 0.009794039 0.007542572
v 0.01061933 0.009778318 0.007533767
v 0.01060573 -0.00980208 0.006474724
v 0.01062723 -0.009786222 0.006484179
v 0.01062723 0.009786222 0.00648418
v 0.01060573 0.00980208 0.006474724
v 0.01062723 -0.009786222 0.006484179
v 0.01064424 -0.009773584 0.006498658
v 0.01064424 0.009773584 0.006498659
v 0.01062723 0.009786222 0.00648418
v 0.01064424 -0.009773584 0.006498658
v 0.0106551 -0.009765404 0.006516743
v 0.0106551 0.009765404 0.006516743
v 0.01064424 0.009773584 0.006498659
v 0.0106551 -0.009765404 0.006516743
v 0.01065873 -0.009762482 0.006536664
v 0.01065873 0.009762482 0.006536664
v 0.0106551 0.009765404 0.006516743
v 0.00975536 0.01065161 0.007482243
v 0.009757983 0.01064768 0.00750205
v -0.009757983 0.01064768 0.007502052
v -0.009755362 0.01065161 0.007482246
v 0.009757983 0.01064768 0.00750205
v 0.009765894 0.01063655 0.007519803
v -0.009765893 0.01063655 0.007519806
v -0.009757983 0.01064768 0.007502052
v 0.009765894 0.01063655 0.007519803
v 0.009778318 0.01061933 0.007533767
v -0.009778317 0.01061933 0.00753377
v -0.009765893 0.01063655 0.007519806
v 0.009778318 0.01061933 0.007533767
v 0.009794039 0.01059769 0.007542572
v -0.009794037 0.01059769 0.007542575
v -0.009778317 0.01061933 0.00753377
v 0.00980208 0.01060573 0.006474724
v 0.009786222 0.01062723 0.00648418
v -0.009786222 0.01062723 0.006484179
v -0.00980208 0.01060573 0.006474724
v 0.009786222 0.01062723 0.00648418
v 0.009773584 0.01064424 0.006498659
v -0.009773584 0.01064424 0.006498658
v -0.009786222 0.01062723 0.006484179
v 0.009773584 0.01064424 0.006498659
v 0.009765403 0.0106551 0.006516743
v -0.009765404 0.0106551 0.006516743
v -0.009773584 0.01064424 0.006498658
v 0.009765403 0.0106551 0.006516743
v 0.009762481 0.01065873 0.006536664
v -0.009762482 0.01065873 0.006536664
v -0.009765404 0.0106551 0.006516743
v 0.009997969 -0.007687014 0.007605394
v 0.007511388 -0.007687014 0.007605394
v 0.007511388 -0.007687014 0.007405395
v 0.009997958 -0.007687014 0.007405395
v -0.01001492 -0.01001492 0.004968074
v -0.01001492 -0.01001492 0.004864911
v -0.01014205 -0.00996252 0.004864911
v -0.01014205 -0.00996252 0.004968074
v -0.01014205 -0.00996252 0.004968074
v -0.01028764 0.006460409 0.004968138
v -0.0102 0.006460564 0.004968074
v -0.01022969 -0.009962829 0.004968203
v -0.01021411 -0.01013192 0.004968202
v -0.01013448 -0.0100953 0.004968074
v -0.01013192 -0.0102141 0.004968201
v -0.0100953 -0.01013448 0.004968074
v -0.009962827 -0.01022969 0.004968201
v -0.00996252 -0.01014205 0.004968074
v 0.006590678 -0.0102 0.004968074
v 0.006590524 -0.01028764 0.004968137
v 0.006517649 -0.0102 0.004895208
v 0.006517495 -0.01028764 0.004895272
v 0.006487515 -0.01028764 0.0003111143
v 0.006487515 -0.0102 0.0003111143
v 0.00651773 -0.01 0.004895126
v 0.006487515 -0.01016452 0.0003111143
v 0.006487515 -0.01012904 0.0003111143
v 0.006487515 -0.01009357 0.0003111143
v 0.006487515 -0.01005809 0.0003111143
v 0.006487515 -0.01 0.0003111143
v 0.00651773 -0.009912361 0.004895126
v 0.006487515 -0.009912361 0.0003111143
v -0.00996252 -0.01014205 0.004968074
v -0.00996252 -0.01014205 0.004864911
v -0.01001492 -0.01001492 0.004864911
v -0.01001492 -0.01001492 0.004968074
v -0.01 0.006460564 0.0003111143
v -0.009912361 0.006460564 0.0003111143
v -0.009912361 0.006460564 0.004968074
v -0.01 0.006460564 0.004968074
v 0.006590678 -0.01 0.0003111143
v 0.006590678 -0.009912361 0.0003111143
v 0.006487515 -0.009912361 0.0003111143
v 0.006487515 -0.01 0.0003111143
v 0.006487515 -0.01005809 0.0003111143
v 0.006590678 -0.01005809 0.0003111143
v 0.006487515 -0.01009357 0.0003111143
v 0.006590678 -0.01009357 0.0003111143
v 0.006487515 -0.01012904 0.0003111143
v 0.006590678 -0.01012904 0.0003111143
v 0.006487515 -0.01016452 0.0003111143
v 0.006590678 -0.01016452 0.0003111143
v 0.006487515 -0.0102 0.0003111143
v 0.006590678 -0.0102 0.0003111143
v 0.006590678 -0.01028764 0.0003111143
v 0.006487515 -0.01028764 0.0003111143
v -0.00993803 -0.00993803 0.004968074
v -0.009938031 -0.00993803 0.004864911
v 0.00651773 -0.009912361 0.004895126
v 0.006590678 -0.009912361 0.004968074
v 0.006487515 -0.009912361 0.0003111143
v 0.006590678 -0.009912361 0.0003111143
v -0.01028764 0.006460409 0.004968138
v -0.01028764 0.006357401 0.0003111144
v -0.01028764 0.006460564 0.0003111143
v -0.01028764 0.006387379 0.004895273
v -0.01022969 -0.009962829 0.004968203
v -0.01022969 -0.009962829 0.004865039
v 0.006590524 -0.01028764 0.004968137
v -0.009962827 -0.01022969 0.004865038
v -0.009962827 -0.01022969 0.004968201
v 0.006517495 -0.01028764 0.004895272
v 0.006590678 -0.01028764 0.0003111143
v 0.006487515 -0.01028764 0.0003111143
v -0.009912361 0.006460564 0.004968074
v -0.009938031 -0.00993803 0.004864911
v -0.00993803 -0.00993803 0.004968074
v -0.009912361 0.006387616 0.004895126
v -0.009912361 0.006460564 0.0003111143
v -0.009912361 0.006357401 0.0003111144
v -0.01 0.006357401 0.0003111144
v -0.009912361 0.006357401 0.0003111144
v -0.009912361 0.006460564 0.0003111143
v -0.01 0.006460564 0.0003111143
v -0.01005808 0.006460564 0.0003111143
v -0.01005808 0.006357401 0.0003111144
v -0.01009356 0.006460564 0.0003111143
v -0.01009356 0.006357401 0.0003111144
v -0.01012904 0.006460564 0.0003111143
v -0.01012904 0.006357401 0.0003111144
v -0.01016452 0.006460564 0.0003111143
v -0.01016452 0.006357401 0.0003111144
v -0.0102 0.006460564 0.0003111143
v -0.0102 0.006357401 0.0003111144
v -0.01028764 0.006357401 0.0003111144
v -0.01028764 0.006460564 0.0003111143
v -0.009962827 -0.01022969 0.004865038
v -0.01013192 -0.0102141 0.004865039
v -0.01013192 -0.0102141 0.004968201
v -0.009962827 -0.01022969 0.004968201
v -0.01 -0.01 0.004968074
v 0.006590678 -0.009912361 0.004968074
v 0.006590678 -0.01 0.004968074
v -0.00993803 -0.00993803 0.004968074
v -0.01 0.006460564 0.004968074
v -0.009912361 0.006460564 0.004968074
v 0.00651773 -0.01 0.004895126
v 0.00651773 -0.009912361 0.004895126
v -0.009938031 -0.00993803 0.004864911
v -0.01 -0.01 0.004864911
v -0.009912361 0.006387616 0.004895126
v 0.006517649 -0.0102 0.004895208
v -0.01 0.006387616 0.004895126
v -0.00996252 -0.01014205 0.004864911
v 0.006517495 -0.01028764 0.004895272
v -0.009962827 -0.01022969 0.004865038
v -0.01013192 -0.0102141 0.004865039
v -0.01001492 -0.01001492 0.004864911
v -0.0102 0.006387535 0.004895208
v -0.01009531 -0.01013448 0.004864911
v -0.01021411 -0.01013192 0.004865039
v -0.01014205 -0.00996252 0.004864911
v -0.01013448 -0.0100953 0.00486491
v -0.01022969 -0.009962829 0.004865039
v -0.01028764 0.006387379 0.004895273
v 0.006590678 -0.01 0.004968074
v 0.006590678 -0.009912361 0.004968074
v 0.006590678 -0.009912361 0.0003111143
v 0.006590678 -0.01 0.0003111143
v 0.006590678 -0.0102 0.0003111143
v 0.006590678 -0.01028764 0.0003111143
v 0.006590524 -0.01028764 0.004968137
v 0.006590678 -0.0102 0.004968074
v -0.00996252 -0.01014205 0.004968074
v -0.0100953 -0.01013448 0.004968074
v -0.01009531 -0.01013448 0.004864911
v -0.00996252 -0.01014205 0.004864911
v -0.01013192 -0.0102141 0.004865039
v -0.01021411 -0.01013192 0.004865039
v -0.01021411 -0.01013192 0.004968202
v -0.01013192 -0.0102141 0.004968201
v -0.01021411 -0.01013192 0.004865039
v -0.01022969 -0.009962829 0.004865039
v -0.01022969 -0.009962829 0.004968203
v -0.01021411 -0.01013192 0.004968202
v -0.0100953 -0.01013448 0.004968074
v -0.01013448 -0.0100953 0.004968074
v -0.01013448 -0.0100953 0.00486491
v -0.01009531 -0.01013448 0.004864911
v -0.01013448 -0.0100953 0.004968074
v -0.01014205 -0.00996252 0.004968074
v -0.01014205 -0.00996252 0.004864911
v -0.01013448 -0.0100953 0.00486491
v -0.009795917 -0.009571532 0.00471808
v -0.009795917 -0.009571532 0.004789241
v -0.009706041 -0.009706041 0.004789241
v -0.009706041 -0.009706041 0.004718038
v -0.009706041 -0.009119693 0.004896563
v -0.009706041 -0.009119693 0.007575287
v -0.009795917 -0.009254202 0.007575287
v -0.009795917 -0.009254202 0.004896563
v -0.009044718 -0.009422109 0.0007106838
v -0.009050527 -0.009423264 0.0007106838
v -0.009079054 -0.009274597 0.0007106838
v -0.009074318 -0.009272636 0.0007106838
v -0.009157378 -0.009157378 0.0007106838
v -0.009153723 -0.009153723 0.0007106838
v -0.009274597 -0.009079054 0.0007106838
v -0.009272636 -0.009074318 0.0007106838
v -0.009423264 -0.009050527 0.0007106838
v -0.009422109 -0.009044718 0.0007106838
v -0.009781016 -0.009403626 0.0007106838
v -0.009775208 -0.009402471 0.0007106838
v -0.00974668 -0.009551137 0.0007106838
v -0.009751416 -0.009553098 0.0007106838
v -0.009668357 -0.009668357 0.0007106838
v -0.009672011 -0.009672011 0.0007106838
v -0.009551137 -0.00974668 0.0007106838
v -0.009553098 -0.009751416 0.0007106838
v -0.009402471 -0.009775208 0.0007106838
v -0.009403626 -0.009781016 0.0007106838
v -0.009029817 -0.009254202 0.00471808
v -0.009029817 -0.009254202 0.004789241
v -0.009119693 -0.009119693 0.004789241
v -0.009119693 -0.009119693 0.004718038
v -0.008998257 -0.009412867 0.0006633124
v -0.008998257 -0.009412867 0.0004023556
v -0.009029817 -0.009571532 0.0004023556
v -0.009029817 -0.009571532 0.0006634413
v -0.009706041 -0.009706041 0.0006634832
v -0.009706041 -0.009706041 0.0004023556
v -0.009795917 -0.009571532 0.0004023556
v -0.009795917 -0.009571532 0.0006634413
v -0.009029817 -0.009254202 0.0006634413
v -0.009029817 -0.009254202 0.0004023556
v -0.008998257 -0.009412867 0.0004023556
v -0.008998257 -0.009412867 0.0006633124
v -0.009706041 -0.009706041 0.004718038
v -0.009706041 -0.009706041 0.004789241
v -0.009571532 -0.009795917 0.004789241
v -0.009571532 -0.009795917 0.00471808
v -0.008998257 -0.009412867 0.004718209
v -0.008998257 -0.009412867 0.004789241
v -0.009029817 -0.009254202 0.004789241
v -0.009029817 -0.009254202 0.00471808
v -0.009029817 -0.009571532 0.0006634413
v -0.009029817 -0.009571532 0.0004023556
v -0.009119693 -0.009706041 0.0004023556
v -0.009119693 -0.009706041 0.0006634832
v -0.009571532 -0.009795917 0.0006634413
v -0.009571532 -0.009795917 0.0004023556
v -0.009706041 -0.009706041 0.0004023556
v -0.009706041 -0.009706041 0.0006634832
v -0.009827478 -0.009412867 0.0006633124
v -0.009827478 -0.009412867 0.0004023556
v -0.009795917 -0.009254202 0.0004023556
v -0.009795917 -0.009254202 0.0006634413
v -0.009119693 -0.009706041 0.004718038
v -0.009119693 -0.009706041 0.004789241
v -0.009029817 -0.009571532 0.004789241
v -0.009029817 -0.009571532 0.00471808
v -0.009571532 -0.009795917 0.00471808
v -0.009571532 -0.009795917 0.004789241
v -0.009412867 -0.009827478 0.004789241
v -0.009412867 -0.009827478 0.004718209
v -0.009795917 -0.009254202 0.00471808
v -0.009795917 -0.009254202 0.004789241
v -0.009827478 -0.009412867 0.004789241
v -0.009827478 -0.009412867 0.004718209
v -0.009912629 -0.00939593 0.0003172049
v -0.009912629 -0.00939593 0.0002799797
v -0.009876127 -0.009220978 0.0002799797
v -0.009876127 -0.009220978 0.0003172049
v -0.00939593 -0.008913106 0.0003172049
v -0.00939593 -0.008913106 0.0002799797
v -0.009220978 -0.008949607 0.0002799797
v -0.009220978 -0.008949607 0.0003172049
v -0.009876127 -0.009604756 0.0003172049
v -0.009876127 -0.009604756 0.0002799797
v -0.009912629 -0.009429804 0.0002799797
v -0.009912629 -0.009429804 0.0003172049
v -0.008913106 -0.009429804 0.0003172049
v -0.008913106 -0.009429804 0.0002799797
v -0.008949607 -0.009604756 0.0002799797
v -0.008949607 -0.009604756 0.0003172049
v -0.009876127 -0.009220978 0.0003172049
v -0.009876127 -0.009220978 0.0002799797
v -0.009767432 -0.009058303 0.0002799797
v -0.009767432 -0.009058303 0.0003172049
v -0.009220978 -0.008949607 0.0003172049
v -0.009220978 -0.008949607 0.0002799797
v -0.009058303 -0.009058303 0.0002799797
v -0.009058303 -0.009058303 0.0003172049
v -0.009767432 -0.009767432 0.0003172049
v -0.009767432 -0.009767432 0.0002799797
v -0.009876127 -0.009604756 0.0002799797
v -0.009876127 -0.009604756 0.0003172049
v -0.008949607 -0.009604756 0.0003172049
v -0.008949607 -0.009604756 0.0002799797
v -0.009058303 -0.009767432 0.0002799797
v -0.009058303 -0.009767432 0.0003172049
v -0.009429804 -0.009912629 0.0003172049
v -0.009429804 -0.009912629 0.0002799797
v -0.009604756 -0.009876127 0.0002799797
v -0.009604756 -0.009876127 0.0003172049
v -0.009119693 -0.009706041 0.0004023556
v -0.009254289 -0.00979571 0.0004023556
v -0.009254202 -0.009795917 0.0004023556
v -0.009119845 -0.009705889 0.0004023556
v -0.009029817 -0.009571532 0.0004023556
v -0.009030024 -0.009571446 0.0004023556
v -0.009412867 -0.008998257 0.0004023556
v -0.009254289 -0.009030024 0.0004023556
v -0.009254202 -0.009029817 0.0004023556
v -0.009412622 -0.008997023 0.0004023556
v -0.009413113 -0.008997023 0.0004023556
v -0.009571532 -0.009029817 0.0004023556
v -0.009571446 -0.009030024 0.0004023556
v -0.009827478 -0.009412867 0.0004023556
v -0.00979571 -0.009254289 0.0004023556
v -0.009795917 -0.009254202 0.0004023556
v -0.009828712 -0.009412622 0.0004023556
v -0.009828712 -0.009413113 0.0004023556
v -0.009795917 -0.009571532 0.0004023556
v -0.00979571 -0.009571446 0.0004023556
v -0.009571532 -0.009795917 0.0004023556
v -0.009571446 -0.00979571 0.0004023556
v -0.009705889 -0.009705889 0.0004023556
v -0.009706041 -0.009706041 0.0004023556
v -0.00979571 -0.009571446 0.0004023556
v -0.009795917 -0.009571532 0.0004023556
v -0.009254202 -0.009795917 0.0004023556
v -0.009254289 -0.00979571 0.0004023556
v -0.009412622 -0.009828712 0.0004023556
v -0.009412867 -0.009827478 0.0004023556
v -0.009413113 -0.009828712 0.0004023556
v -0.009571446 -0.00979571 0.0004023556
v -0.009571532 -0.009795917 0.0004023556
v -0.009604756 -0.008949607 0.0003172049
v -0.009604756 -0.008949607 0.0002799797
v -0.009429804 -0.008913106 0.0002799797
v -0.009429804 -0.008913106 0.0003172049
v -0.009254202 -0.009029817 0.0004023556
v -0.009254289 -0.009030024 0.0004023556
v -0.009119845 -0.009119845 0.0004023556
v -0.009119693 -0.009119693 0.0004023556
v -0.009030024 -0.009254289 0.0004023556
v -0.009029817 -0.009254202 0.0004023556
v -0.009029817 -0.009254202 0.0004023556
v -0.009030024 -0.009254289 0.0004023556
v -0.008997023 -0.009412622 0.0004023556
v -0.008998257 -0.009412867 0.0004023556
v -0.008997023 -0.009413113 0.0004023556
v -0.009030024 -0.009571446 0.0004023556
v -0.009029817 -0.009571532 0.0004023556
v -0.008949607 -0.009220978 0.0003172049
v -0.008949607 -0.009220978 0.0002799797
v -0.008913106 -0.00939593 0.0002799797
v -0.008913106 -0.00939593 0.0003172049
v -0.009795917 -0.009254202 0.0004023556
v -0.00979571 -0.009254289 0.0004023556
v -0.009705889 -0.009119845 0.0004023556
v -0.009706041 -0.009119693 0.0004023556
v -0.009571446 -0.009030024 0.0004023556
v -0.009571532 -0.009029817 0.0004023556
v -0.009912629 -0.009429804 0.0003172049
v -0.009912629 -0.009429804 0.0002799797
v -0.009912629 -0.00939593 0.0002799797
v -0.009912629 -0.00939593 0.0003172049
v -0.009604756 -0.009876127 0.0003172049
v -0.009604756 -0.009876127 0.0002799797
v -0.009767432 -0.009767432 0.0002799797
v -0.009767432 -0.009767432 0.0003172049
v -0.009220978 -0.009876127 0.0003172049
v -0.009220978 -0.009876127 0.0002799797
v -0.00939593 -0.009912629 0.0002799797
v -0.00939593 -0.009912629 0.0003172049
v -0.008913106 -0.00939593 0.0003172049
v -0.008913106 -0.00939593 0.0002799797
v -0.008913106 -0.009429804 0.0002799797
v -0.008913106 -0.009429804 0.0003172049
v -0.00939593 -0.009912629 0.0003172049
v -0.00939593 -0.009912629 0.0002799797
v -0.009429804 -0.009912629 0.0002799797
v -0.009429804 -0.009912629 0.0003172049
v -0.009429804 -0.008913106 0.0003172049
v -0.009429804 -0.008913106 0.0002799797
v -0.00939593 -0.008913106 0.0002799797
v -0.00939593 -0.008913106 0.0003172049
v -0.009058303 -0.009767432 0.0003172049
v -0.009058303 -0.009767432 0.0002799797
v -0.009220978 -0.009876127 0.0002799797
v -0.009220978 -0.009876127 0.0003172049
v -0.009058303 -0.009058303 0.0003172049
v -0.009058303 -0.009058303 0.0002799797
v -0.008949607 -0.009220978 0.0002799797
v -0.008949607 -0.009220978 0.0003172049
v -0.009767432 -0.009058303 0.0003172049
v -0.009767432 -0.009058303 0.0002799797
v -0.009604756 -0.008949607 0.0002799797
v -0.009604756 -0.008949607 0.0003172049
v -0.009604756 -0.009876127 0.0003172049
v -0.009602221 -0.009870006 0.0003497907
v -0.009428535 -0.009906241 0.0003497907
v -0.009429804 -0.009912629 0.0003172049
v -0.009602221 -0.009870006 0.0003497907
v -0.009595 -0.009852574 0.0003774156
v -0.009424916 -0.00988805 0.0003774156
v -0.009428535 -0.009906241 0.0003497907
v -0.009595 -0.009852574 0.0003774156
v -0.009584193 -0.009826485 0.0003958739
v -0.009419501 -0.009860826 0.0003958739
v -0.009424916 -0.00988805 0.0003774156
v -0.009584193 -0.009826485 0.0003958739
v -0.009571446 -0.00979571 0.0004023556
v -0.009413113 -0.009828712 0.0004023556
v -0.009419501 -0.009860826 0.0003958739
v -0.009412622 -0.009828712 0.0004023556
v -0.009406234 -0.009860826 0.0003958739
v -0.009254289 -0.00979571 0.0004023556
v -0.009241542 -0.009826485 0.0003958739
v -0.009767432 -0.009767432 0.0003172049
v -0.009762747 -0.009762747 0.0003497907
v -0.009602221 -0.009870006 0.0003497907
v -0.009604756 -0.009876127 0.0003172049
v -0.009762747 -0.009762747 0.0003497907
v -0.009749406 -0.009749406 0.0003774156
v -0.009595 -0.009852574 0.0003774156
v -0.009602221 -0.009870006 0.0003497907
v -0.009749406 -0.009749406 0.0003774156
v -0.00972944 -0.00972944 0.0003958739
v -0.009584193 -0.009826485 0.0003958739
v -0.009595 -0.009852574 0.0003774156
v -0.00972944 -0.00972944 0.0003958739
v -0.009705889 -0.009705889 0.0004023556
v -0.009571446 -0.00979571 0.0004023556
v -0.009584193 -0.009826485 0.0003958739
v -0.009876127 -0.009604756 0.0003172049
v -0.009870006 -0.009602221 0.0003497907
v -0.009762747 -0.009762747 0.0003497907
v -0.009767432 -0.009767432 0.0003172049
v -0.009870006 -0.009602221 0.0003497907
v -0.009852574 -0.009595 0.0003774156
v -0.009749406 -0.009749406 0.0003774156
v -0.009762747 -0.009762747 0.0003497907
v -0.009852574 -0.009595 0.0003774156
v -0.009826485 -0.009584193 0.0003958739
v -0.00972944 -0.00972944 0.0003958739
v -0.009749406 -0.009749406 0.0003774156
v -0.009826485 -0.009584193 0.0003958739
v -0.00979571 -0.009571446 0.0004023556
v -0.009705889 -0.009705889 0.0004023556
v -0.00972944 -0.00972944 0.0003958739
v -0.009912629 -0.009429804 0.0003172049
v -0.009906241 -0.009428535 0.0003497907
v -0.009870006 -0.009602221 0.0003497907
v -0.009876127 -0.009604756 0.0003172049
v -0.009906241 -0.009428535 0.0003497907
v -0.00988805 -0.009424916 0.0003774156
v -0.009852574 -0.009595 0.0003774156
v -0.009870006 -0.009602221 0.0003497907
v -0.00988805 -0.009424916 0.0003774156
v -0.009860826 -0.009419501 0.0003958739
v -0.009826485 -0.009584193 0.0003958739
v -0.009852574 -0.009595 0.0003774156
v -0.009860826 -0.009419501 0.0003958739
v -0.00979571 -0.009571446 0.0004023556
v -0.009826485 -0.009584193 0.0003958739
v -0.009828712 -0.009413113 0.0004023556
v -0.009860826 -0.009406234 0.0003958739
v -0.009828712 -0.009412622 0.0004023556
v -0.009826485 -0.009241542 0.0003958739
v -0.00979571 -0.009254289 0.0004023556
v -0.009429804 -0.008913106 0.0003172049
v -0.009428535 -0.008919494 0.0003497907
v -0.009602221 -0.008955728 0.0003497907
v -0.009604756 -0.008949607 0.0003172049
v -0.009428535 -0.008919494 0.0003497907
v -0.009424916 -0.008937685 0.0003774156
v -0.009595 -0.00897316 0.0003774156
v -0.009602221 -0.008955728 0.0003497907
v -0.009424916 -0.008937685 0.0003774156
v -0.009419501 -0.008964909 0.0003958739
v -0.009584193 -0.00899925 0.0003958739
v -0.009595 -0.00897316 0.0003774156
v -0.009419501 -0.008964909 0.0003958739
v -0.009571446 -0.009030024 0.0004023556
v -0.009584193 -0.00899925 0.0003958739
v -0.009413113 -0.008997023 0.0004023556
v -0.009406234 -0.008964909 0.0003958739
v -0.009412622 -0.008997023 0.0004023556
v -0.009241542 -0.00899925 0.0003958739
v -0.009254289 -0.009030024 0.0004023556
v -0.009604756 -0.008949607 0.0003172049
v -0.009602221 -0.008955728 0.0003497907
v -0.009762747 -0.009062988 0.0003497907
v -0.009767432 -0.009058303 0.0003172049
v -0.009602221 -0.008955728 0.0003497907
v -0.009595 -0.00897316 0.0003774156
v -0.009749406 -0.009076328 0.0003774156
v -0.009762747 -0.009062988 0.0003497907
v -0.009595 -0.00897316 0.0003774156
v -0.009584193 -0.00899925 0.0003958739
v -0.00972944 -0.009096295 0.0003958739
v -0.009749406 -0.009076328 0.0003774156
v -0.009584193 -0.00899925 0.0003958739
v -0.009571446 -0.009030024 0.0004023556
v -0.009705889 -0.009119845 0.0004023556
v -0.00972944 -0.009096295 0.0003958739
v -0.009767432 -0.009058303 0.0003172049
v -0.009762747 -0.009062988 0.0003497907
v -0.009870006 -0.009223514 0.0003497907
v -0.009876127 -0.009220978 0.0003172049
v -0.009762747 -0.009062988 0.0003497907
v -0.009749406 -0.009076328 0.0003774156
v -0.009852574 -0.009230735 0.0003774156
v -0.009870006 -0.009223514 0.0003497907
v -0.009749406 -0.009076328 0.0003774156
v -0.00972944 -0.009096295 0.0003958739
v -0.009826485 -0.009241542 0.0003958739
v -0.009852574 -0.009230735 0.0003774156
v -0.00972944 -0.009096295 0.0003958739
v -0.009705889 -0.009119845 0.0004023556
v -0.00979571 -0.009254289 0.0004023556
v -0.009826485 -0.009241542 0.0003958739
v -0.009876127 -0.009220978 0.0003172049
v -0.009870006 -0.009223514 0.0003497907
v -0.009906241 -0.0093972 0.0003497907
v -0.009912629 -0.00939593 0.0003172049
v -0.009870006 -0.009223514 0.0003497907
v -0.009852574 -0.009230735 0.0003774156
v -0.00988805 -0.009400818 0.0003774156
v -0.009906241 -0.0093972 0.0003497907
v -0.009852574 -0.009230735 0.0003774156
v -0.009826485 -0.009241542 0.0003958739
v -0.009860826 -0.009406234 0.0003958739
v -0.00988805 -0.009400818 0.0003774156
v -0.008913106 -0.00939593 0.0003172049
v -0.008919494 -0.0093972 0.0003497907
v -0.008955728 -0.009223514 0.0003497907
v -0.008949607 -0.009220978 0.0003172049
v -0.008919494 -0.0093972 0.0003497907
v -0.008937685 -0.009400818 0.0003774156
v -0.00897316 -0.009230735 0.0003774156
v -0.008955728 -0.009223514 0.0003497907
v -0.008937685 -0.009400818 0.0003774156
v -0.008964909 -0.009406234 0.0003958739
v -0.00899925 -0.009241542 0.0003958739
v -0.00897316 -0.009230735 0.0003774156
v -0.008964909 -0.009406234 0.0003958739
v -0.009030024 -0.009254289 0.0004023556
v -0.00899925 -0.009241542 0.0003958739
v -0.008997023 -0.009412622 0.0004023556
v -0.008964909 -0.009419501 0.0003958739
v -0.008997023 -0.009413113 0.0004023556
v -0.00899925 -0.009584193 0.0003958739
v -0.009030024 -0.009571446 0.0004023556
v -0.008949607 -0.009220978 0.0003172049
v -0.008955728 -0.009223514 0.0003497907
v -0.009062988 -0.009062988 0.0003497907
v -0.009058303 -0.009058303 0.0003172049
v -0.008955728 -0.009223514 0.0003497907
v -0.00897316 -0.009230735 0.0003774156
v -0.009076328 -0.009076328 0.0003774156
v -0.009062988 -0.009062988 0.0003497907
v -0.00897316 -0.009230735 0.0003774156
v -0.00899925 -0.009241542 0.0003958739
v -0.009096295 -0.009096295 0.0003958739
v -0.009076328 -0.009076328 0.0003774156
v -0.00899925 -0.009241542 0.0003958739
v -0.009030024 -0.009254289 0.0004023556
v -0.009119845 -0.009119845 0.0004023556
v -0.009096295 -0.009096295 0.0003958739
v -0.009058303 -0.009058303 0.0003172049
v -0.009062988 -0.009062988 0.0003497907
v -0.009223514 -0.008955728 0.0003497907
v -0.009220978 -0.008949607 0.0003172049
v -0.009062988 -0.009062988 0.0003497907
v -0.009076328 -0.009076328 0.0003774156
v -0.009230735 -0.00897316 0.0003774156
v -0.009223514 -0.008955728 0.0003497907
v -0.009076328 -0.009076328 0.0003774156
v -0.009096295 -0.009096295 0.0003958739
v -0.009241542 -0.00899925 0.0003958739
v -0.009230735 -0.00897316 0.0003774156
v -0.009096295 -0.009096295 0.0003958739
v -0.009119845 -0.009119845 0.0004023556
v -0.009254289 -0.009030024 0.0004023556
v -0.009241542 -0.00899925 0.0003958739
v -0.009220978 -0.008949607 0.0003172049
v -0.009223514 -0.008955728 0.0003497907
v -0.0093972 -0.008919494 0.0003497907
v -0.00939593 -0.008913106 0.0003172049
v -0.009223514 -0.008955728 0.0003497907
v -0.009230735 -0.00897316 0.0003774156
v -0.009400818 -0.008937685 0.0003774156
v -0.0093972 -0.008919494 0.0003497907
v -0.009230735 -0.00897316 0.0003774156
v -0.009241542 -0.00899925 0.0003958739
v -0.009406234 -0.008964909 0.0003958739
v -0.009400818 -0.008937685 0.0003774156
v -0.00939593 -0.009912629 0.0003172049
v -0.0093972 -0.009906241 0.0003497907
v -0.009223514 -0.009870006 0.0003497907
v -0.009220978 -0.009876127 0.0003172049
v -0.0093972 -0.009906241 0.0003497907
v -0.009400818 -0.00988805 0.0003774156
v -0.009230735 -0.009852574 0.0003774156
v -0.009223514 -0.009870006 0.0003497907
v -0.009400818 -0.00988805 0.0003774156
v -0.009406234 -0.009860826 0.0003958739
v -0.009241542 -0.009826485 0.0003958739
v -0.009230735 -0.009852574 0.0003774156
v -0.009220978 -0.009876127 0.0003172049
v -0.009223514 -0.009870006 0.0003497907
v -0.009062988 -0.009762747 0.0003497907
v -0.009058303 -0.009767432 0.0003172049
v -0.009223514 -0.009870006 0.0003497907
v -0.009230735 -0.009852574 0.0003774156
v -0.009076328 -0.009749406 0.0003774156
v -0.009062988 -0.009762747 0.0003497907
v -0.009230735 -0.009852574 0.0003774156
v -0.009241542 -0.009826485 0.0003958739
v -0.009096295 -0.00972944 0.0003958739
v -0.009076328 -0.009749406 0.0003774156
v -0.009241542 -0.009826485 0.0003958739
v -0.009254289 -0.00979571 0.0004023556
v -0.009119845 -0.009705889 0.0004023556
v -0.009096295 -0.00972944 0.0003958739
v -0.009058303 -0.009767432 0.0003172049
v -0.009062988 -0.009762747 0.0003497907
v -0.008955728 -0.009602221 0.0003497907
v -0.008949607 -0.009604756 0.0003172049
v -0.009062988 -0.009762747 0.0003497907
v -0.009076328 -0.009749406 0.0003774156
v -0.00897316 -0.009595 0.0003774156
v -0.008955728 -0.009602221 0.0003497907
v -0.009076328 -0.009749406 0.0003774156
v -0.009096295 -0.00972944 0.0003958739
v -0.00899925 -0.009584193 0.0003958739
v -0.00897316 -0.009595 0.0003774156
v -0.009096295 -0.00972944 0.0003958739
v -0.009119845 -0.009705889 0.0004023556
v -0.009030024 -0.009571446 0.0004023556
v -0.00899925 -0.009584193 0.0003958739
v -0.008949607 -0.009604756 0.0003172049
v -0.008955728 -0.009602221 0.0003497907
v -0.008919494 -0.009428535 0.0003497907
v -0.008913106 -0.009429804 0.0003172049
v -0.008955728 -0.009602221 0.0003497907
v -0.00897316 -0.009595 0.0003774156
v -0.008937685 -0.009424916 0.0003774156
v -0.008919494 -0.009428535 0.0003497907
v -0.00897316 -0.009595 0.0003774156
v -0.00899925 -0.009584193 0.0003958739
v -0.008964909 -0.009419501 0.0003958739
v -0.008937685 -0.009424916 0.0003774156
v -0.009860826 -0.009419501 0.0003958739
v -0.00988805 -0.009424916 0.0003774156
v -0.00988805 -0.009400818 0.0003774156
v -0.009860826 -0.009406234 0.0003958739
v -0.00988805 -0.009424916 0.0003774156
v -0.009906241 -0.009428535 0.0003497907
v -0.009906241 -0.0093972 0.0003497907
v -0.00988805 -0.009400818 0.0003774156
v -0.009906241 -0.009428535 0.0003497907
v -0.009912629 -0.009429804 0.0003172049
v -0.009912629 -0.00939593 0.0003172049
v -0.009906241 -0.0093972 0.0003497907
v -0.009419501 -0.008964909 0.0003958739
v -0.009424916 -0.008937685 0.0003774156
v -0.009400818 -0.008937685 0.0003774156
v -0.009406234 -0.008964909 0.0003958739
v -0.009424916 -0.008937685 0.0003774156
v -0.009428535 -0.008919494 0.0003497907
v -0.0093972 -0.008919494 0.0003497907
v -0.009400818 -0.008937685 0.0003774156
v -0.009428535 -0.008919494 0.0003497907
v -0.009429804 -0.008913106 0.0003172049
v -0.00939593 -0.008913106 0.0003172049
v -0.0093972 -0.008919494 0.0003497907
v -0.008964909 -0.009406234 0.0003958739
v -0.008937685 -0.009400818 0.0003774156
v -0.008937685 -0.009424916 0.0003774156
v -0.008964909 -0.009419501 0.0003958739
v -0.008937685 -0.009400818 0.0003774156
v -0.008919494 -0.0093972 0.0003497907
v -0.008919494 -0.009428535 0.0003497907
v -0.008937685 -0.009424916 0.0003774156
v -0.008919494 -0.0093972 0.0003497907
v -0.008913106 -0.00939593 0.0003172049
v -0.008913106 -0.009429804 0.0003172049
v -0.008919494 -0.009428535 0.0003497907
v -0.009406234 -0.009860826 0.0003958739
v -0.009400818 -0.00988805 0.0003774156
v -0.009424916 -0.00988805 0.0003774156
v -0.009419501 -0.009860826 0.0003958739
v -0.009400818 -0.00988805 0.0003774156
v -0.0093972 -0.009906241 0.0003497907
v -0.009428535 -0.009906241 0.0003497907
v -0.009424916 -0.00988805 0.0003774156
v -0.0093972 -0.009906241 0.0003497907
v -0.00939593 -0.009912629 0.0003172049
v -0.009429804 -0.009912629 0.0003172049
v -0.009428535 -0.009906241 0.0003497907
v -0.009403626 -0.009781016 0.0007106838
v -0.009402471 -0.009775208 0.0007106838
v -0.009423264 -0.009775208 0.0007106838
v -0.009422109 -0.009781016 0.0007106838
v -0.009751416 -0.009272636 0.0007106838
v -0.009775208 -0.009423264 0.0007106838
v -0.009781016 -0.009422109 0.0007106838
v -0.00974668 -0.009274597 0.0007106838
v -0.009672011 -0.009153723 0.0007106838
v -0.009668357 -0.009157378 0.0007106838
v -0.009553098 -0.009074318 0.0007106838
v -0.009551137 -0.009079054 0.0007106838
v -0.009403626 -0.009044718 0.0007106838
v -0.009402471 -0.009050527 0.0007106838
v -0.009403626 -0.009781016 0.004670837
v -0.009402471 -0.009775208 0.004670837
v -0.009551137 -0.00974668 0.004670837
v -0.009553098 -0.009751416 0.004670837
v -0.009668357 -0.009668357 0.004670837
v -0.009672011 -0.009672011 0.004670837
v -0.00974668 -0.009551137 0.004670837
v -0.009751416 -0.009553098 0.004670837
v -0.009775208 -0.009402471 0.004670837
v -0.009781016 -0.009403626 0.004670837
v -0.009827478 -0.009412867 0.004718209
v -0.009827478 -0.009412867 0.004789241
v -0.009795917 -0.009571532 0.004789241
v -0.009795917 -0.009571532 0.00471808
v -0.009781016 -0.009422109 0.0007106838
v -0.009775208 -0.009423264 0.0007106838
v -0.009775208 -0.009402471 0.0007106838
v -0.009781016 -0.009403626 0.0007106838
v -0.009781016 -0.009403626 0.004670837
v -0.009775208 -0.009402471 0.004670837
v -0.009775208 -0.009423264 0.004670837
v -0.009781016 -0.009422109 0.004670837
v -0.009403626 -0.009044718 0.004670837
v -0.009402471 -0.009050527 0.004670837
v -0.009423264 -0.009050527 0.004670837
v -0.009422109 -0.009044718 0.004670837
v -0.009553098 -0.009074318 0.004670837
v -0.009402471 -0.009050527 0.004670837
v -0.009403626 -0.009044718 0.004670837
v -0.009551137 -0.009079054 0.004670837
v -0.009672011 -0.009153723 0.004670837
v -0.009668357 -0.009157378 0.004670837
v -0.009751416 -0.009272636 0.004670837
v -0.00974668 -0.009274597 0.004670837
v -0.009781016 -0.009422109 0.004670837
v -0.009775208 -0.009423264 0.004670837
v -0.009044718 -0.009403626 0.0007106838
v -0.009050527 -0.009402471 0.0007106838
v -0.009050527 -0.009423264 0.0007106838
v -0.009044718 -0.009422109 0.0007106838
v -0.009422109 -0.009044718 0.004670837
v -0.009423264 -0.009050527 0.004670837
v -0.009274597 -0.009079054 0.004670837
v -0.009272636 -0.009074318 0.004670837
v -0.009157378 -0.009157378 0.004670837
v -0.009153723 -0.009153723 0.004670837
v -0.009079054 -0.009274597 0.004670837
v -0.009074318 -0.009272636 0.004670837
v -0.009050527 -0.009423264 0.004670837
v -0.009044718 -0.009422109 0.004670837
v -0.009119693 -0.009119693 0.004718038
v -0.009119693 -0.009119693 0.004789241
v -0.009254202 -0.009029817 0.004789241
v -0.009254202 -0.009029817 0.00471808
v -0.009119693 -0.009119693 0.0006634832
v -0.009119693 -0.009119693 0.0004023556
v -0.009029817 -0.009254202 0.0004023556
v -0.009029817 -0.009254202 0.0006634413
v -0.009422109 -0.009044718 0.0007106838
v -0.009423264 -0.009050527 0.0007106838
v -0.009402471 -0.009050527 0.0007106838
v -0.009403626 -0.009044718 0.0007106838
v -0.009422109 -0.009781016 0.004670837
v -0.009423264 -0.009775208 0.004670837
v -0.009402471 -0.009775208 0.004670837
v -0.009403626 -0.009781016 0.004670837
v -0.009272636 -0.009751416 0.004670837
v -0.009423264 -0.009775208 0.004670837
v -0.009422109 -0.009781016 0.004670837
v -0.009274597 -0.00974668 0.004670837
v -0.009153723 -0.009672011 0.004670837
v -0.009157378 -0.009668357 0.004670837
v -0.009074318 -0.009553098 0.004670837
v -0.009079054 -0.009551137 0.004670837
v -0.009044718 -0.009403626 0.004670837
v -0.009050527 -0.009402471 0.004670837
v -0.009422109 -0.009781016 0.0007106838
v -0.009423264 -0.009775208 0.0007106838
v -0.009274597 -0.00974668 0.0007106838
v -0.009272636 -0.009751416 0.0007106838
v -0.009157378 -0.009668357 0.0007106838
v -0.009153723 -0.009672011 0.0007106838
v -0.009079054 -0.009551137 0.0007106838
v -0.009074318 -0.009553098 0.0007106838
v -0.009050527 -0.009402471 0.0007106838
v -0.009044718 -0.009403626 0.0007106838
v -0.009795917 -0.009571532 0.0006634413
v -0.009795917 -0.009571532 0.0004023556
v -0.009827478 -0.009412867 0.0004023556
v -0.009827478 -0.009412867 0.0006633124
v -0.009044718 -0.009422109 0.004670837
v -0.009050527 -0.009423264 0.004670837
v -0.009050527 -0.009402471 0.004670837
v -0.009044718 -0.009403626 0.004670837
v -0.009029817 -0.009571532 0.00471808
v -0.009029817 -0.009571532 0.004789241
v -0.008998257 -0.009412867 0.004789241
v -0.008998257 -0.009412867 0.004718209
v -0.009423264 -0.009775208 0.0007106838
v -0.009423264 -0.009775208 0.004670837
v -0.009402471 -0.009775208 0.004670837
v -0.009402471 -0.009775208 0.0007106838
v -0.009050527 -0.009423264 0.0007106838
v -0.009050527 -0.009423264 0.004670837
v -0.009050527 -0.009402471 0.004670837
v -0.009050527 -0.009402471 0.0007106838
v -0.009775208 -0.009402471 0.0007106838
v -0.009775208 -0.009402471 0.004670837
v -0.009775208 -0.009423264 0.004670837
v -0.009775208 -0.009423264 0.0007106838
v -0.009402471 -0.009050527 0.0007106838
v -0.009402471 -0.009050527 0.004670837
v -0.009423264 -0.009050527 0.004670837
v -0.009423264 -0.009050527 0.0007106838
v -0.009402471 -0.009775208 0.0007106838
v -0.009551137 -0.00974668 0.0007106838
v -0.009551137 -0.00974668 0.004670837
v -0.009402471 -0.009775208 0.004670837
v -0.009551137 -0.00974668 0.0007106838
v -0.009668357 -0.009668357 0.0007106838
v -0.009668357 -0.009668357 0.004670837
v -0.009551137 -0.00974668 0.004670837
v -0.009668357 -0.009668357 0.0007106838
v -0.00974668 -0.009551137 0.0007106838
v -0.00974668 -0.009551137 0.004670837
v -0.009668357 -0.009668357 0.004670837
v -0.00974668 -0.009551137 0.0007106838
v -0.009775208 -0.009402471 0.0007106838
v -0.009775208 -0.009402471 0.004670837
v -0.00974668 -0.009551137 0.004670837
v -0.009402471 -0.009050527 0.004670837
v -0.009551137 -0.009079054 0.004670837
v -0.009551137 -0.009079054 0.0007106838
v -0.009402471 -0.009050527 0.0007106838
v -0.009551137 -0.009079054 0.004670837
v -0.009668357 -0.009157378 0.004670837
v -0.009668357 -0.009157378 0.0007106838
v -0.009551137 -0.009079054 0.0007106838
v -0.009668357 -0.009157378 0.004670837
v -0.00974668 -0.009274597 0.004670837
v -0.00974668 -0.009274597 0.0007106838
v -0.009668357 -0.009157378 0.0007106838
v -0.00974668 -0.009274597 0.004670837
v -0.009775208 -0.009423264 0.004670837
v -0.009775208 -0.009423264 0.0007106838
v -0.00974668 -0.009274597 0.0007106838
v -0.009050527 -0.009423264 0.004670837
v -0.009079054 -0.009274597 0.004670837
v -0.009079054 -0.009274597 0.0007106838
v -0.009050527 -0.009423264 0.0007106838
v -0.009079054 -0.009274597 0.004670837
v -0.009157378 -0.009157378 0.004670837
v -0.009157378 -0.009157378 0.0007106838
v -0.009079054 -0.009274597 0.0007106838
v -0.009157378 -0.009157378 0.004670837
v -0.009274597 -0.009079054 0.004670837
v -0.009274597 -0.009079054 0.0007106838
v -0.009157378 -0.009157378 0.0007106838
v -0.009274597 -0.009079054 0.004670837
v -0.009423264 -0.009050527 0.004670837
v -0.009423264 -0.009050527 0.0007106838
v -0.009274597 -0.009079054 0.0007106838
v -0.009423264 -0.009775208 0.004670837
v -0.009274597 -0.00974668 0.004670837
v -0.009274597 -0.00974668 0.0007106838
v -0.009423264 -0.009775208 0.0007106838
v -0.009274597 -0.00974668 0.004670837
v -0.009157378 -0.009668357 0.004670837
v -0.009157378 -0.009668357 0.0007106838
v -0.009274597 -0.00974668 0.0007106838
v -0.009157378 -0.009668357 0.004670837
v -0.009079054 -0.009551137 0.004670837
v -0.009079054 -0.009551137 0.0007106838
v -0.009157378 -0.009668357 0.0007106838
v -0.009079054 -0.009551137 0.004670837
v -0.009050527 -0.009402471 0.004670837
v -0.009050527 -0.009402471 0.0007106838
v -0.009079054 -0.009551137 0.0007106838
v -0.009254202 -0.009029817 0.0006634413
v -0.009254202 -0.009029817 0.0004023556
v -0.009119693 -0.009119693 0.0004023556
v -0.009119693 -0.009119693 0.0006634832
v -0.009412867 -0.008998257 0.004718209
v -0.009412867 -0.008998257 0.004789241
v -0.009571532 -0.009029817 0.004789241
v -0.009571532 -0.009029817 0.00471808
v -0.009254202 -0.009029817 0.00471808
v -0.009254202 -0.009029817 0.004789241
v -0.009412867 -0.008998257 0.004789241
v -0.009412867 -0.008998257 0.004718209
v -0.009571532 -0.009029817 0.0006634413
v -0.009571532 -0.009029817 0.0004023556
v -0.009412867 -0.008998257 0.0004023556
v -0.009412867 -0.008998257 0.0006633124
v -0.009412867 -0.008998257 0.0006633124
v -0.009412867 -0.008998257 0.0004023556
v -0.009254202 -0.009029817 0.0004023556
v -0.009254202 -0.009029817 0.0006634413
v -0.009571532 -0.009029817 0.00471808
v -0.009571532 -0.009029817 0.004789241
v -0.009706041 -0.009119693 0.004789241
v -0.009706041 -0.009119693 0.004718038
v -0.009412867 -0.009827478 0.004718209
v -0.009412867 -0.009827478 0.004789241
v -0.009254202 -0.009795917 0.004789241
v -0.009254202 -0.009795917 0.00471808
v -0.009706041 -0.009119693 0.0006634832
v -0.009706041 -0.009119693 0.0004023556
v -0.009571532 -0.009029817 0.0004023556
v -0.009571532 -0.009029817 0.0006634413
v -0.009254202 -0.009795917 0.0006634413
v -0.009254202 -0.009795917 0.0004023556
v -0.009412867 -0.009827478 0.0004023556
v -0.009412867 -0.009827478 0.0006633124
v -0.009706041 -0.009119693 0.004718038
v -0.009706041 -0.009119693 0.004789241
v -0.009795917 -0.009254202 0.004789241
v -0.009795917 -0.009254202 0.00471808
v -0.009254202 -0.009795917 0.00471808
v -0.009254202 -0.009795917 0.004789241
v -0.009119693 -0.009706041 0.004789241
v -0.009119693 -0.009706041 0.004718038
v -0.009795917 -0.009254202 0.0006634413
v -0.009795917 -0.009254202 0.0004023556
v -0.009706041 -0.009119693 0.0004023556
v -0.009706041 -0.009119693 0.0006634832
v -0.009412867 -0.009827478 0.0006633124
v -0.009412867 -0.009827478 0.0004023556
v -0.009571532 -0.009795917 0.0004023556
v -0.009571532 -0.009795917 0.0006634413
v -0.009119693 -0.009706041 0.0006634832
v -0.009119693 -0.009706041 0.0004023556
v -0.009254202 -0.009795917 0.0004023556
v -0.009254202 -0.009795917 0.0006634413
v -0.009571532 -0.009795917 0.0006634413
v -0.009570128 -0.00979253 0.0006815203
v -0.009412164 -0.009823942 0.0006814406
v -0.009412867 -0.009827478 0.0006633124
v -0.009570128 -0.00979253 0.0006815203
v -0.009566133 -0.009782883 0.0006968468
v -0.009410161 -0.009813869 0.000696809
v -0.009412164 -0.009823942 0.0006814406
v -0.009566133 -0.009782883 0.0006968468
v -0.009560153 -0.009768446 0.0007070877
v -0.009407162 -0.009798797 0.0007070779
v -0.009410161 -0.009813869 0.000696809
v -0.009560153 -0.009768446 0.0007070877
v -0.009553098 -0.009751416 0.0007106838
v -0.009403626 -0.009781016 0.0007106838
v -0.009407162 -0.009798797 0.0007070779
v -0.009412867 -0.009827478 0.004718209
v -0.009412164 -0.009823942 0.004700081
v -0.009570128 -0.00979253 0.0047
v -0.009571532 -0.009795917 0.00471808
v -0.009412164 -0.009823942 0.004700081
v -0.009410161 -0.009813869 0.004684712
v -0.009566133 -0.009782883 0.004684674
v -0.009570128 -0.00979253 0.0047
v -0.009410161 -0.009813869 0.004684712
v -0.009407162 -0.009798797 0.004674444
v -0.009560153 -0.009768446 0.004674433
v -0.009566133 -0.009782883 0.004684674
v -0.009407162 -0.009798797 0.004674444
v -0.009553098 -0.009751416 0.004670837
v -0.009560153 -0.009768446 0.004674433
v -0.009403626 -0.009781016 0.004670837
v -0.009418572 -0.009798797 0.004674444
v -0.009422109 -0.009781016 0.004670837
v -0.009265582 -0.009768446 0.004674433
v -0.009272636 -0.009751416 0.004670837
v -0.009706041 -0.009706041 0.0006634832
v -0.009703451 -0.009703451 0.0006815461
v -0.009570128 -0.00979253 0.0006815203
v -0.009571532 -0.009795917 0.0006634413
v -0.009703451 -0.009703451 0.0006815461
v -0.009696074 -0.009696074 0.000696859
v -0.009566133 -0.009782883 0.0006968468
v -0.009570128 -0.00979253 0.0006815203
v -0.009696074 -0.009696074 0.000696859
v -0.009685034 -0.009685034 0.0007070908
v -0.009560153 -0.009768446 0.0007070877
v -0.009566133 -0.009782883 0.0006968468
v -0.009685034 -0.009685034 0.0007070908
v -0.009672011 -0.009672011 0.0007106838
v -0.009553098 -0.009751416 0.0007106838
v -0.009560153 -0.009768446 0.0007070877
v -0.009571532 -0.009795917 0.00471808
v -0.009570128 -0.00979253 0.0047
v -0.009703451 -0.009703451 0.004699975
v -0.009706041 -0.009706041 0.004718038
v -0.009570128 -0.00979253 0.0047
v -0.009566133 -0.009782883 0.004684674
v -0.009696074 -0.009696074 0.004684663
v -0.009703451 -0.009703451 0.004699975
v -0.009566133 -0.009782883 0.004684674
v -0.009560153 -0.009768446 0.004674433
v -0.009685034 -0.009685034 0.00467443
v -0.009696074 -0.009696074 0.004684663
v -0.009560153 -0.009768446 0.004674433
v -0.009553098 -0.009751416 0.004670837
v -0.009672011 -0.009672011 0.004670837
v -0.009685034 -0.009685034 0.00467443
v -0.009795917 -0.009571532 0.0006634413
v -0.00979253 -0.009570128 0.0006815203
v -0.009703451 -0.009703451 0.0006815461
v -0.009706041 -0.009706041 0.0006634832
v -0.00979253 -0.009570128 0.0006815203
v -0.009782883 -0.009566133 0.0006968468
v -0.009696074 -0.009696074 0.000696859
v -0.009703451 -0.009703451 0.0006815461
v -0.009782883 -0.009566133 0.0006968468
v -0.009768446 -0.009560153 0.0007070877
v -0.009685034 -0.009685034 0.0007070908
v -0.009696074 -0.009696074 0.000696859
v -0.009768446 -0.009560153 0.0007070877
v -0.009751416 -0.009553098 0.0007106838
v -0.009672011 -0.009672011 0.0007106838
v -0.009685034 -0.009685034 0.0007070908
v -0.009706041 -0.009706041 0.004718038
v -0.009703451 -0.009703451 0.004699975
v -0.00979253 -0.009570128 0.0047
v -0.009795917 -0.009571532 0.00471808
v -0.009703451 -0.009703451 0.004699975
v -0.009696074 -0.009696074 0.004684663
v -0.009782883 -0.009566133 0.004684674
v -0.00979253 -0.009570128 0.0047
v -0.009696074 -0.009696074 0.004684663
v -0.009685034 -0.009685034 0.00467443
v -0.009768446 -0.009560153 0.004674433
v -0.009782883 -0.009566133 0.004684674
v -0.009685034 -0.009685034 0.00467443
v -0.009672011 -0.009672011 0.004670837
v -0.009751416 -0.009553098 0.004670837
v -0.009768446 -0.009560153 0.004674433
v -0.009827478 -0.009412867 0.0006633124
v -0.009823942 -0.009412164 0.0006814406
v -0.00979253 -0.009570128 0.0006815203
v -0.009795917 -0.009571532 0.0006634413
v -0.009823942 -0.009412164 0.0006814406
v -0.009813869 -0.009410161 0.000696809
v -0.009782883 -0.009566133 0.0006968468
v -0.00979253 -0.009570128 0.0006815203
v -0.009813869 -0.009410161 0.000696809
v -0.009798797 -0.009407162 0.0007070779
v -0.009768446 -0.009560153 0.0007070877
v -0.009782883 -0.009566133 0.0006968468
v -0.009798797 -0.009407162 0.0007070779
v -0.009781016 -0.009403626 0.0007106838
v -0.009751416 -0.009553098 0.0007106838
v -0.009768446 -0.009560153 0.0007070877
v -0.009795917 -0.009571532 0.00471808
v -0.00979253 -0.009570128 0.0047
v -0.009823942 -0.009412164 0.004700081
v -0.009827478 -0.009412867 0.004718209
v -0.00979253 -0.009570128 0.0047
v -0.009782883 -0.009566133 0.004684674
v -0.009813869 -0.009410161 0.004684712
v -0.009823942 -0.009412164 0.004700081
v -0.009782883 -0.009566133 0.004684674
v -0.009768446 -0.009560153 0.004674433
v -0.009798797 -0.009407162 0.004674444
v -0.009813869 -0.009410161 0.004684712
v -0.009768446 -0.009560153 0.004674433
v -0.009751416 -0.009553098 0.004670837
v -0.009781016 -0.009403626 0.004670837
v -0.009798797 -0.009407162 0.004674444
v -0.009781016 -0.009422109 0.004670837
v -0.009798797 -0.009418572 0.004674444
v -0.009751416 -0.009272636 0.004670837
v -0.009768446 -0.009265582 0.004674433
v -0.009571532 -0.009029817 0.00471808
v -0.009570128 -0.009033205 0.0047
v -0.009412164 -0.009001793 0.004700081
v -0.009412867 -0.008998257 0.004718209
v -0.009570128 -0.009033205 0.0047
v -0.009566133 -0.009042851 0.004684674
v -0.009410161 -0.009011865 0.004684712
v -0.009412164 -0.009001793 0.004700081
v -0.009566133 -0.009042851 0.004684674
v -0.009560153 -0.009057289 0.004674433
v -0.009407162 -0.009026938 0.004674444
v -0.009410161 -0.009011865 0.004684712
v -0.009560153 -0.009057289 0.004674433
v -0.009553098 -0.009074318 0.004670837
v -0.009403626 -0.009044718 0.004670837
v -0.009407162 -0.009026938 0.004674444
v -0.009422109 -0.009044718 0.004670837
v -0.009418572 -0.009026938 0.004674444
v -0.009272636 -0.009074318 0.004670837
v -0.009265582 -0.009057289 0.004674433
v -0.009412867 -0.008998257 0.0006633124
v -0.009412164 -0.009001793 0.0006814406
v -0.009570128 -0.009033205 0.0006815203
v -0.009571532 -0.009029817 0.0006634413
v -0.009412164 -0.009001793 0.0006814406
v -0.009410161 -0.009011865 0.000696809
v -0.009566133 -0.009042851 0.0006968468
v -0.009570128 -0.009033205 0.0006815203
v -0.009410161 -0.009011865 0.000696809
v -0.009407162 -0.009026938 0.0007070779
v -0.009560153 -0.009057289 0.0007070877
v -0.009566133 -0.009042851 0.0006968468
v -0.009407162 -0.009026938 0.0007070779
v -0.009403626 -0.009044718 0.0007106838
v -0.009553098 -0.009074318 0.0007106838
v -0.009560153 -0.009057289 0.0007070877
v -0.009706041 -0.009119693 0.004718038
v -0.009703451 -0.009122284 0.004699975
v -0.009570128 -0.009033205 0.0047
v -0.009571532 -0.009029817 0.00471808
v -0.009703451 -0.009122284 0.004699975
v -0.009696074 -0.00912966 0.004684663
v -0.009566133 -0.009042851 0.004684674
v -0.009570128 -0.009033205 0.0047
v -0.009696074 -0.00912966 0.004684663
v -0.009685034 -0.0091407 0.00467443
v -0.009560153 -0.009057289 0.004674433
v -0.009566133 -0.009042851 0.004684674
v -0.009685034 -0.0091407 0.00467443
v -0.009672011 -0.009153723 0.004670837
v -0.009553098 -0.009074318 0.004670837
v -0.009560153 -0.009057289 0.004674433
v -0.009571532 -0.009029817 0.0006634413
v -0.009570128 -0.009033205 0.0006815203
v -0.009703451 -0.009122284 0.0006815461
v -0.009706041 -0.009119693 0.0006634832
v -0.009570128 -0.009033205 0.0006815203
v -0.009566133 -0.009042851 0.0006968468
v -0.009696074 -0.00912966 0.000696859
v -0.009703451 -0.009122284 0.0006815461
v -0.009566133 -0.009042851 0.0006968468
v -0.009560153 -0.009057289 0.0007070877
v -0.009685034 -0.0091407 0.0007070908
v -0.009696074 -0.00912966 0.000696859
v -0.009560153 -0.009057289 0.0007070877
v -0.009553098 -0.009074318 0.0007106838
v -0.009672011 -0.009153723 0.0007106838
v -0.009685034 -0.0091407 0.0007070908
v -0.009795917 -0.009254202 0.00471808
v -0.00979253 -0.009255606 0.0047
v -0.009703451 -0.009122284 0.004699975
v -0.009706041 -0.009119693 0.004718038
v -0.00979253 -0.009255606 0.0047
v -0.009782883 -0.009259602 0.004684674
v -0.009696074 -0.00912966 0.004684663
v -0.009703451 -0.009122284 0.004699975
v -0.009782883 -0.009259602 0.004684674
v -0.009768446 -0.009265582 0.004674433
v -0.009685034 -0.0091407 0.00467443
v -0.009696074 -0.00912966 0.004684663
v -0.009768446 -0.009265582 0.004674433
v -0.009751416 -0.009272636 0.004670837
v -0.009672011 -0.009153723 0.004670837
v -0.009685034 -0.0091407 0.00467443
v -0.009706041 -0.009119693 0.0006634832
v -0.009703451 -0.009122284 0.0006815461
v -0.00979253 -0.009255606 0.0006815203
v -0.009795917 -0.009254202 0.0006634413
v -0.009703451 -0.009122284 0.0006815461
v -0.009696074 -0.00912966 0.000696859
v -0.009782883 -0.009259602 0.0006968468
v -0.00979253 -0.009255606 0.0006815203
v -0.009696074 -0.00912966 0.000696859
v -0.009685034 -0.0091407 0.0007070908
v -0.009768446 -0.009265582 0.0007070877
v -0.009782883 -0.009259602 0.0006968468
v -0.009685034 -0.0091407 0.0007070908
v -0.009672011 -0.009153723 0.0007106838
v -0.009751416 -0.009272636 0.0007106838
v -0.009768446 -0.009265582 0.0007070877
v -0.009827478 -0.009412867 0.004718209
v -0.009823942 -0.00941357 0.004700081
v -0.00979253 -0.009255606 0.0047
v -0.009795917 -0.009254202 0.00471808
v -0.009823942 -0.00941357 0.004700081
v -0.009813869 -0.009415573 0.004684712
v -0.009782883 -0.009259602 0.004684674
v -0.00979253 -0.009255606 0.0047
v -0.009813869 -0.009415573 0.004684712
v -0.009798797 -0.009418572 0.004674444
v -0.009768446 -0.009265582 0.004674433
v -0.009782883 -0.009259602 0.004684674
v -0.009795917 -0.009254202 0.0006634413
v -0.00979253 -0.009255606 0.0006815203
v -0.009823942 -0.00941357 0.0006814406
v -0.009827478 -0.009412867 0.0006633124
v -0.00979253 -0.009255606 0.0006815203
v -0.009782883 -0.009259602 0.0006968468
v -0.009813869 -0.009415573 0.000696809
v -0.009823942 -0.00941357 0.0006814406
v -0.009782883 -0.009259602 0.0006968468
v -0.009768446 -0.009265582 0.0007070877
v -0.009798797 -0.009418572 0.0007070779
v -0.009813869 -0.009415573 0.000696809
v -0.009768446 -0.009265582 0.0007070877
v -0.009751416 -0.009272636 0.0007106838
v -0.009781016 -0.009422109 0.0007106838
v -0.009798797 -0.009418572 0.0007070779
v -0.009029817 -0.009254202 0.00471808
v -0.009033205 -0.009255606 0.0047
v -0.009001793 -0.00941357 0.004700081
v -0.008998257 -0.009412867 0.004718209
v -0.009033205 -0.009255606 0.0047
v -0.009042851 -0.009259602 0.004684674
v -0.009011865 -0.009415573 0.004684712
v -0.009001793 -0.00941357 0.004700081
v -0.009042851 -0.009259602 0.004684674
v -0.009057289 -0.009265582 0.004674433
v -0.009026938 -0.009418572 0.004674444
v -0.009011865 -0.009415573 0.004684712
v -0.009057289 -0.009265582 0.004674433
v -0.009074318 -0.009272636 0.004670837
v -0.009044718 -0.009422109 0.004670837
v -0.009026938 -0.009418572 0.004674444
v -0.009044718 -0.009403626 0.004670837
v -0.009026938 -0.009407162 0.004674444
v -0.009074318 -0.009553098 0.004670837
v -0.009057289 -0.009560153 0.004674433
v -0.008998257 -0.009412867 0.0006633124
v -0.009001793 -0.00941357 0.0006814406
v -0.009033205 -0.009255606 0.0006815203
v -0.009029817 -0.009254202 0.0006634413
v -0.009001793 -0.00941357 0.0006814406
v -0.009011865 -0.009415573 0.000696809
v -0.009042851 -0.009259602 0.0006968468
v -0.009033205 -0.009255606 0.0006815203
v -0.009011865 -0.009415573 0.000696809
v -0.009026938 -0.009418572 0.0007070779
v -0.009057289 -0.009265582 0.0007070877
v -0.009042851 -0.009259602 0.0006968468
v -0.009026938 -0.009418572 0.0007070779
v -0.009044718 -0.009422109 0.0007106838
v -0.009074318 -0.009272636 0.0007106838
v -0.009057289 -0.009265582 0.0007070877
v -0.009119693 -0.009119693 0.004718038
v -0.009122284 -0.009122284 0.004699975
v -0.009033205 -0.009255606 0.0047
v -0.009029817 -0.009254202 0.00471808
v -0.009122284 -0.009122284 0.004699975
v -0.00912966 -0.00912966 0.004684663
v -0.009042851 -0.009259602 0.004684674
v -0.009033205 -0.009255606 0.0047
v -0.00912966 -0.00912966 0.004684663
v -0.0091407 -0.0091407 0.00467443
v -0.009057289 -0.009265582 0.004674433
v -0.009042851 -0.009259602 0.004684674
v -0.0091407 -0.0091407 0.00467443
v -0.009153723 -0.009153723 0.004670837
v -0.009074318 -0.009272636 0.004670837
v -0.009057289 -0.009265582 0.004674433
v -0.009029817 -0.009254202 0.0006634413
v -0.009033205 -0.009255606 0.0006815203
v -0.009122284 -0.009122284 0.0006815461
v -0.009119693 -0.009119693 0.0006634832
v -0.009033205 -0.009255606 0.0006815203
v -0.009042851 -0.009259602 0.0006968468
v -0.00912966 -0.00912966 0.000696859
v -0.009122284 -0.009122284 0.0006815461
v -0.009042851 -0.009259602 0.0006968468
v -0.009057289 -0.009265582 0.0007070877
v -0.0091407 -0.0091407 0.0007070908
v -0.00912966 -0.00912966 0.000696859
v -0.009057289 -0.009265582 0.0007070877
v -0.009074318 -0.009272636 0.0007106838
v -0.009153723 -0.009153723 0.0007106838
v -0.0091407 -0.0091407 0.0007070908
v -0.009254202 -0.009029817 0.00471808
v -0.009255606 -0.009033205 0.0047
v -0.009122284 -0.009122284 0.004699975
v -0.009119693 -0.009119693 0.004718038
v -0.009255606 -0.009033205 0.0047
v -0.009259602 -0.009042851 0.004684674
v -0.00912966 -0.00912966 0.004684663
v -0.009122284 -0.009122284 0.004699975
v -0.009259602 -0.009042851 0.004684674
v -0.009265582 -0.009057289 0.004674433
v -0.0091407 -0.0091407 0.00467443
v -0.00912966 -0.00912966 0.004684663
v -0.009265582 -0.009057289 0.004674433
v -0.009272636 -0.009074318 0.004670837
v -0.009153723 -0.009153723 0.004670837
v -0.0091407 -0.0091407 0.00467443
v -0.009119693 -0.009119693 0.0006634832
v -0.009122284 -0.009122284 0.0006815461
v -0.009255606 -0.009033205 0.0006815203
v -0.009254202 -0.009029817 0.0006634413
v -0.009122284 -0.009122284 0.0006815461
v -0.00912966 -0.00912966 0.000696859
v -0.009259602 -0.009042851 0.0006968468
v -0.009255606 -0.009033205 0.0006815203
v -0.00912966 -0.00912966 0.000696859
v -0.0091407 -0.0091407 0.0007070908
v -0.009265582 -0.009057289 0.0007070877
v -0.009259602 -0.009042851 0.0006968468
v -0.0091407 -0.0091407 0.0007070908
v -0.009153723 -0.009153723 0.0007106838
v -0.009272636 -0.009074318 0.0007106838
v -0.009265582 -0.009057289 0.0007070877
v -0.009412867 -0.008998257 0.004718209
v -0.00941357 -0.009001793 0.004700081
v -0.009255606 -0.009033205 0.0047
v -0.009254202 -0.009029817 0.00471808
v -0.00941357 -0.009001793 0.004700081
v -0.009415573 -0.009011865 0.004684712
v -0.009259602 -0.009042851 0.004684674
v -0.009255606 -0.009033205 0.0047
v -0.009415573 -0.009011865 0.004684712
v -0.009418572 -0.009026938 0.004674444
v -0.009265582 -0.009057289 0.004674433
v -0.009259602 -0.009042851 0.004684674
v -0.009254202 -0.009029817 0.0006634413
v -0.009255606 -0.009033205 0.0006815203
v -0.00941357 -0.009001793 0.0006814406
v -0.009412867 -0.008998257 0.0006633124
v -0.009255606 -0.009033205 0.0006815203
v -0.009259602 -0.009042851 0.0006968468
v -0.009415573 -0.009011865 0.000696809
v -0.00941357 -0.009001793 0.0006814406
v -0.009259602 -0.009042851 0.0006968468
v -0.009265582 -0.009057289 0.0007070877
v -0.009418572 -0.009026938 0.0007070779
v -0.009415573 -0.009011865 0.000696809
v -0.009265582 -0.009057289 0.0007070877
v -0.009272636 -0.009074318 0.0007106838
v -0.009422109 -0.009044718 0.0007106838
v -0.009418572 -0.009026938 0.0007070779
v -0.009254202 -0.009795917 0.00471808
v -0.009255606 -0.00979253 0.0047
v -0.00941357 -0.009823942 0.004700081
v -0.009412867 -0.009827478 0.004718209
v -0.009255606 -0.00979253 0.0047
v -0.009259602 -0.009782883 0.004684674
v -0.009415573 -0.009813869 0.004684712
v -0.00941357 -0.009823942 0.004700081
v -0.009259602 -0.009782883 0.004684674
v -0.009265582 -0.009768446 0.004674433
v -0.009418572 -0.009798797 0.004674444
v -0.009415573 -0.009813869 0.004684712
v -0.009412867 -0.009827478 0.0006633124
v -0.00941357 -0.009823942 0.0006814406
v -0.009255606 -0.00979253 0.0006815203
v -0.009254202 -0.009795917 0.0006634413
v -0.00941357 -0.009823942 0.0006814406
v -0.009415573 -0.009813869 0.000696809
v -0.009259602 -0.009782883 0.0006968468
v -0.009255606 -0.00979253 0.0006815203
v -0.009415573 -0.009813869 0.000696809
v -0.009418572 -0.009798797 0.0007070779
v -0.009265582 -0.009768446 0.0007070877
v -0.009259602 -0.009782883 0.0006968468
v -0.009418572 -0.009798797 0.0007070779
v -0.009422109 -0.009781016 0.0007106838
v -0.009272636 -0.009751416 0.0007106838
v -0.009265582 -0.009768446 0.0007070877
v -0.009119693 -0.009706041 0.004718038
v -0.009122284 -0.009703451 0.004699975
v -0.009255606 -0.00979253 0.0047
v -0.009254202 -0.009795917 0.00471808
v -0.009122284 -0.009703451 0.004699975
v -0.00912966 -0.009696074 0.004684663
v -0.009259602 -0.009782883 0.004684674
v -0.009255606 -0.00979253 0.0047
v -0.00912966 -0.009696074 0.004684663
v -0.0091407 -0.009685034 0.00467443
v -0.009265582 -0.009768446 0.004674433
v -0.009259602 -0.009782883 0.004684674
v -0.0091407 -0.009685034 0.00467443
v -0.009153723 -0.009672011 0.004670837
v -0.009272636 -0.009751416 0.004670837
v -0.009265582 -0.009768446 0.004674433
v -0.009254202 -0.009795917 0.0006634413
v -0.009255606 -0.00979253 0.0006815203
v -0.009122284 -0.009703451 0.0006815461
v -0.009119693 -0.009706041 0.0006634832
v -0.009255606 -0.00979253 0.0006815203
v -0.009259602 -0.009782883 0.0006968468
v -0.00912966 -0.009696074 0.000696859
v -0.009122284 -0.009703451 0.0006815461
v -0.009259602 -0.009782883 0.0006968468
v -0.009265582 -0.009768446 0.0007070877
v -0.0091407 -0.009685034 0.0007070908
v -0.00912966 -0.009696074 0.000696859
v -0.009265582 -0.009768446 0.0007070877
v -0.009272636 -0.009751416 0.0007106838
v -0.009153723 -0.009672011 0.0007106838
v -0.0091407 -0.009685034 0.0007070908
v -0.009029817 -0.009571532 0.00471808
v -0.009033205 -0.009570128 0.0047
v -0.009122284 -0.009703451 0.004699975
v -0.009119693 -0.009706041 0.004718038
v -0.009033205 -0.009570128 0.0047
v -0.009042851 -0.009566133 0.004684674
v -0.00912966 -0.009696074 0.004684663
v -0.009122284 -0.009703451 0.004699975
v -0.009042851 -0.009566133 0.004684674
v -0.009057289 -0.009560153 0.004674433
v -0.0091407 -0.009685034 0.00467443
v -0.00912966 -0.009696074 0.004684663
v -0.009057289 -0.009560153 0.004674433
v -0.009074318 -0.009553098 0.004670837
v -0.009153723 -0.009672011 0.004670837
v -0.0091407 -0.009685034 0.00467443
v -0.009119693 -0.009706041 0.0006634832
v -0.009122284 -0.009703451 0.0006815461
v -0.009033205 -0.009570128 0.0006815203
v -0.009029817 -0.009571532 0.0006634413
v -0.009122284 -0.009703451 0.0006815461
v -0.00912966 -0.009696074 0.000696859
v -0.009042851 -0.009566133 0.0006968468
v -0.009033205 -0.009570128 0.0006815203
v -0.00912966 -0.009696074 0.000696859
v -0.0091407 -0.009685034 0.0007070908
v -0.009057289 -0.009560153 0.0007070877
v -0.009042851 -0.009566133 0.0006968468
v -0.0091407 -0.009685034 0.0007070908
v -0.009153723 -0.009672011 0.0007106838
v -0.009074318 -0.009553098 0.0007106838
v -0.009057289 -0.009560153 0.0007070877
v -0.008998257 -0.009412867 0.004718209
v -0.009001793 -0.009412164 0.004700081
v -0.009033205 -0.009570128 0.0047
v -0.009029817 -0.009571532 0.00471808
v -0.009001793 -0.009412164 0.004700081
v -0.009011865 -0.009410161 0.004684712
v -0.009042851 -0.009566133 0.004684674
v -0.009033205 -0.009570128 0.0047
v -0.009011865 -0.009410161 0.004684712
v -0.009026938 -0.009407162 0.004674444
v -0.009057289 -0.009560153 0.004674433
v -0.009042851 -0.009566133 0.004684674
v -0.009029817 -0.009571532 0.0006634413
v -0.009033205 -0.009570128 0.0006815203
v -0.009001793 -0.009412164 0.0006814406
v -0.008998257 -0.009412867 0.0006633124
v -0.009033205 -0.009570128 0.0006815203
v -0.009042851 -0.009566133 0.0006968468
v -0.009011865 -0.009410161 0.000696809
v -0.009001793 -0.009412164 0.0006814406
v -0.009042851 -0.009566133 0.0006968468
v -0.009057289 -0.009560153 0.0007070877
v -0.009026938 -0.009407162 0.0007070779
v -0.009011865 -0.009410161 0.000696809
v -0.009057289 -0.009560153 0.0007070877
v -0.009074318 -0.009553098 0.0007106838
v -0.009044718 -0.009403626 0.0007106838
v -0.009026938 -0.009407162 0.0007070779
v -0.009781016 -0.009403626 0.0007106838
v -0.009798797 -0.009407162 0.0007070779
v -0.009798797 -0.009418572 0.0007070779
v -0.009781016 -0.009422109 0.0007106838
v -0.009798797 -0.009407162 0.0007070779
v -0.009813869 -0.009410161 0.000696809
v -0.009813869 -0.009415573 0.000696809
v -0.009798797 -0.009418572 0.0007070779
v -0.009813869 -0.009410161 0.000696809
v -0.009823942 -0.009412164 0.0006814406
v -0.009823942 -0.00941357 0.0006814406
v -0.009813869 -0.009415573 0.000696809
v -0.009403626 -0.009044718 0.0007106838
v -0.009407162 -0.009026938 0.0007070779
v -0.009418572 -0.009026938 0.0007070779
v -0.009422109 -0.009044718 0.0007106838
v -0.009407162 -0.009026938 0.0007070779
v -0.009410161 -0.009011865 0.000696809
v -0.009415573 -0.009011865 0.000696809
v -0.009418572 -0.009026938 0.0007070779
v -0.009410161 -0.009011865 0.000696809
v -0.009412164 -0.009001793 0.0006814406
v -0.00941357 -0.009001793 0.0006814406
v -0.009415573 -0.009011865 0.000696809
v -0.009044718 -0.009422109 0.0007106838
v -0.009026938 -0.009418572 0.0007070779
v -0.009026938 -0.009407162 0.0007070779
v -0.009044718 -0.009403626 0.0007106838
v -0.009026938 -0.009418572 0.0007070779
v -0.009011865 -0.009415573 0.000696809
v -0.009011865 -0.009410161 0.000696809
v -0.009026938 -0.009407162 0.0007070779
v -0.009011865 -0.009415573 0.000696809
v -0.009001793 -0.00941357 0.0006814406
v -0.009001793 -0.009412164 0.0006814406
v -0.009011865 -0.009410161 0.000696809
v -0.009422109 -0.009781016 0.0007106838
v -0.009418572 -0.009798797 0.0007070779
v -0.009407162 -0.009798797 0.0007070779
v -0.009403626 -0.009781016 0.0007106838
v -0.009418572 -0.009798797 0.0007070779
v -0.009415573 -0.009813869 0.000696809
v -0.009410161 -0.009813869 0.000696809
v -0.009407162 -0.009798797 0.0007070779
v -0.009415573 -0.009813869 0.000696809
v -0.00941357 -0.009823942 0.0006814406
v -0.009412164 -0.009823942 0.0006814406
v -0.009410161 -0.009813869 0.000696809
v -0.009823942 -0.009412164 0.004700081
v -0.009813869 -0.009410161 0.004684712
v -0.009813869 -0.009415573 0.004684712
v -0.009823942 -0.00941357 0.004700081
v -0.009813869 -0.009410161 0.004684712
v -0.009813869 -0.009415573 0.004684712
v -0.009798797 -0.009418572 0.004674444
v -0.009798797 -0.009407162 0.004674444
v -0.00941357 -0.009823942 0.004700081
v -0.009412164 -0.009823942 0.004700081
v -0.009410161 -0.009813869 0.004684712
v -0.009415573 -0.009813869 0.004684712
v -0.009415573 -0.009813869 0.004684712
v -0.009410161 -0.009813869 0.004684712
v -0.009407162 -0.009798797 0.004674444
v -0.009418572 -0.009798797 0.004674444
v -0.009026938 -0.009407162 0.004674444
v -0.009026938 -0.009418572 0.004674444
v -0.009011865 -0.009415573 0.004684712
v -0.009011865 -0.009410161 0.004684712
v -0.009011865 -0.009410161 0.004684712
v -0.009001793 -0.009412164 0.004700081
v -0.009001793 -0.00941357 0.004700081
v -0.009011865 -0.009415573 0.004684712
v -0.009418572 -0.009026938 0.004674444
v -0.009407162 -0.009026938 0.004674444
v -0.009410161 -0.009011865 0.004684712
v -0.009415573 -0.009011865 0.004684712
v -0.009415573 -0.009011865 0.004684712
v -0.00941357 -0.009001793 0.004700081
v -0.009412164 -0.009001793 0.004700081
v -0.009410161 -0.009011865 0.004684712
v -0.009905832 -0.009397281 0.004867595
v -0.009905832 -0.009397281 0.004896563
v -0.009905832 -0.009428453 0.004896563
v -0.009905832 -0.009428453 0.004867595
v -0.009223631 -0.008956009 0.004867595
v -0.009223631 -0.008956009 0.004896563
v -0.009397281 -0.008919902 0.004896563
v -0.009397281 -0.008919902 0.004867595
v -0.008956009 -0.009602104 0.004867595
v -0.008956009 -0.009602104 0.004896563
v -0.008919902 -0.009428453 0.004896563
v -0.008919902 -0.009428453 0.004867595
v -0.009869725 -0.009602104 0.004867595
v -0.009869725 -0.009602104 0.004896563
v -0.009762531 -0.009762531 0.004896563
v -0.009762531 -0.009762531 0.004867595
v -0.009254202 -0.009795917 0.004789241
v -0.009254283 -0.009795722 0.004789241
v -0.009119838 -0.009705896 0.004789241
v -0.009119693 -0.009706041 0.004789241
v -0.009030013 -0.009571451 0.004789241
v -0.009029817 -0.009571532 0.004789241
v -0.009063203 -0.009762531 0.004867595
v -0.009063203 -0.009762531 0.004896563
v -0.008956009 -0.009602104 0.004896563
v -0.008956009 -0.009602104 0.004867595
v -0.009428453 -0.008919902 0.004867595
v -0.009428453 -0.008919902 0.004896563
v -0.009602104 -0.008956009 0.004896563
v -0.009602104 -0.008956009 0.004867595
v -0.009602104 -0.009869725 0.004867595
v -0.009602104 -0.009869725 0.004896563
v -0.009428453 -0.009905832 0.004896563
v -0.009428453 -0.009905832 0.004867595
v -0.009029817 -0.009254202 0.004789241
v -0.009030013 -0.009254283 0.004789241
v -0.009119838 -0.009119838 0.004789241
v -0.009119693 -0.009119693 0.004789241
v -0.009254283 -0.009030013 0.004789241
v -0.009254202 -0.009029817 0.004789241
v -0.009412867 -0.008998257 0.004789241
v -0.009571451 -0.009030013 0.004789241
v -0.009571532 -0.009029817 0.004789241
v -0.009413093 -0.008997117 0.004789241
v -0.009412641 -0.008997117 0.004789241
v -0.009254202 -0.009029817 0.004789241
v -0.009254283 -0.009030013 0.004789241
v -0.009602104 -0.008956009 0.004867595
v -0.009602104 -0.008956009 0.004896563
v -0.009762531 -0.009063203 0.004896563
v -0.009762531 -0.009063203 0.004867595
v -0.008998257 -0.009412867 0.004789241
v -0.009030013 -0.009254283 0.004789241
v -0.009029817 -0.009254202 0.004789241
v -0.008997117 -0.009412641 0.004789241
v -0.008997117 -0.009413093 0.004789241
v -0.009029817 -0.009571532 0.004789241
v -0.009030013 -0.009571451 0.004789241
v -0.009795917 -0.009571532 0.004789241
v -0.009795722 -0.009571451 0.004789241
v -0.009705896 -0.009705896 0.004789241
v -0.009706041 -0.009706041 0.004789241
v -0.009571451 -0.009795722 0.004789241
v -0.009571532 -0.009795917 0.004789241
v -0.009827478 -0.009412867 0.004789241
v -0.009795722 -0.009571451 0.004789241
v -0.009795917 -0.009571532 0.004789241
v -0.009828618 -0.009413093 0.004789241
v -0.009828618 -0.009412641 0.004789241
v -0.009795917 -0.009254202 0.004789241
v -0.009795722 -0.009254283 0.004789241
v -0.009762531 -0.009762531 0.004867595
v -0.009762531 -0.009762531 0.004896563
v -0.009602104 -0.009869725 0.004896563
v -0.009602104 -0.009869725 0.004867595
v -0.009762531 -0.009063203 0.004867595
v -0.009762531 -0.009063203 0.004896563
v -0.009869725 -0.009223631 0.004896563
v -0.009869725 -0.009223631 0.004867595
v -0.009412867 -0.009827478 0.004789241
v -0.009254283 -0.009795722 0.004789241
v -0.009254202 -0.009795917 0.004789241
v -0.009412641 -0.009828618 0.004789241
v -0.009413093 -0.009828618 0.004789241
v -0.009571532 -0.009795917 0.004789241
v -0.009571451 -0.009795722 0.004789241
v -0.009571532 -0.009029817 0.004789241
v -0.009571451 -0.009030013 0.004789241
v -0.009705896 -0.009119838 0.004789241
v -0.009706041 -0.009119693 0.004789241
v -0.009795722 -0.009254283 0.004789241
v -0.009795917 -0.009254202 0.004789241
v -0.009869725 -0.009223631 0.004867595
v -0.009869725 -0.009223631 0.004896563
v -0.009905832 -0.009397281 0.004896563
v -0.009905832 -0.009397281 0.004867595
v -0.009063203 -0.009063203 0.004867595
v -0.009063203 -0.009063203 0.004896563
v -0.009223631 -0.008956009 0.004896563
v -0.009223631 -0.008956009 0.004867595
v -0.009397281 -0.008919902 0.004867595
v -0.009397281 -0.008919902 0.004896563
v -0.009428453 -0.008919902 0.004896563
v -0.009428453 -0.008919902 0.004867595
v -0.009905832 -0.009428453 0.004867595
v -0.009905832 -0.009428453 0.004896563
v -0.009869725 -0.009602104 0.004896563
v -0.009869725 -0.009602104 0.004867595
v -0.009223631 -0.009869725 0.004867595
v -0.009223631 -0.009869725 0.004896563
v -0.009063203 -0.009762531 0.004896563
v -0.009063203 -0.009762531 0.004867595
v -0.008919902 -0.009397281 0.004867595
v -0.008919902 -0.009397281 0.004896563
v -0.008956009 -0.009223631 0.004896563
v -0.008956009 -0.009223631 0.004867595
v -0.009397281 -0.009905832 0.004867595
v -0.009397281 -0.009905832 0.004896563
v -0.009223631 -0.009869725 0.004896563
v -0.009223631 -0.009869725 0.004867595
v -0.008956009 -0.009223631 0.004867595
v -0.008956009 -0.009223631 0.004896563
v -0.009063203 -0.009063203 0.004896563
v -0.009063203 -0.009063203 0.004867595
v -0.009428453 -0.009905832 0.004867595
v -0.009428453 -0.009905832 0.004896563
v -0.009397281 -0.009905832 0.004896563
v -0.009397281 -0.009905832 0.004867595
v -0.009905832 -0.009428453 0.004867595
v -0.009899954 -0.009427284 0.00483761
v -0.009899954 -0.009398451 0.00483761
v -0.009905832 -0.009397281 0.004867595
v -0.009899954 -0.009427284 0.00483761
v -0.009883217 -0.009423954 0.00481219
v -0.009883217 -0.009401781 0.00481219
v -0.009899954 -0.009398451 0.00483761
v -0.009883217 -0.009423954 0.00481219
v -0.009858167 -0.009418971 0.004795205
v -0.009858167 -0.009406763 0.004795205
v -0.009883217 -0.009401781 0.00481219
v -0.009602104 -0.008956009 0.004867595
v -0.00959977 -0.008961642 0.00483761
v -0.009427284 -0.00892578 0.00483761
v -0.009428453 -0.008919902 0.004867595
v -0.00959977 -0.008961642 0.00483761
v -0.009593126 -0.008977684 0.00481219
v -0.009423954 -0.008942518 0.00481219
v -0.009427284 -0.00892578 0.00483761
v -0.009593126 -0.008977684 0.00481219
v -0.009583182 -0.009001693 0.004795205
v -0.009418971 -0.008967568 0.004795205
v -0.009423954 -0.008942518 0.00481219
v -0.009583182 -0.009001693 0.004795205
v -0.009571451 -0.009030013 0.004789241
v -0.009413093 -0.008997117 0.004789241
v -0.009418971 -0.008967568 0.004795205
v -0.009412641 -0.008997117 0.004789241
v -0.009406763 -0.008967568 0.004795205
v -0.009254283 -0.009030013 0.004789241
v -0.009242553 -0.009001693 0.004795205
v -0.008967568 -0.009418971 0.004795205
v -0.008942518 -0.009423954 0.00481219
v -0.008942518 -0.009401781 0.00481219
v -0.008967568 -0.009406763 0.004795205
v -0.008942518 -0.009423954 0.00481219
v -0.00892578 -0.009427284 0.00483761
v -0.00892578 -0.009398451 0.00483761
v -0.008942518 -0.009401781 0.00481219
v -0.00892578 -0.009427284 0.00483761
v -0.008919902 -0.009428453 0.004867595
v -0.008919902 -0.009397281 0.004867595
v -0.00892578 -0.009398451 0.00483761
v -0.009869725 -0.009223631 0.004867595
v -0.009864092 -0.009225964 0.00483761
v -0.009758221 -0.009067514 0.00483761
v -0.009762531 -0.009063203 0.004867595
v -0.009864092 -0.009225964 0.00483761
v -0.00984805 -0.009232609 0.00481219
v -0.009745943 -0.009079791 0.00481219
v -0.009758221 -0.009067514 0.00483761
v -0.00984805 -0.009232609 0.00481219
v -0.009824041 -0.009242553 0.004795205
v -0.00972757 -0.009098164 0.004795205
v -0.009745943 -0.009079791 0.00481219
v -0.009824041 -0.009242553 0.004795205
v -0.009795722 -0.009254283 0.004789241
v -0.009705896 -0.009119838 0.004789241
v -0.00972757 -0.009098164 0.004795205
v -0.009063203 -0.009063203 0.004867595
v -0.009067514 -0.009067514 0.00483761
v -0.008961642 -0.009225964 0.00483761
v -0.008956009 -0.009223631 0.004867595
v -0.009067514 -0.009067514 0.00483761
v -0.009079791 -0.009079791 0.00481219
v -0.008977684 -0.009232609 0.00481219
v -0.008961642 -0.009225964 0.00483761
v -0.009079791 -0.009079791 0.00481219
v -0.009098164 -0.009098164 0.004795205
v -0.009001693 -0.009242553 0.004795205
v -0.008977684 -0.009232609 0.00481219
v -0.009098164 -0.009098164 0.004795205
v -0.009119838 -0.009119838 0.004789241
v -0.009030013 -0.009254283 0.004789241
v -0.009001693 -0.009242553 0.004795205
v -0.009397281 -0.008919902 0.004867595
v -0.009398451 -0.00892578 0.00483761
v -0.009225964 -0.008961642 0.00483761
v -0.009223631 -0.008956009 0.004867595
v -0.009398451 -0.00892578 0.00483761
v -0.009401781 -0.008942518 0.00481219
v -0.009232609 -0.008977684 0.00481219
v -0.009225964 -0.008961642 0.00483761
v -0.009401781 -0.008942518 0.00481219
v -0.009406763 -0.008967568 0.004795205
v -0.009242553 -0.009001693 0.004795205
v -0.009232609 -0.008977684 0.00481219
v -0.009869725 -0.009602104 0.004867595
v -0.009864092 -0.00959977 0.00483761
v -0.009899954 -0.009427284 0.00483761
v -0.009905832 -0.009428453 0.004867595
v -0.009864092 -0.00959977 0.00483761
v -0.00984805 -0.009593126 0.00481219
v -0.009883217 -0.009423954 0.00481219
v -0.009899954 -0.009427284 0.00483761
v -0.00984805 -0.009593126 0.00481219
v -0.009824041 -0.009583182 0.004795205
v -0.009858167 -0.009418971 0.004795205
v -0.009883217 -0.009423954 0.00481219
v -0.009824041 -0.009583182 0.004795205
v -0.009795722 -0.009571451 0.004789241
v -0.009828618 -0.009413093 0.004789241
v -0.009858167 -0.009418971 0.004795205
v -0.009828618 -0.009412641 0.004789241
v -0.009858167 -0.009406763 0.004795205
v -0.009795722 -0.009254283 0.004789241
v -0.009824041 -0.009242553 0.004795205
v -0.008919902 -0.009428453 0.004867595
v -0.00892578 -0.009427284 0.00483761
v -0.008961642 -0.00959977 0.00483761
v -0.008956009 -0.009602104 0.004867595
v -0.00892578 -0.009427284 0.00483761
v -0.008942518 -0.009423954 0.00481219
v -0.008977684 -0.009593126 0.00481219
v -0.008961642 -0.00959977 0.00483761
v -0.008942518 -0.009423954 0.00481219
v -0.008967568 -0.009418971 0.004795205
v -0.009001693 -0.009583182 0.004795205
v -0.008977684 -0.009593126 0.00481219
v -0.008967568 -0.009418971 0.004795205
v -0.009030013 -0.009571451 0.004789241
v -0.009001693 -0.009583182 0.004795205
v -0.008997117 -0.009413093 0.004789241
v -0.008967568 -0.009406763 0.004795205
v -0.008997117 -0.009412641 0.004789241
v -0.009001693 -0.009242553 0.004795205
v -0.009030013 -0.009254283 0.004789241
v -0.008956009 -0.009602104 0.004867595
v -0.008961642 -0.00959977 0.00483761
v -0.009067514 -0.009758221 0.00483761
v -0.009063203 -0.009762531 0.004867595
v -0.008961642 -0.00959977 0.00483761
v -0.008977684 -0.009593126 0.00481219
v -0.009079791 -0.009745943 0.00481219
v -0.009067514 -0.009758221 0.00483761
v -0.008977684 -0.009593126 0.00481219
v -0.009001693 -0.009583182 0.004795205
v -0.009098164 -0.00972757 0.004795205
v -0.009079791 -0.009745943 0.00481219
v -0.009001693 -0.009583182 0.004795205
v -0.009030013 -0.009571451 0.004789241
v -0.009119838 -0.009705896 0.004789241
v -0.009098164 -0.00972757 0.004795205
v -0.009397281 -0.009905832 0.004867595
v -0.009398451 -0.009899954 0.00483761
v -0.009427284 -0.009899954 0.00483761
v -0.009428453 -0.009905832 0.004867595
v -0.009398451 -0.009899954 0.00483761
v -0.009401781 -0.009883217 0.00481219
v -0.009423954 -0.009883217 0.00481219
v -0.009427284 -0.009899954 0.00483761
v -0.009401781 -0.009883217 0.00481219
v -0.009406763 -0.009858167 0.004795205
v -0.009418971 -0.009858167 0.004795205
v -0.009423954 -0.009883217 0.00481219
v -0.009762531 -0.009063203 0.004867595
v -0.009758221 -0.009067514 0.00483761
v -0.00959977 -0.008961642 0.00483761
v -0.009602104 -0.008956009 0.004867595
v -0.009758221 -0.009067514 0.00483761
v -0.009745943 -0.009079791 0.00481219
v -0.009593126 -0.008977684 0.00481219
v -0.00959977 -0.008961642 0.00483761
v -0.009745943 -0.009079791 0.00481219
v -0.00972757 -0.009098164 0.004795205
v -0.009583182 -0.009001693 0.004795205
v -0.009593126 -0.008977684 0.00481219
v -0.00972757 -0.009098164 0.004795205
v -0.009705896 -0.009119838 0.004789241
v -0.009571451 -0.009030013 0.004789241
v -0.009583182 -0.009001693 0.004795205
v -0.009602104 -0.009869725 0.004867595
v -0.00959977 -0.009864092 0.00483761
v -0.009758221 -0.009758221 0.00483761
v -0.009762531 -0.009762531 0.004867595
v -0.00959977 -0.009864092 0.00483761
v -0.009593126 -0.00984805 0.00481219
v -0.009745943 -0.009745943 0.00481219
v -0.009758221 -0.009758221 0.00483761
v -0.009593126 -0.00984805 0.00481219
v -0.009583182 -0.009824041 0.004795205
v -0.00972757 -0.00972757 0.004795205
v -0.009745943 -0.009745943 0.00481219
v -0.009583182 -0.009824041 0.004795205
v -0.009571451 -0.009795722 0.004789241
v -0.009705896 -0.009705896 0.004789241
v -0.00972757 -0.00972757 0.004795205
v -0.008956009 -0.009223631 0.004867595
v -0.008961642 -0.009225964 0.00483761
v -0.00892578 -0.009398451 0.00483761
v -0.008919902 -0.009397281 0.004867595
v -0.008961642 -0.009225964 0.00483761
v -0.008977684 -0.009232609 0.00481219
v -0.008942518 -0.009401781 0.00481219
v -0.00892578 -0.009398451 0.00483761
v -0.008977684 -0.009232609 0.00481219
v -0.009001693 -0.009242553 0.004795205
v -0.008967568 -0.009406763 0.004795205
v -0.008942518 -0.009401781 0.00481219
v -0.009223631 -0.008956009 0.004867595
v -0.009225964 -0.008961642 0.00483761
v -0.009067514 -0.009067514 0.00483761
v -0.009063203 -0.009063203 0.004867595
v -0.009225964 -0.008961642 0.00483761
v -0.009232609 -0.008977684 0.00481219
v -0.009079791 -0.009079791 0.00481219
v -0.009067514 -0.009067514 0.00483761
v -0.009232609 -0.008977684 0.00481219
v -0.009242553 -0.009001693 0.004795205
v -0.009098164 -0.009098164 0.004795205
v -0.009079791 -0.009079791 0.00481219
v -0.009242553 -0.009001693 0.004795205
v -0.009254283 -0.009030013 0.004789241
v -0.009119838 -0.009119838 0.004789241
v -0.009098164 -0.009098164 0.004795205
v -0.009223631 -0.009869725 0.004867595
v -0.009225964 -0.009864092 0.00483761
v -0.009398451 -0.009899954 0.00483761
v -0.009397281 -0.009905832 0.004867595
v -0.009225964 -0.009864092 0.00483761
v -0.009232609 -0.00984805 0.00481219
v -0.009401781 -0.009883217 0.00481219
v -0.009398451 -0.009899954 0.00483761
v -0.009232609 -0.00984805 0.00481219
v -0.009242553 -0.009824041 0.004795205
v -0.009406763 -0.009858167 0.004795205
v -0.009401781 -0.009883217 0.00481219
v -0.009242553 -0.009824041 0.004795205
v -0.009254283 -0.009795722 0.004789241
v -0.009412641 -0.009828618 0.004789241
v -0.009406763 -0.009858167 0.004795205
v -0.009413093 -0.009828618 0.004789241
v -0.009418971 -0.009858167 0.004795205
v -0.009571451 -0.009795722 0.004789241
v -0.009583182 -0.009824041 0.004795205
v -0.009762531 -0.009762531 0.004867595
v -0.009758221 -0.009758221 0.00483761
v -0.009864092 -0.00959977 0.00483761
v -0.009869725 -0.009602104 0.004867595
v -0.009758221 -0.009758221 0.00483761
v -0.009745943 -0.009745943 0.00481219
v -0.00984805 -0.009593126 0.00481219
v -0.009864092 -0.00959977 0.00483761
v -0.009745943 -0.009745943 0.00481219
v -0.00972757 -0.00972757 0.004795205
v -0.009824041 -0.009583182 0.004795205
v -0.00984805 -0.009593126 0.00481219
v -0.00972757 -0.00972757 0.004795205
v -0.009705896 -0.009705896 0.004789241
v -0.009795722 -0.009571451 0.004789241
v -0.009824041 -0.009583182 0.004795205
v -0.009063203 -0.009762531 0.004867595
v -0.009067514 -0.009758221 0.00483761
v -0.009225964 -0.009864092 0.00483761
v -0.009223631 -0.009869725 0.004867595
v -0.009067514 -0.009758221 0.00483761
v -0.009079791 -0.009745943 0.00481219
v -0.009232609 -0.00984805 0.00481219
v -0.009225964 -0.009864092 0.00483761
v -0.009079791 -0.009745943 0.00481219
v -0.009098164 -0.00972757 0.004795205
v -0.009242553 -0.009824041 0.004795205
v -0.009232609 -0.00984805 0.00481219
v -0.009098164 -0.00972757 0.004795205
v -0.009119838 -0.009705896 0.004789241
v -0.009254283 -0.009795722 0.004789241
v -0.009242553 -0.009824041 0.004795205
v -0.009406763 -0.008967568 0.004795205
v -0.009401781 -0.008942518 0.00481219
v -0.009423954 -0.008942518 0.00481219
v -0.009418971 -0.008967568 0.004795205
v -0.009401781 -0.008942518 0.00481219
v -0.009398451 -0.00892578 0.00483761
v -0.009427284 -0.00892578 0.00483761
v -0.009423954 -0.008942518 0.00481219
v -0.009398451 -0.00892578 0.00483761
v -0.009397281 -0.008919902 0.004867595
v -0.009428453 -0.008919902 0.004867595
v -0.009427284 -0.00892578 0.00483761
v -0.009428453 -0.009905832 0.004867595
v -0.009427284 -0.009899954 0.00483761
v -0.00959977 -0.009864092 0.00483761
v -0.009602104 -0.009869725 0.004867595
v -0.009427284 -0.009899954 0.00483761
v -0.009423954 -0.009883217 0.00481219
v -0.009593126 -0.00984805 0.00481219
v -0.00959977 -0.009864092 0.00483761
v -0.009423954 -0.009883217 0.00481219
v -0.009418971 -0.009858167 0.004795205
v -0.009583182 -0.009824041 0.004795205
v -0.009593126 -0.00984805 0.00481219
v -0.009905832 -0.009397281 0.004867595
v -0.009899954 -0.009398451 0.00483761
v -0.009864092 -0.009225964 0.00483761
v -0.009869725 -0.009223631 0.004867595
v -0.009899954 -0.009398451 0.00483761
v -0.009883217 -0.009401781 0.00481219
v -0.00984805 -0.009232609 0.00481219
v -0.009864092 -0.009225964 0.00483761
v -0.009883217 -0.009401781 0.00481219
v -0.009858167 -0.009406763 0.004795205
v -0.009824041 -0.009242553 0.004795205
v -0.00984805 -0.009232609 0.00481219
v -0.008919902 -0.009428453 0.004867595
v -0.008919902 -0.009428453 0.004896563
v -0.008919902 -0.009397281 0.004896563
v -0.008919902 -0.009397281 0.004867595
v -0.009029817 -0.009254202 0.007575287
v -0.008998257 -0.009412867 0.007575287
v -0.009029817 -0.009571532 0.007575287
v -0.009119693 -0.009119693 0.007575287
v -0.009119693 -0.009706041 0.007575287
v -0.009254202 -0.009029817 0.007575287
v -0.009254202 -0.009795917 0.007575287
v -0.009412867 -0.008998257 0.007575287
v -0.009412867 -0.009827478 0.007575287
v -0.009571532 -0.009029817 0.007575287
v -0.009571532 -0.009795917 0.007575287
v -0.009706041 -0.009119693 0.007575287
v -0.009706041 -0.009706041 0.007575287
v -0.009795917 -0.009254202 0.007575287
v -0.009795917 -0.009571532 0.007575287
v -0.009827478 -0.009412867 0.007575287
v -0.009412867 -0.008998257 0.004896563
v -0.009412867 -0.008998257 0.007575287
v -0.009571532 -0.009029817 0.007575287
v -0.009571532 -0.009029817 0.004896563
v -0.008998257 -0.009412867 0.004896563
v -0.008998257 -0.009412867 0.007575287
v -0.009029817 -0.009254202 0.007575287
v -0.009029817 -0.009254202 0.004896563
v -0.009706041 -0.009706041 0.004896563
v -0.009706041 -0.009706041 0.007575287
v -0.009571532 -0.009795917 0.007575287
v -0.009571532 -0.009795917 0.004896563
v -0.009254202 -0.009795917 0.004896563
v -0.009254202 -0.009795917 0.007575287
v -0.009119693 -0.009706041 0.007575287
v -0.009119693 -0.009706041 0.004896563
v -0.009795917 -0.009571532 0.004896563
v -0.009795917 -0.009571532 0.007575287
v -0.009706041 -0.009706041 0.007575287
v -0.009706041 -0.009706041 0.004896563
v -0.009827478 -0.009412867 0.004896563
v -0.009827478 -0.009412867 0.007575287
v -0.009795917 -0.009571532 0.007575287
v -0.009795917 -0.009571532 0.004896563
v -0.009029817 -0.009571532 0.004896563
v -0.009029817 -0.009571532 0.007575287
v -0.008998257 -0.009412867 0.007575287
v -0.008998257 -0.009412867 0.004896563
v -0.009571532 -0.009795917 0.004896563
v -0.009571532 -0.009795917 0.007575287
v -0.009412867 -0.009827478 0.007575287
v -0.009412867 -0.009827478 0.004896563
v -0.009254202 -0.009029817 0.004896563
v -0.009254202 -0.009029817 0.007575287
v -0.009412867 -0.008998257 0.007575287
v -0.009412867 -0.008998257 0.004896563
v -0.009119693 -0.009706041 0.004896563
v -0.009119693 -0.009706041 0.007575287
v -0.009029817 -0.009571532 0.007575287
v -0.009029817 -0.009571532 0.004896563
v -0.009119693 -0.009119693 0.004896563
v -0.009119693 -0.009119693 0.007575287
v -0.009254202 -0.009029817 0.007575287
v -0.009254202 -0.009029817 0.004896563
v -0.009795917 -0.009254202 0.004896563
v -0.009795917 -0.009254202 0.007575287
v -0.009827478 -0.009412867 0.007575287
v -0.009827478 -0.009412867 0.004896563
v -0.009029817 -0.009254202 0.004896563
v -0.009029817 -0.009254202 0.007575287
v -0.009119693 -0.009119693 0.007575287
v -0.009119693 -0.009119693 0.004896563
v -0.009412867 -0.009827478 0.004896563
v -0.009412867 -0.009827478 0.007575287
v -0.009254202 -0.009795917 0.007575287
v -0.009254202 -0.009795917 0.004896563
v -0.009571532 -0.009029817 0.004896563
v -0.009571532 -0.009029817 0.007575287
v -0.009706041 -0.009119693 0.007575287
v -0.009706041 -0.009119693 0.004896563
v 0.01002404 -0.007659954 0.007532455
v 0.009978283 -0.007614477 0.007578497
v 0.00760428 -0.007637949 0.007574022
v 0.007577671 -0.00766492 0.00753664
v 0.007533482 -0.007709108 0.00753664
v 0.007506705 -0.007736219 0.007574267
v 0.009978276 -0.007759574 0.007578488
v 0.01002404 -0.007714074 0.007532455
v 0.007533482 -0.007620731 0.00753664
v 0.007560303 -0.007594151 0.007574065
v 0.007584328 -0.003997957 0.007578335
v 0.007538448 -0.003997957 0.007532455
v 0.007496743 -0.00762237 0.009343583
v 0.007455322 -0.00772237 0.009402162
v 0.007455322 -0.00772237 0.007669618
v 0.007496743 -0.00762237 0.007728197
v 0.01007091 -0.007659954 0.009492457
v 0.01002503 -0.007614074 0.009446576
v 0.01002503 -0.007614074 0.007625204
v 0.01007091 -0.007659954 0.007579323
v 0.01007091 -0.007714074 0.007579323
v 0.01002503 -0.007759955 0.007625204
v 0.01002503 -0.007759954 0.009446576
v 0.01007091 -0.007714074 0.009492457
v 0.009925029 -0.007714074 0.009346576
v 0.00997091 -0.007759953 0.009392457
v 0.00997091 -0.007759954 0.007679324
v 0.009925029 -0.007714074 0.007725203
v 0.00987816 -0.007659954 0.009393445
v 0.009923592 -0.007614811 0.00943916
v 0.007630515 -0.007637885 0.009435191
v 0.007641584 -0.00766492 0.009397632
v 0.007577671 -0.00766492 0.009535139
v 0.00760428 -0.007637949 0.009497759
v 0.009978283 -0.007614477 0.009493283
v 0.01002404 -0.007659954 0.009539326
v 0.01002404 -0.007714074 0.009539326
v 0.009978276 -0.007759574 0.009493291
v 0.007506705 -0.007736219 0.009497513
v 0.007533482 -0.007709108 0.009535139
v 0.007533482 -0.007556818 0.009397632
v 0.007560347 -0.00756786 0.009435174
v 0.007583837 -0.004072186 0.009439215
v 0.007538448 -0.004117766 0.009393445
v 0.007489294 -0.00766492 0.009535139
v 0.007462371 -0.007691615 0.00949755
v 0.007438448 -0.003997957 0.009493446
v 0.007484328 -0.003997957 0.009539326
v 0.00987816 -0.007714074 0.007678335
v 0.009923617 -0.007759258 0.007632611
v 0.007558567 -0.007736579 0.007636353
v 0.007623696 -0.007709108 0.007674148
v 0.007641584 -0.00766492 0.007674148
v 0.007630515 -0.007637885 0.007636589
v 0.009923592 -0.007614811 0.00763262
v 0.00987816 -0.007659954 0.007678335
v 0.007484328 -0.003997957 0.007532455
v 0.007438448 -0.003997957 0.007578335
v 0.007462371 -0.007691615 0.00757423
v 0.007489294 -0.00766492 0.00753664
v 0.007576033 -0.007701659 0.007728197
v 0.007476032 -0.00774308 0.007669618
v 0.007476032 -0.00774308 0.009402162
v 0.007576033 -0.007701659 0.009343583
v 0.007538448 0.006996274 0.009346576
v 0.007584328 0.007042155 0.009392457
v 0.007584328 0.007042155 0.007679323
v 0.007538448 0.006996274 0.007725203
v 0.007538448 -0.004117766 0.007678335
v 0.007583837 -0.004072186 0.007632565
v 0.007560347 -0.00756786 0.007636606
v 0.007533482 -0.007556818 0.007674148
v 0.007489294 -0.007574706 0.007674148
v 0.007462125 -0.007639483 0.007636445
v 0.00743892 -0.004072174 0.007632561
v 0.007484328 -0.004117766 0.007678335
v 0.007538448 -0.003997957 0.009539326
v 0.007584328 -0.003997957 0.009493446
v 0.007560303 -0.007594151 0.009497715
v 0.007533482 -0.007620731 0.009535139
v 0.007538448 0.003499966 0.009393445
v 0.007584328 0.003454086 0.009439326
v 0.007584328 0.006995285 0.009439326
v 0.007538448 0.006949406 0.009393445
v 0.007623696 -0.007709108 0.009397632
v 0.007558567 -0.007736579 0.009435427
v 0.009923617 -0.007759258 0.009439169
v 0.00987816 -0.007714074 0.009393445
v 0.007484328 -0.004117766 0.009393445
v 0.00743892 -0.004072174 0.00943922
v 0.007462125 -0.007639483 0.009435335
v 0.007489294 -0.007574706 0.009397632
v 0.007538448 -0.003925017 0.007725203
v 0.007584328 -0.003970897 0.007679323
v 0.007584328 -0.003970897 0.009392457
v 0.007538448 -0.003925017 0.009346576
v 0.007484328 -0.003925017 0.009346576
v 0.007438448 -0.003970897 0.009392457
v 0.007438448 -0.003970897 0.007679323
v 0.007484328 -0.003925017 0.007725203
v 0.007538448 -0.00038184 0.009346576
v 0.007584328 -0.0003359597 0.009392457
v 0.007584328 -0.0003359597 0.007679323
v 0.007538448 -0.00038184 0.007725203
v 0.007484328 -0.0003088999 0.007532455
v 0.007438448 -0.003997957 0.007578335
v 0.007484328 -0.003997957 0.007532455
v 0.007438448 -0.0003088999 0.007578335
v 0.007484328 0.003380157 0.007532455
v 0.007438448 0.003380157 0.007578335
v 0.007484328 0.007095286 0.007532455
v 0.007438448 0.007049405 0.007578335
v 0.007538448 0.003260348 0.007678335
v 0.007584328 0.003306228 0.007632454
v 0.007584328 -0.000234971 0.007632454
v 0.007538448 -0.0001890909 0.007678335
v 0.007484328 -0.00038184 0.007725203
v 0.007438448 -0.0003359597 0.007679323
v 0.007438448 -0.0003359597 0.009392457
v 0.007484328 -0.00038184 0.009346576
v 0.007538448 -0.0003088999 0.009539326
v 0.007584328 -0.003997957 0.009493446
v 0.007538448 -0.003997957 0.009539326
v 0.007584328 -0.0003088999 0.009493446
v 0.007538448 0.003380157 0.009539326
v 0.007584328 0.003380157 0.009493446
v 0.007538448 0.007095286 0.009539326
v 0.007584328 0.007049405 0.009493446
v 0.007484328 -0.0004287089 0.009393445
v 0.007438448 -0.0003828288 0.009439326
v 0.007438448 -0.003924028 0.009439326
v 0.007484328 -0.003878148 0.009393445
v 0.007538448 0.003453097 0.007725203
v 0.007584328 0.003407217 0.007679323
v 0.007584328 0.003407217 0.009392457
v 0.007538448 0.003453097 0.009346576
v 0.007484328 0.003453097 0.009346576
v 0.007438448 0.003407217 0.009392457
v 0.007438448 0.003407217 0.007679323
v 0.007484328 0.003453097 0.007725203
v 0.007538448 0.003380157 0.007532455
v 0.007584328 0.007049405 0.007578335
v 0.007538448 0.007095286 0.007532455
v 0.007584328 0.003380157 0.007578335
v 0.007538448 -0.0003088999 0.007532455
v 0.007584328 -0.0003088999 0.007578335
v 0.007538448 -0.003997957 0.007532455
v 0.007584328 -0.003997957 0.007578335
v 0.007538448 0.007142154 0.007579323
v 0.007584328 0.007096274 0.007625204
v 0.007584328 0.007096274 0.009446576
v 0.007538448 0.007142154 0.009492457
v 0.007484328 0.007142154 0.009492457
v 0.007438448 0.007096274 0.009446576
v 0.007438448 0.007096274 0.007625204
v 0.007484328 0.007142154 0.007579323
v 0.007484328 0.003307217 0.007725203
v 0.007438448 0.003353097 0.007679323
v 0.007438448 0.003353097 0.009392457
v 0.007484328 0.003307217 0.009346576
v 0.007538448 -0.004070897 0.009346576
v 0.007584328 -0.004025017 0.009392457
v 0.007584328 -0.004025017 0.007679323
v 0.007538448 -0.004070897 0.007725203
v 0.007484328 0.003380157 0.009539326
v 0.007438448 0.007049405 0.009493446
v 0.007484328 0.007095286 0.009539326
v 0.007438448 0.003380157 0.009493446
v 0.007484328 -0.0003088999 0.009539326
v 0.007438448 -0.0003088999 0.009493446
v 0.007484328 -0.003997957 0.009539326
v 0.007438448 -0.003997957 0.009493446
v 0.007484328 0.006949406 0.009393445
v 0.007438448 0.006995285 0.009439326
v 0.007438448 0.003454086 0.009439326
v 0.007484328 0.003499966 0.009393445
v 0.007538448 -0.0002359597 0.007725203
v 0.007584328 -0.00028184 0.007679323
v 0.007584328 -0.0002818401 0.009392457
v 0.007538448 -0.0002359598 0.009346576
v 0.007538448 0.006949406 0.007678335
v 0.007584328 0.006995285 0.007632454
v 0.007584328 0.003454086 0.007632454
v 0.007538448 0.003499966 0.007678335
v 0.007484328 0.003499966 0.007678335
v 0.007438448 0.003454086 0.007632454
v 0.007438448 0.006995285 0.007632454
v 0.007484328 0.006949406 0.007678335
v 0.007484328 0.006996274 0.007725203
v 0.007438448 0.007042155 0.007679323
v 0.007438448 0.007042155 0.009392457
v 0.007484328 0.006996274 0.009346576
v 0.009925029 -0.007659954 0.007725203
v 0.00997091 -0.007614075 0.007679324
v 0.00997091 -0.007614074 0.009392456
v 0.009925029 -0.007659954 0.009346576
v 0.007484328 -0.0001890909 0.007678335
v 0.007438448 -0.000234971 0.007632454
v 0.007438448 0.003306228 0.007632454
v 0.007484328 0.003260348 0.007678335
v 0.007484328 -0.0002359597 0.009346576
v 0.007438448 -0.00028184 0.009392457
v 0.007438448 -0.0002818401 0.007679323
v 0.007484328 -0.0002359598 0.007725203
v 0.007538448 -0.0001890909 0.009393445
v 0.007584328 -0.000234971 0.009439326
v 0.007584328 0.003306228 0.009439326
v 0.007538448 0.003260348 0.009393445
v 0.007484328 -0.004070897 0.007725203
v 0.007438448 -0.004025017 0.007679323
v 0.007438448 -0.004025017 0.009392457
v 0.007484328 -0.004070897 0.009346576
v 0.007484328 0.003260348 0.009393445
v 0.007438448 0.003306228 0.009439326
v 0.007438448 -0.000234971 0.009439326
v 0.007484328 -0.0001890909 0.009393445
v 0.007538448 -0.003878148 0.009393445
v 0.007584328 -0.003924028 0.009439326
v 0.007584328 -0.0003828288 0.009439326
v 0.007538448 -0.0004287089 0.009393445
v 0.007538448 0.003307217 0.009346576
v 0.007584328 0.003353097 0.009392457
v 0.007584328 0.003353097 0.007679323
v 0.007538448 0.003307217 0.007725203
v 0.007538448 -0.0004287089 0.007678335
v 0.007584328 -0.0003828288 0.007632454
v 0.007584328 -0.003924028 0.007632454
v 0.007538448 -0.003878148 0.007678335
v 0.007484328 -0.003878148 0.007678335
v 0.007438448 -0.003924028 0.007632454
v 0.007438448 -0.0003828288 0.007632454
v 0.007484328 -0.0004287089 0.007678335
v 0.007560303 -0.007594151 0.007574065
v 0.00760428 -0.007637949 0.007574022
v 0.007630515 -0.007637885 0.007636589
v 0.007546743 -0.007601659 0.007718359
v 0.007596743 -0.007651659 0.007718359
v 0.007455322 -0.00772237 0.007669618
v 0.007476032 -0.00774308 0.007669618
v 0.007558567 -0.007736579 0.007636353
v 0.007506705 -0.007736219 0.007574267
v 0.007462371 -0.007691615 0.00757423
v 0.007462125 -0.007639483 0.007636445
v 0.007546743 -0.007601659 0.009353422
v 0.007596743 -0.007651659 0.009353422
v 0.007630515 -0.007637885 0.009435191
v 0.007560303 -0.007594151 0.009497715
v 0.00760428 -0.007637949 0.009497759
v 0.007558567 -0.007736579 0.009435427
v 0.007476032 -0.00774308 0.009402162
v 0.007455322 -0.00772237 0.009402162
v 0.007506705 -0.007736219 0.009497513
v 0.007462371 -0.007691615 0.00949755
v 0.007462125 -0.007639483 0.009435335
v 0.007596743 -0.007651659 0.007718359
v 0.007641584 -0.00766492 0.007674148
v 0.007623696 -0.007709108 0.007674148
v 0.007576033 -0.007701659 0.007728197
v 0.01007091 -0.007659954 0.007579323
v 0.01002404 -0.007659954 0.007532455
v 0.01002404 -0.007714074 0.007532455
v 0.01007091 -0.007714074 0.007579323
v 0.00987816 -0.007714074 0.007678335
v 0.00987816 -0.007659954 0.007678335
v 0.009925029 -0.007659954 0.007725203
v 0.009925029 -0.007714074 0.007725203
v 0.01002404 -0.007659954 0.009539326
v 0.01007091 -0.007659954 0.009492457
v 0.01007091 -0.007714074 0.009492457
v 0.01002404 -0.007714074 0.009539326
v 0.009925029 -0.007714074 0.009346576
v 0.009925029 -0.007659954 0.009346576
v 0.00987816 -0.007659954 0.009393445
v 0.00987816 -0.007714074 0.009393445
v 0.007623696 -0.007709108 0.009397632
v 0.007641584 -0.00766492 0.009397632
v 0.007596743 -0.007651659 0.009353422
v 0.007576033 -0.007701659 0.009343583
v 0.007538448 -0.004070897 0.007725203
v 0.007538448 -0.004117766 0.007678335
v 0.007484328 -0.004117766 0.007678335
v 0.007484328 -0.004070897 0.007725203
v 0.007489294 -0.007574706 0.007674148
v 0.007533482 -0.007556818 0.007674148
v 0.007546743 -0.007601659 0.007718359
v 0.007496743 -0.00762237 0.007728197
v 0.007496743 -0.00762237 0.009343583
v 0.007546743 -0.007601659 0.009353422
v 0.007533482 -0.007556818 0.009397632
v 0.007489294 -0.007574706 0.009397632
v 0.007484328 -0.004117766 0.009393445
v 0.007538448 -0.004117766 0.009393445
v 0.007538448 -0.004070897 0.009346576
v 0.007484328 -0.004070897 0.009346576
v 0.007538448 0.003307217 0.007725203
v 0.007538448 0.003260348 0.007678335
v 0.007484328 0.003260348 0.007678335
v 0.007484328 0.003307217 0.007725203
v 0.007484328 -0.0001890909 0.007678335
v 0.007538448 -0.0001890909 0.007678335
v 0.007538448 -0.0002359597 0.007725203
v 0.007484328 -0.0002359598 0.007725203
v 0.007484328 -0.0002359597 0.009346576
v 0.007538448 -0.0002359598 0.009346576
v 0.007538448 -0.0001890909 0.009393445
v 0.007484328 -0.0001890909 0.009393445
v 0.007484328 0.003260348 0.009393445
v 0.007538448 0.003260348 0.009393445
v 0.007538448 0.003307217 0.009346576
v 0.007484328 0.003307217 0.009346576
v 0.007538448 0.006996274 0.007725203
v 0.007538448 0.006949406 0.007678335
v 0.007484328 0.006949406 0.007678335
v 0.007484328 0.006996274 0.007725203
v 0.007484328 0.007095286 0.007532455
v 0.007538448 0.007095286 0.007532455
v 0.007538448 0.007142154 0.007579323
v 0.007484328 0.007142154 0.007579323
v 0.007484328 0.003499966 0.007678335
v 0.007538448 0.003499966 0.007678335
v 0.007538448 0.003453097 0.007725203
v 0.007484328 0.003453097 0.007725203
v 0.007484328 0.003453097 0.009346576
v 0.007538448 0.003453097 0.009346576
v 0.007538448 0.003499966 0.009393445
v 0.007484328 0.003499966 0.009393445
v 0.007538448 0.007142154 0.009492457
v 0.007538448 0.007095286 0.009539326
v 0.007484328 0.007095286 0.009539326
v 0.007484328 0.007142154 0.009492457
v 0.007484328 0.006949406 0.009393445
v 0.007538448 0.006949406 0.009393445
v 0.007538448 0.006996274 0.009346576
v 0.007484328 0.006996274 0.009346576
v 0.007538448 -0.00038184 0.007725203
v 0.007538448 -0.0004287089 0.007678335
v 0.007484328 -0.0004287089 0.007678335
v 0.007484328 -0.00038184 0.007725203
v 0.007484328 -0.003878148 0.007678335
v 0.007538448 -0.003878148 0.007678335
v 0.007538448 -0.003925017 0.007725203
v 0.007484328 -0.003925017 0.007725203
v 0.007484328 -0.003925017 0.009346576
v 0.007538448 -0.003925017 0.009346576
v 0.007538448 -0.003878148 0.009393445
v 0.007484328 -0.003878148 0.009393445
v 0.007484328 -0.0004287089 0.009393445
v 0.007538448 -0.0004287089 0.009393445
v 0.007538448 -0.00038184 0.009346576
v 0.007484328 -0.00038184 0.009346576
v 0.007623696 -0.007709108 0.007674148
v 0.007641584 -0.00766492 0.007674148
v 0.00987816 -0.007659954 0.007678335
v 0.00987816 -0.007714074 0.007678335
v 0.009925029 -0.007659954 0.007725203
v 0.00987816 -0.007659954 0.007678335
v 0.009923592 -0.007614811 0.00763262
v 0.00997091 -0.007614075 0.007679324
v 0.009978283 -0.007614477 0.007578497
v 0.007630515 -0.007637885 0.007636589
v 0.00760428 -0.007637949 0.007574022
v 0.009923592 -0.007614811 0.00763262
v 0.00997091 -0.007614075 0.007679324
v 0.01002503 -0.007614074 0.007625204
v 0.01002503 -0.007614074 0.009446576
v 0.00997091 -0.007614074 0.009392456
v 0.009923592 -0.007614811 0.00943916
v 0.009978283 -0.007614477 0.009493283
v 0.00760428 -0.007637949 0.009497759
v 0.007630515 -0.007637885 0.009435191
v 0.00997091 -0.007759954 0.007679324
v 0.009923617 -0.007759258 0.007632611
v 0.00987816 -0.007714074 0.007678335
v 0.009925029 -0.007714074 0.007725203
v 0.007576033 -0.007701659 0.007728197
v 0.007623696 -0.007709108 0.007674148
v 0.007558567 -0.007736579 0.007636353
v 0.007476032 -0.00774308 0.007669618
v 0.007506705 -0.007736219 0.007574267
v 0.007558567 -0.007736579 0.007636353
v 0.009923617 -0.007759258 0.007632611
v 0.009978276 -0.007759574 0.007578488
v 0.00997091 -0.007759954 0.007679324
v 0.01002503 -0.007759955 0.007625204
v 0.00997091 -0.007759953 0.009392457
v 0.01002503 -0.007759954 0.009446576
v 0.009923617 -0.007759258 0.009439169
v 0.009978276 -0.007759574 0.009493291
v 0.007558567 -0.007736579 0.009435427
v 0.007506705 -0.007736219 0.009497513
v 0.01002503 -0.007614074 0.007625204
v 0.009978283 -0.007614477 0.007578497
v 0.01002404 -0.007659954 0.007532455
v 0.01007091 -0.007659954 0.007579323
v 0.01002404 -0.007714074 0.007532455
v 0.01002404 -0.007659954 0.007532455
v 0.007577671 -0.00766492 0.00753664
v 0.007533482 -0.007709108 0.00753664
v 0.007533482 -0.007620731 0.00753664
v 0.007489294 -0.00766492 0.00753664
v 0.007538448 -0.003997957 0.007532455
v 0.007484328 -0.003997957 0.007532455
v 0.007538448 -0.0003088999 0.007532455
v 0.007484328 -0.0003088999 0.007532455
v 0.007538448 0.003380157 0.007532455
v 0.007484328 0.003380157 0.007532455
v 0.007538448 0.007095286 0.007532455
v 0.007484328 0.007095286 0.007532455
v 0.007533482 -0.007620731 0.00753664
v 0.007577671 -0.00766492 0.00753664
v 0.00760428 -0.007637949 0.007574022
v 0.007560303 -0.007594151 0.007574065
v 0.007462371 -0.007691615 0.00757423
v 0.007506705 -0.007736219 0.007574267
v 0.007533482 -0.007709108 0.00753664
v 0.007489294 -0.00766492 0.00753664
v 0.01007091 -0.007714074 0.007579323
v 0.01002404 -0.007714074 0.007532455
v 0.009978276 -0.007759574 0.007578488
v 0.01002503 -0.007759955 0.007625204
v 0.009925029 -0.007714074 0.007725203
v 0.009925029 -0.007659954 0.007725203
v 0.009925029 -0.007659954 0.009346576
v 0.009925029 -0.007714074 0.009346576
v 0.00987816 -0.007659954 0.009393445
v 0.009925029 -0.007659954 0.009346576
v 0.00997091 -0.007614074 0.009392456
v 0.009923592 -0.007614811 0.00943916
v 0.009923617 -0.007759258 0.009439169
v 0.00997091 -0.007759953 0.009392457
v 0.009925029 -0.007714074 0.009346576
v 0.00987816 -0.007714074 0.009393445
v 0.009978283 -0.007614477 0.009493283
v 0.01002503 -0.007614074 0.009446576
v 0.01007091 -0.007659954 0.009492457
v 0.01002404 -0.007659954 0.009539326
v 0.01007091 -0.007714074 0.009492457
v 0.01007091 -0.007659954 0.009492457
v 0.01007091 -0.007659954 0.007579323
v 0.01007091 -0.007714074 0.007579323
v 0.01002404 -0.007714074 0.009539326
v 0.01007091 -0.007714074 0.009492457
v 0.01002503 -0.007759954 0.009446576
v 0.009978276 -0.007759574 0.009493291
v 0.00987816 -0.007714074 0.009393445
v 0.00987816 -0.007659954 0.009393445
v 0.007641584 -0.00766492 0.009397632
v 0.007623696 -0.007709108 0.009397632
v 0.007476032 -0.00774308 0.009402162
v 0.007558567 -0.007736579 0.009435427
v 0.007623696 -0.007709108 0.009397632
v 0.007576033 -0.007701659 0.009343583
v 0.007560303 -0.007594151 0.009497715
v 0.00760428 -0.007637949 0.009497759
v 0.007577671 -0.00766492 0.009535139
v 0.007533482 -0.007620731 0.009535139
v 0.007533482 -0.007709108 0.009535139
v 0.01002404 -0.007659954 0.009539326
v 0.01002404 -0.007714074 0.009539326
v 0.007577671 -0.00766492 0.009535139
v 0.007533482 -0.007620731 0.009535139
v 0.007489294 -0.00766492 0.009535139
v 0.007484328 -0.003997957 0.009539326
v 0.007538448 -0.003997957 0.009539326
v 0.007484328 -0.0003088999 0.009539326
v 0.007538448 -0.0003088999 0.009539326
v 0.007484328 0.003380157 0.009539326
v 0.007538448 0.003380157 0.009539326
v 0.007484328 0.007095286 0.009539326
v 0.007538448 0.007095286 0.009539326
v 0.007489294 -0.00766492 0.009535139
v 0.007533482 -0.007709108 0.009535139
v 0.007506705 -0.007736219 0.009497513
v 0.007462371 -0.007691615 0.00949755
v 0.007576033 -0.007701659 0.009343583
v 0.007596743 -0.007651659 0.009353422
v 0.007596743 -0.007651659 0.007718359
v 0.007576033 -0.007701659 0.007728197
v 0.007546743 -0.007601659 0.007718359
v 0.007596743 -0.007651659 0.007718359
v 0.007596743 -0.007651659 0.009353422
v 0.007546743 -0.007601659 0.009353422
v 0.007455322 -0.00772237 0.009402162
v 0.007476032 -0.00774308 0.009402162
v 0.007476032 -0.00774308 0.007669618
v 0.007455322 -0.00772237 0.007669618
v 0.007584328 -0.004025017 0.007679323
v 0.007583837 -0.004072186 0.007632565
v 0.007538448 -0.004117766 0.007678335
v 0.007538448 -0.004070897 0.007725203
v 0.007484328 -0.004117766 0.007678335
v 0.007538448 -0.004117766 0.007678335
v 0.007533482 -0.007556818 0.007674148
v 0.007489294 -0.007574706 0.007674148
v 0.007560303 -0.007594151 0.007574065
v 0.007560347 -0.00756786 0.007636606
v 0.007583837 -0.004072186 0.007632565
v 0.007584328 -0.003997957 0.007578335
v 0.007584328 -0.004025017 0.007679323
v 0.007584328 -0.003970897 0.007679323
v 0.007584328 -0.004025017 0.009392457
v 0.007584328 -0.003924028 0.007632454
v 0.007584328 -0.0003828288 0.007632454
v 0.007584328 -0.0003088999 0.007578335
v 0.007584328 -0.003970897 0.009392457
v 0.007584328 -0.0003359597 0.007679323
v 0.007584328 -0.003997957 0.009493446
v 0.007583837 -0.004072186 0.009439215
v 0.007560347 -0.00756786 0.009435174
v 0.007560303 -0.007594151 0.009497715
v 0.007584328 -0.003924028 0.009439326
v 0.007584328 -0.0003088999 0.009493446
v 0.007584328 -0.0003828288 0.009439326
v 0.007584328 -0.0003359597 0.009392457
v 0.007584328 -0.00028184 0.007679323
v 0.007584328 -0.0002818401 0.009392457
v 0.007584328 -0.000234971 0.007632454
v 0.007584328 -0.000234971 0.009439326
v 0.007584328 0.003306228 0.007632454
v 0.007584328 0.003380157 0.009493446
v 0.007584328 0.003380157 0.007578335
v 0.007584328 0.003306228 0.009439326
v 0.007584328 0.003353097 0.007679323
v 0.007584328 0.003353097 0.009392457
v 0.007584328 0.003407217 0.007679323
v 0.007584328 0.003407217 0.009392457
v 0.007584328 0.003454086 0.007632454
v 0.007584328 0.003454086 0.009439326
v 0.007584328 0.006995285 0.007632454
v 0.007584328 0.007049405 0.007578335
v 0.007584328 0.007042155 0.007679323
v 0.007584328 0.007096274 0.007625204
v 0.007584328 0.007049405 0.009493446
v 0.007584328 0.006995285 0.009439326
v 0.007584328 0.007042155 0.009392457
v 0.007584328 0.007096274 0.009446576
v 0.007455322 -0.00772237 0.007669618
v 0.007462125 -0.007639483 0.007636445
v 0.007489294 -0.007574706 0.007674148
v 0.007496743 -0.00762237 0.007728197
v 0.007484328 -0.004070897 0.007725203
v 0.007484328 -0.004117766 0.007678335
v 0.00743892 -0.004072174 0.007632561
v 0.007438448 -0.004025017 0.007679323
v 0.007438448 -0.003997957 0.007578335
v 0.007462125 -0.007639483 0.007636445
v 0.007462371 -0.007691615 0.00757423
v 0.00743892 -0.004072174 0.007632561
v 0.007438448 -0.004025017 0.007679323
v 0.007438448 -0.003970897 0.007679323
v 0.007438448 -0.003924028 0.007632454
v 0.007438448 -0.003970897 0.009392457
v 0.007438448 -0.0003088999 0.007578335
v 0.007438448 -0.0003828288 0.007632454
v 0.007438448 -0.004025017 0.009392457
v 0.007438448 -0.0003359597 0.007679323
v 0.007438448 -0.003997957 0.009493446
v 0.007438448 -0.003924028 0.009439326
v 0.00743892 -0.004072174 0.00943922
v 0.007438448 -0.0003828288 0.009439326
v 0.007462371 -0.007691615 0.00949755
v 0.007462125 -0.007639483 0.009435335
v 0.007438448 -0.0003088999 0.009493446
v 0.007438448 -0.0003359597 0.009392457
v 0.007438448 -0.00028184 0.009392457
v 0.007438448 -0.0002818401 0.007679323
v 0.007438448 -0.000234971 0.009439326
v 0.007438448 -0.000234971 0.007632454
v 0.007438448 0.003306228 0.009439326
v 0.007438448 0.003380157 0.007578335
v 0.007438448 0.003380157 0.009493446
v 0.007438448 0.003306228 0.007632454
v 0.007438448 0.003353097 0.009392457
v 0.007438448 0.003353097 0.007679323
v 0.007438448 0.003407217 0.009392457
v 0.007438448 0.003407217 0.007679323
v 0.007438448 0.003454086 0.009439326
v 0.007438448 0.003454086 0.007632454
v 0.007438448 0.006995285 0.009439326
v 0.007438448 0.007049405 0.009493446
v 0.007438448 0.007042155 0.009392457
v 0.007438448 0.007096274 0.009446576
v 0.007438448 0.007049405 0.007578335
v 0.007438448 0.006995285 0.007632454
v 0.007438448 0.007042155 0.007679323
v 0.007438448 0.007096274 0.007625204
v 0.007496743 -0.00762237 0.007728197
v 0.007546743 -0.007601659 0.007718359
v 0.007546743 -0.007601659 0.009353422
v 0.007496743 -0.00762237 0.009343583
v 0.007462125 -0.007639483 0.009435335
v 0.007455322 -0.00772237 0.009402162
v 0.007496743 -0.00762237 0.009343583
v 0.007489294 -0.007574706 0.009397632
v 0.007489294 -0.007574706 0.009397632
v 0.007533482 -0.007556818 0.009397632
v 0.007538448 -0.004117766 0.009393445
v 0.007484328 -0.004117766 0.009393445
v 0.007538448 -0.004070897 0.009346576
v 0.007538448 -0.004117766 0.009393445
v 0.007583837 -0.004072186 0.009439215
v 0.007584328 -0.004025017 0.009392457
v 0.007438448 -0.004025017 0.009392457
v 0.00743892 -0.004072174 0.00943922
v 0.007484328 -0.004117766 0.009393445
v 0.007484328 -0.004070897 0.009346576
v 0.007484328 -0.004070897 0.009346576
v 0.007538448 -0.004070897 0.009346576
v 0.007538448 -0.004070897 0.007725203
v 0.007484328 -0.004070897 0.007725203
v 0.007584328 0.003353097 0.007679323
v 0.007584328 0.003306228 0.007632454
v 0.007538448 0.003260348 0.007678335
v 0.007538448 0.003307217 0.007725203
v 0.007484328 0.003260348 0.007678335
v 0.007538448 0.003260348 0.007678335
v 0.007538448 -0.0001890909 0.007678335
v 0.007484328 -0.0001890909 0.007678335
v 0.007538448 -0.0002359597 0.007725203
v 0.007538448 -0.0001890909 0.007678335
v 0.007584328 -0.000234971 0.007632454
v 0.007584328 -0.00028184 0.007679323
v 0.007438448 -0.0002818401 0.007679323
v 0.007438448 -0.000234971 0.007632454
v 0.007484328 -0.0001890909 0.007678335
v 0.007484328 -0.0002359598 0.007725203
v 0.007484328 0.003307217 0.007725203
v 0.007484328 0.003260348 0.007678335
v 0.007438448 0.003306228 0.007632454
v 0.007438448 0.003353097 0.007679323
v 0.007484328 -0.0002359598 0.007725203
v 0.007538448 -0.0002359597 0.007725203
v 0.007538448 -0.0002359598 0.009346576
v 0.007484328 -0.0002359597 0.009346576
v 0.007538448 -0.0001890909 0.009393445
v 0.007538448 -0.0002359598 0.009346576
v 0.007584328 -0.0002818401 0.009392457
v 0.007584328 -0.000234971 0.009439326
v 0.007438448 -0.000234971 0.009439326
v 0.007438448 -0.00028184 0.009392457
v 0.007484328 -0.0002359597 0.009346576
v 0.007484328 -0.0001890909 0.009393445
v 0.007484328 -0.0001890909 0.009393445
v 0.007538448 -0.0001890909 0.009393445
v 0.007538448 0.003260348 0.009393445
v 0.007484328 0.003260348 0.009393445
v 0.007538448 0.003307217 0.009346576
v 0.007538448 0.003260348 0.009393445
v 0.007584328 0.003306228 0.009439326
v 0.007584328 0.003353097 0.009392457
v 0.007438448 0.003353097 0.009392457
v 0.007438448 0.003306228 0.009439326
v 0.007484328 0.003260348 0.009393445
v 0.007484328 0.003307217 0.009346576
v 0.007484328 0.003307217 0.009346576
v 0.007538448 0.003307217 0.009346576
v 0.007538448 0.003307217 0.007725203
v 0.007484328 0.003307217 0.007725203
v 0.007584328 0.007042155 0.007679323
v 0.007584328 0.006995285 0.007632454
v 0.007538448 0.006949406 0.007678335
v 0.007538448 0.006996274 0.007725203
v 0.007484328 0.006949406 0.007678335
v 0.007538448 0.006949406 0.007678335
v 0.007538448 0.003499966 0.007678335
v 0.007484328 0.003499966 0.007678335
v 0.007538448 0.003453097 0.007725203
v 0.007538448 0.003499966 0.007678335
v 0.007584328 0.003454086 0.007632454
v 0.007584328 0.003407217 0.007679323
v 0.007438448 0.003407217 0.007679323
v 0.007438448 0.003454086 0.007632454
v 0.007484328 0.003499966 0.007678335
v 0.007484328 0.003453097 0.007725203
v 0.007484328 0.006996274 0.007725203
v 0.007484328 0.006949406 0.007678335
v 0.007438448 0.006995285 0.007632454
v 0.007438448 0.007042155 0.007679323
v 0.007538448 0.007142154 0.007579323
v 0.007538448 0.007095286 0.007532455
v 0.007584328 0.007049405 0.007578335
v 0.007584328 0.007096274 0.007625204
v 0.007438448 0.007096274 0.007625204
v 0.007438448 0.007049405 0.007578335
v 0.007484328 0.007095286 0.007532455
v 0.007484328 0.007142154 0.007579323
v 0.007484328 0.003453097 0.007725203
v 0.007538448 0.003453097 0.007725203
v 0.007538448 0.003453097 0.009346576
v 0.007484328 0.003453097 0.009346576
v 0.007538448 0.003499966 0.009393445
v 0.007538448 0.003453097 0.009346576
v 0.007584328 0.003407217 0.009392457
v 0.007584328 0.003454086 0.009439326
v 0.007438448 0.003454086 0.009439326
v 0.007438448 0.003407217 0.009392457
v 0.007484328 0.003453097 0.009346576
v 0.007484328 0.003499966 0.009393445
v 0.007484328 0.003499966 0.009393445
v 0.007538448 0.003499966 0.009393445
v 0.007538448 0.006949406 0.009393445
v 0.007484328 0.006949406 0.009393445
v 0.007538448 0.006996274 0.009346576
v 0.007538448 0.006949406 0.009393445
v 0.007584328 0.006995285 0.009439326
v 0.007584328 0.007042155 0.009392457
v 0.007438448 0.007042155 0.009392457
v 0.007438448 0.006995285 0.009439326
v 0.007484328 0.006949406 0.009393445
v 0.007484328 0.006996274 0.009346576
v 0.007584328 0.007096274 0.009446576
v 0.007584328 0.007049405 0.009493446
v 0.007538448 0.007095286 0.009539326
v 0.007538448 0.007142154 0.009492457
v 0.007484328 0.007142154 0.009492457
v 0.007484328 0.007095286 0.009539326
v 0.007438448 0.007049405 0.009493446
v 0.007438448 0.007096274 0.009446576
v 0.007484328 0.006996274 0.009346576
v 0.007538448 0.006996274 0.009346576
v 0.007538448 0.006996274 0.007725203
v 0.007484328 0.006996274 0.007725203
v 0.007484328 0.007142154 0.007579323
v 0.007538448 0.007142154 0.007579323
v 0.007538448 0.007142154 0.009492457
v 0.007484328 0.007142154 0.009492457
v 0.007584328 -0.0003359597 0.007679323
v 0.007584328 -0.0003828288 0.007632454
v 0.007538448 -0.0004287089 0.007678335
v 0.007538448 -0.00038184 0.007725203
v 0.007484328 -0.0004287089 0.007678335
v 0.007538448 -0.0004287089 0.007678335
v 0.007538448 -0.003878148 0.007678335
v 0.007484328 -0.003878148 0.007678335
v 0.007538448 -0.003925017 0.007725203
v 0.007538448 -0.003878148 0.007678335
v 0.007584328 -0.003924028 0.007632454
v 0.007584328 -0.003970897 0.007679323
v 0.007438448 -0.003970897 0.007679323
v 0.007438448 -0.003924028 0.007632454
v 0.007484328 -0.003878148 0.007678335
v 0.007484328 -0.003925017 0.007725203
v 0.007484328 -0.00038184 0.007725203
v 0.007484328 -0.0004287089 0.007678335
v 0.007438448 -0.0003828288 0.007632454
v 0.007438448 -0.0003359597 0.007679323
v 0.007484328 -0.003925017 0.007725203
v 0.007538448 -0.003925017 0.007725203
v 0.007538448 -0.003925017 0.009346576
v 0.007484328 -0.003925017 0.009346576
v 0.007538448 -0.003878148 0.009393445
v 0.007538448 -0.003925017 0.009346576
v 0.007584328 -0.003970897 0.009392457
v 0.007584328 -0.003924028 0.009439326
v 0.007438448 -0.003924028 0.009439326
v 0.007438448 -0.003970897 0.009392457
v 0.007484328 -0.003925017 0.009346576
v 0.007484328 -0.003878148 0.009393445
v 0.007484328 -0.003878148 0.009393445
v 0.007538448 -0.003878148 0.009393445
v 0.007538448 -0.0004287089 0.009393445
v 0.007484328 -0.0004287089 0.009393445
v 0.007538448 -0.00038184 0.009346576
v 0.007538448 -0.0004287089 0.009393445
v 0.007584328 -0.0003828288 0.009439326
v 0.007584328 -0.0003359597 0.009392457
v 0.007438448 -0.0003359597 0.009392457
v 0.007438448 -0.0003828288 0.009439326
v 0.007484328 -0.0004287089 0.009393445
v 0.007484328 -0.00038184 0.009346576
v 0.007484328 -0.00038184 0.009346576
v 0.007538448 -0.00038184 0.009346576
v 0.007538448 -0.00038184 0.007725203
v 0.007484328 -0.00038184 0.007725203
v -0.009567246 0.000114032 0.008189905
v -0.009595377 0.0002554548 0.008189905
v -0.006315095 0.0009051198 0.008189905
v -0.006259914 0.0007719016 0.008189905
v -0.003072052 0.003072052 0.008189905
v -0.002970091 0.002970091 0.008189905
v -0.0009051198 0.006315095 0.008189905
v -0.0007719016 0.006259914 0.008189905
v -0.0002554548 0.009595377 0.008189905
v -0.000114032 0.009567246 0.008189905
v -0.009567246 0.000114032 0.01462628
v -0.009595377 0.0002554548 0.01462628
v -0.009595377 0.0002554548 0.008189905
v -0.009567246 0.000114032 0.008189905
v -0.009567246 0.000114032 0.01462628
v -0.006259914 0.0007719016 0.01521079
v -0.006259914 0.0007719016 0.01462628
v -0.01014053 0 0.01521079
v -0.009567246 0.000114032 0.008189905
v -0.01014053 0 0.007605394
v -0.006259914 0.0007719016 0.008189905
v -0.006259914 0.0007719016 0.007605394
v -0.006259914 0.0007719016 0.01462628
v -0.006259914 0.0007719016 0.01521079
v -0.002970091 0.002970091 0.01521079
v -0.002970091 0.002970091 0.01462628
v -0.002970091 0.002970091 0.008189905
v -0.002970091 0.002970091 0.007605394
v -0.006259914 0.0007719016 0.007605394
v -0.006259914 0.0007719016 0.008189905
v -0.002970091 0.002970091 0.01462628
v -0.002970091 0.002970091 0.01521079
v -0.0007719016 0.006259914 0.01521079
v -0.0007719016 0.006259914 0.01462628
v -0.0007719016 0.006259914 0.008189905
v -0.0007719016 0.006259914 0.007605394
v -0.002970091 0.002970091 0.007605394
v -0.002970091 0.002970091 0.008189905
v -0.0007719016 0.006259914 0.01462628
v -0.0007719016 0.006259914 0.01521079
v 0 0.01014053 0.01521079
v -0.000114032 0.009567246 0.01462628
v 0 0.01014053 0.007605394
v -0.000114032 0.009567246 0.008189905
v -0.0007719016 0.006259914 0.007605394
v -0.0007719016 0.006259914 0.008189905
v -0.000114032 0.009567246 0.008189905
v -0.0002554548 0.009595377 0.008189905
v -0.0002554548 0.009595377 0.01462628
v -0.000114032 0.009567246 0.01462628
v -0.006259914 0.0007719016 0.01462628
v -0.009595377 0.0002554548 0.01462628
v -0.009567246 0.000114032 0.01462628
v -0.006315095 0.0009051198 0.01462628
v -0.002970091 0.002970091 0.01462628
v -0.003072052 0.003072052 0.01462628
v -0.0007719016 0.006259914 0.01462628
v -0.0009051198 0.006315095 0.01462628
v -0.000114032 0.009567246 0.01462628
v -0.0002554548 0.009595377 0.01462628
v 0.007511388 0.007069214 0.007605394
v 0.007511388 -0.007687014 -0.0001140462
v 0.007511388 0.01000115 -0.0001140462
v 0.007511388 0.01000115 0.007605394
v 0.009997958 0.01000115 -0.0001140462
v 0.009997958 -0.007687014 -0.0001140462
v 0.009997969 0.007069214 0.007605394
v 0.009997969 0.01000115 0.007605394
v 0.007511388 -0.007687014 -0.0001140462
v 0.007511388 0.007069214 0.007605394
v 0.009997969 0.007069214 0.007605394
v 0.009997958 -0.007687014 -0.0001140462
v -0.01 0.01 0.006464585
v -0.01 0.01 0.007605394
v 0.01 0.01 0.007605394
v 0.01 0.01 0.006464585
v -0.01 0.01 0
v -0.01 0.01 0.006464585
v 0.01 0.01 0.006464585
v 0.01 0.01 0
v -0.008998257 -0.009412867 0.004896563
v -0.008919902 -0.009397281 0.004896563
v -0.008919902 -0.009428453 0.004896563
v -0.008956009 -0.009602104 0.004896563
v -0.009029817 -0.009254202 0.004896563
v -0.009029817 -0.009571532 0.004896563
v -0.008956009 -0.009223631 0.004896563
v -0.009063203 -0.009762531 0.004896563
v -0.009119693 -0.009119693 0.004896563
v -0.009119693 -0.009706041 0.004896563
v -0.009063203 -0.009063203 0.004896563
v -0.009223631 -0.009869725 0.004896563
v -0.009254202 -0.009029817 0.004896563
v -0.009254202 -0.009795917 0.004896563
v -0.009223631 -0.008956009 0.004896563
v -0.009397281 -0.009905832 0.004896563
v -0.009412867 -0.008998257 0.004896563
v -0.009397281 -0.008919902 0.004896563
v -0.009428453 -0.008919902 0.004896563
v -0.009571532 -0.009029817 0.004896563
v -0.009602104 -0.008956009 0.004896563
v -0.009706041 -0.009119693 0.004896563
v -0.009762531 -0.009063203 0.004896563
v -0.009795917 -0.009254202 0.004896563
v -0.009869725 -0.009223631 0.004896563
v -0.009412867 -0.009827478 0.004896563
v -0.009428453 -0.009905832 0.004896563
v -0.009602104 -0.009869725 0.004896563
v -0.009571532 -0.009795917 0.004896563
v -0.009762531 -0.009762531 0.004896563
v -0.009706041 -0.009706041 0.004896563
v -0.009869725 -0.009602104 0.004896563
v -0.009795917 -0.009571532 0.004896563
v -0.009905832 -0.009428453 0.004896563
v -0.009827478 -0.009412867 0.004896563
v -0.009905832 -0.009397281 0.004896563
v -0.009827478 -0.009412867 0.0002799797
v -0.009912629 -0.009429804 0.0002799797
v -0.009876127 -0.009604756 0.0002799797
v -0.009912629 -0.00939593 0.0002799797
v -0.009795917 -0.009571532 0.0002799797
v -0.009767432 -0.009767432 0.0002799797
v -0.009795917 -0.009254202 0.0002799797
v -0.009876127 -0.009220978 0.0002799797
v -0.009706041 -0.009119693 0.0002799797
v -0.009767432 -0.009058303 0.0002799797
v -0.009706041 -0.009706041 0.0002799797
v -0.009604756 -0.009876127 0.0002799797
v -0.009571532 -0.009029817 0.0002799797
v -0.009604756 -0.008949607 0.0002799797
v -0.009571532 -0.009795917 0.0002799797
v -0.009429804 -0.009912629 0.0002799797
v -0.009412867 -0.008998257 0.0002799797
v -0.009429804 -0.008913106 0.0002799797
v -0.00939593 -0.008913106 0.0002799797
v -0.009412867 -0.009827478 0.0002799797
v -0.00939593 -0.009912629 0.0002799797
v -0.009220978 -0.009876127 0.0002799797
v -0.009254202 -0.009029817 0.0002799797
v -0.009220978 -0.008949607 0.0002799797
v -0.009254202 -0.009795917 0.0002799797
v -0.009058303 -0.009767432 0.0002799797
v -0.009119693 -0.009119693 0.0002799797
v -0.009058303 -0.009058303 0.0002799797
v -0.009119693 -0.009706041 0.0002799797
v -0.008949607 -0.009604756 0.0002799797
v -0.009029817 -0.009254202 0.0002799797
v -0.008949607 -0.009220978 0.0002799797
v -0.009029817 -0.009571532 0.0002799797
v -0.008913106 -0.009429804 0.0002799797
v -0.008998257 -0.009412867 0.0002799797
v -0.008913106 -0.00939593 0.0002799797
v -0.006423932 -0.009799235 0.008737967
v -0.006354864 -0.009799235 0.008571221
v 0.006354864 -0.009799235 0.008571221
v 0.006423932 -0.009799235 0.008737967
v 0.006427734 -0.009799235 0.008582763
v -0.006427734 -0.009799235 0.008582763
v 0.006493472 -0.009799235 0.008616258
v -0.006493472 -0.009799235 0.008616258
v 0.006545641 -0.009799235 0.008668428
v -0.006545641 -0.009799235 0.008668428
v 0.006579136 -0.009799235 0.008734166
v -0.006579136 -0.009799235 0.008734166
v -0.006590678 -0.009799235 0.008807035
v 0.006590678 -0.009799235 0.008807035
v -0.006408015 -0.009799235 0.008753885
v 0.006408015 -0.009799235 0.008753885
v -0.006408015 -0.009799235 0.01292649
v 0.006408015 -0.009799235 0.01292649
v -0.006590678 -0.009799235 0.01287334
v -0.006423932 -0.009799235 0.01294241
v -0.006579136 -0.009799235 0.01294621
v -0.006545641 -0.009799235 0.01301195
v -0.006493472 -0.009799235 0.01306411
v -0.006427734 -0.009799235 0.01309761
v 0.006590678 -0.009799235 0.01287334
v 0.006423932 -0.009799235 0.01294241
v -0.006354864 -0.009799235 0.01310915
v 0.006579136 -0.009799235 0.01294621
v 0.006354864 -0.009799235 0.01310915
v 0.006545641 -0.009799235 0.01301195
v 0.006427734 -0.009799235 0.01309761
v 0.006493472 -0.009799235 0.01306411
v 0.006408368 -0.01040076 0.008753532
v 0.006274706 -0.01040076 0.008571221
v -0.006274706 -0.01040076 0.008571221
v -0.006408368 -0.01040076 0.008753532
v -0.006372346 -0.01040076 0.008586686
v 0.006372346 -0.01040076 0.008586686
v -0.006460429 -0.01040076 0.008631567
v 0.006460429 -0.01040076 0.008631567
v -0.006530332 -0.01040076 0.008701469
v 0.006530332 -0.01040076 0.008701469
v -0.006575212 -0.01040076 0.008789552
v 0.006575212 -0.01040076 0.008789552
v 0.006590678 -0.01040076 0.008887193
v -0.006590678 -0.01040076 0.008887193
v 0.006408015 -0.01040076 0.008753885
v -0.006408015 -0.01040076 0.008753885
v 0.006408015 -0.01040076 0.01292649
v -0.006408015 -0.01040076 0.01292649
v 0.006590678 -0.01040076 0.01279318
v 0.006408368 -0.01040076 0.01292684
v 0.006575212 -0.01040076 0.01289082
v 0.006530332 -0.01040076 0.0129789
v 0.006460429 -0.01040076 0.01304881
v 0.006372346 -0.01040076 0.01309369
v -0.006590678 -0.01040076 0.01279318
v -0.006408368 -0.01040076 0.01292684
v 0.006274706 -0.01040076 0.01310915
v -0.006575212 -0.01040076 0.01289082
v -0.006274706 -0.01040076 0.01310915
v -0.006530332 -0.01040076 0.0129789
v -0.006372346 -0.01040076 0.01309369
v -0.006460429 -0.01040076 0.01304881
v 0.009997969 -0.007687014 0.007605394
v 0.01 -0.01 0.007605394
v -0.01 -0.01 0.007605394
v 0.01 0.01 0.007605394
v 0.007511388 -0.007687014 0.007605394
v 0.009997969 0.007069214 0.007605394
v -0.01 0.01 0.007605394
v 0.007511388 -0.003997957 0.007605394
v 0.007511388 0.007069214 0.007605394
v 0.007511388 -0.0003088999 0.007605394
v 0.007511388 0.003380157 0.007605394
v -0.01052316 -0.01011136 0.006471206
v -0.01014178 -0.01014178 0.00646459
v -0.01058185 -0.009819605 0.006471218
v -0.01014178 0.01014178 0.00646459
v -0.01035791 -0.01035791 0.006471197
v -0.01058185 0.009819605 0.006471218
v -0.01011136 -0.01052316 0.006471206
v -0.01052316 0.01011136 0.006471206
v -0.01035791 0.01035791 0.006471197
v -0.01011136 0.01052316 0.006471206
v -0.009819605 0.01058185 0.006471218
v -0.009819605 -0.01058185 0.006471218
v -0.01014142 0.01014142 0.006464585
v 0.009819605 0.01058185 0.006471219
v 0.01014142 0.01014142 0.006464585
v 0.01014178 0.01014178 0.00646459
v 0.01011136 0.01052316 0.006471206
v 0.01035791 0.01035791 0.006471198
v 0.01052315 0.01011136 0.006471206
v -0.01014142 -0.009962518 0.006464585
v 0.01058185 0.009819605 0.006471219
v 0.01014178 -0.01014178 0.00646459
v 0.01014142 -0.01014142 0.006464585
v 0.01058185 -0.009819605 0.006471218
v 0.01052316 -0.01011136 0.006471206
v 0.01035791 -0.01035791 0.006471197
v 0.01011136 -0.01052316 0.006471206
v 0.009819605 -0.01058185 0.006471218
v -0.009962518 -0.01014142 0.006464585
v -0.01014142 -0.01014142 0.006464585
v -0.01013267 -0.0100178 0.006464585
v -0.0100178 -0.01013267 0.006464585
v -0.01010725 -0.01006768 0.006464585
v -0.01006768 -0.01010725 0.006464585
v 0.01034982 0.01034982 0.007545338
v 0.01013369 0.01013369 0.00753873
v 0.01010327 0.01051507 0.007545347
v 0.01051507 0.01010327 0.007545347
v 0.01057376 0.009811516 0.007545359
v 0.01013369 -0.01013369 0.007538734
v 0.01057376 -0.009811518 0.007545362
v 0.01051507 -0.01010327 0.007545351
v 0.01034982 -0.01034982 0.007545341
v 0.01010327 -0.01051507 0.007545351
v 0.009811518 -0.01057376 0.007545362
v 0.009811516 0.01057376 0.007545359
v 0.01013333 -0.01013333 0.007538729
v 0.01013333 0.01013333 0.007538725
v -0.01013333 -0.01013333 0.007538728
v -0.01013333 0.01013333 0.007538728
v -0.01013369 0.01013369 0.007538734
v -0.01013369 -0.01013369 0.007538734
v -0.009811518 -0.01057376 0.007545361
v -0.009811518 0.01057376 0.007545361
v -0.01010327 -0.01051507 0.00754535
v -0.01010327 0.01051507 0.00754535
v -0.01034982 -0.01034982 0.00754534
v -0.01034982 0.01034982 0.00754534
v -0.01051507 0.01010327 0.00754535
v -0.01057376 0.009811518 0.007545361
v -0.01051507 -0.01010327 0.00754535
v -0.01057376 -0.009811518 0.007545361
v -0.006315095 0.0009051198 0.008189905
v -0.009595377 0.0002554548 0.008189905
v -0.009595377 0.0002554548 0.01462628
v -0.006315095 0.0009051198 0.01462628
v -0.003072052 0.003072052 0.008189905
v -0.003072052 0.003072052 0.01462628
v -0.0009051198 0.006315095 0.008189905
v -0.0009051198 0.006315095 0.01462628
v -0.0002554548 0.009595377 0.008189905
v -0.0002554548 0.009595377 0.01462628
v -0.006408015 -0.01 0.008753885
v -0.006408015 -0.0102 0.008753885
v -0.006408015 -0.0102 0.01292649
v -0.006408015 -0.01 0.01292649
v -0.006408015 -0.01 0.01292649
v -0.006408015 -0.0102 0.01292649
v 0.006408015 -0.0102 0.01292649
v 0.006408015 -0.01 0.01292649
v 0.006408015 -0.01 0.008753885
v 0.006408015 -0.0102 0.008753885
v -0.006408015 -0.0102 0.008753885
v -0.006408015 -0.01 0.008753885
v 0.006408015 -0.01 0.01292649
v 0.006408015 -0.0102 0.01292649
v 0.006408015 -0.0102 0.008753885
v 0.006408015 -0.01 0.008753885
v -0.006408015 -0.01 0.01292649
v -0.006408015 -0.01 0.008753885
v 0.006408015 -0.01 0.008753885
v 0.006408015 -0.01 0.01292649
v -0.006408015 -0.0102 0.01292649
v 0.006408015 -0.0102 0.01292649
v 0.006408015 -0.0102 0.008753885
v -0.006408015 -0.0102 0.008753885
v 0.001113706 0.006192679 0.0003274056
v 0.001645861 0.006174096 0.0003274056
v 0.001645861 0.006174096 0.002090568
v 0.001113706 0.006192679 0.002090568
v 0.004900769 0.004029917 0.0003274058
v 0.005454443 0.004398125 0.0003274058
v 0.005454443 0.004398125 0.002090568
v 0.004900769 0.004029917 0.002090568
v 0.005454443 0.004398125 0.0003274058
v 0.005810742 0.004002416 0.0003274058
v 0.005810742 0.004002416 0.002090568
v 0.005454443 0.004398125 0.002090568
v 0.00120476 0.005377707 0.0003274056
v 0.001113706 0.006192679 0.0003274056
v 0.001113706 0.006192679 0.002090568
v 0.00120476 0.005377707 0.002090568
v 0.004900769 0.004029917 0.0003274058
v 0.005810742 0.004002416 0.0003274058
v 0.005454443 0.004398125 0.0003274058
v 0.005127909 0.003548313 0.0003274058
v 0.004264471 0.003836897 0.0003274058
v 0.004343177 0.003310267 0.0003274058
v 0.003599543 0.003835447 0.0003274057
v 0.003523136 0.003308478 0.0003274057
v 0.002962408 0.004025688 0.0003274057
v 0.002737372 0.003543097 0.0003274057
v 0.002407132 0.004391477 0.0003274057
v 0.002052564 0.003994216 0.0003274057
v 0.001980836 0.004901774 0.0003274056
v 0.001526822 0.004623554 0.0003274056
v 0.001719692 0.005513277 0.0003274056
v 0.00120476 0.005377707 0.0003274056
v 0.001645861 0.006174096 0.0003274056
v 0.001113706 0.006192679 0.0003274056
v 0.003523136 0.003308478 0.0003274057
v 0.002737372 0.003543097 0.0003274057
v 0.002737372 0.003543097 0.002090568
v 0.003523136 0.003308478 0.002090568
v 0.002407132 0.004391477 0.0003274057
v 0.002962408 0.004025688 0.0003274057
v 0.002962408 0.004025688 0.002090568
v 0.002407132 0.004391477 0.002090568
v 0.001719692 0.005513277 0.0003274056
v 0.001980836 0.004901774 0.0003274056
v 0.001980836 0.004901774 0.002090568
v 0.001719692 0.005513277 0.002090568
v 0.00104013 0.006260841 0.002130583
v 0.00104013 0.006260841 0.002147842
v 0.001107768 0.005352171 0.002147842
v 0.001107768 0.005352171 0.002130583
v 0.002052564 0.003994216 0.0003274057
v 0.001526822 0.004623554 0.0003274056
v 0.001526822 0.004623554 0.002090568
v 0.002052564 0.003994217 0.002090568
v 0.005127909 0.003548313 0.0003274058
v 0.004343177 0.003310267 0.0003274058
v 0.004343177 0.003310267 0.002090568
v 0.005127909 0.003548313 0.002090568
v 0.003599543 0.003835447 0.0003274057
v 0.004264471 0.003836897 0.0003274058
v 0.004264471 0.003836897 0.002090568
v 0.003599542 0.003835447 0.002090568
v 0.002962408 0.004025688 0.0003274057
v 0.003599543 0.003835447 0.0003274057
v 0.003599542 0.003835447 0.002090568
v 0.002962408 0.004025688 0.002090568
v 0.004343177 0.003310267 0.0003274058
v 0.003523136 0.003308478 0.0003274057
v 0.003523136 0.003308478 0.002090568
v 0.004343177 0.003310267 0.002090568
v 0.003508744 0.003209218 0.002130583
v 0.003508744 0.003209218 0.002147842
v 0.004358002 0.003211071 0.002147842
v 0.004358002 0.003211071 0.002130583
v 0.002737372 0.003543097 0.0003274057
v 0.002052564 0.003994216 0.0003274057
v 0.002052564 0.003994217 0.002090568
v 0.002737372 0.003543097 0.002090568
v 0.001980836 0.004901774 0.0003274056
v 0.002407132 0.004391477 0.0003274057
v 0.002407132 0.004391477 0.002090568
v 0.001980836 0.004901774 0.002090568
v 0.001645861 0.006174096 0.0003274056
v 0.001719692 0.005513277 0.0003274056
v 0.001719692 0.005513277 0.002090568
v 0.001645861 0.006174096 0.002090568
v 0.004249646 0.003936093 0.002130583
v 0.004249646 0.003936093 0.002147842
v 0.003613934 0.003934707 0.002147842
v 0.003613934 0.003934707 0.002130583
v 0.001526822 0.004623554 0.0003274056
v 0.00120476 0.005377707 0.0003274056
v 0.00120476 0.005377707 0.002090568
v 0.001526822 0.004623554 0.002090568
v 0.005810742 0.004002416 0.0003274058
v 0.005127909 0.003548313 0.0003274058
v 0.005127909 0.003548313 0.002090568
v 0.005810742 0.004002416 0.002090568
v 0.004264471 0.003836897 0.0003274058
v 0.004900769 0.004029917 0.0003274058
v 0.004900769 0.004029917 0.002090568
v 0.004264471 0.003836897 0.002090568
v 0.002694985 0.003452197 0.002130583
v 0.002694985 0.003452197 0.002147842
v 0.003508744 0.003209218 0.002147842
v 0.003508744 0.003209218 0.002130583
v 0.001816685 0.005538813 0.002130583
v 0.001816685 0.005538813 0.002147842
v 0.001714024 0.006247672 0.002147842
v 0.001714024 0.006247672 0.002130583
v 0.002473919 0.004466305 0.002130583
v 0.002473919 0.004466305 0.002147842
v 0.002066354 0.004954179 0.002147842
v 0.002066354 0.004954179 0.002130583
v 0.001107768 0.005352171 0.002130583
v 0.001107768 0.005352171 0.002147842
v 0.001441305 0.004571149 0.002147842
v 0.001441305 0.004571149 0.002130583
v 0.003613934 0.003934707 0.002130583
v 0.003613934 0.003934707 0.002147842
v 0.003004795 0.004116588 0.002147842
v 0.003004795 0.004116588 0.002130583
v 0.001714024 0.006247672 0.002130583
v 0.001714024 0.006247672 0.002147842
v 0.00104013 0.006260841 0.002147842
v 0.00104013 0.006260841 0.002130583
v 0.004358002 0.003211071 0.002130583
v 0.004358002 0.003211071 0.002147842
v 0.005170693 0.003457598 0.002147842
v 0.005170693 0.003457598 0.002130583
v 0.004857986 0.004120631 0.002130583
v 0.004857986 0.004120631 0.002147842
v 0.004249646 0.003936093 0.002147842
v 0.004249646 0.003936093 0.002130583
v 0.001985778 0.003919389 0.002130583
v 0.001985778 0.003919389 0.002147842
v 0.002694985 0.003452197 0.002147842
v 0.002694985 0.003452197 0.002130583
v 0.005466993 0.004497634 0.002130583
v 0.005466993 0.004497634 0.002147842
v 0.004857986 0.004120631 0.002147842
v 0.004857986 0.004120631 0.002130583
v 0.001441305 0.004571149 0.002130583
v 0.001441305 0.004571149 0.002147842
v 0.001985778 0.003919389 0.002147842
v 0.001985778 0.003919389 0.002130583
v 0.005910251 0.003989866 0.002130583
v 0.005910251 0.003989866 0.002147842
v 0.005466993 0.004497634 0.002147842
v 0.005466993 0.004497634 0.002130583
v 0.002066354 0.004954179 0.002130583
v 0.002066354 0.004954179 0.002147842
v 0.001816685 0.005538813 0.002147842
v 0.001816685 0.005538813 0.002130583
v 0.005170693 0.003457598 0.002130583
v 0.005170693 0.003457598 0.002147842
v 0.005910251 0.003989866 0.002147842
v 0.005910251 0.003989866 0.002130583
v 0.001111695 0.006194543 0.002214553
v 0.001061091 0.006241423 0.002195014
v 0.001696745 0.006229022 0.002195014
v 0.001655031 0.006183994 0.002214553
v 0.001061091 0.006241423 0.002195014
v 0.00104013 0.006260841 0.002147842
v 0.001714024 0.006247672 0.002147842
v 0.001696745 0.006229022 0.002195014
v 0.004886924 0.004059272 0.002214553
v 0.004866462 0.00410266 0.002195014
v 0.005463812 0.00447241 0.002195014
v 0.005456131 0.004411512 0.002214553
v 0.004866462 0.00410266 0.002195014
v 0.004857986 0.004120631 0.002147842
v 0.005466993 0.004497634 0.002147842
v 0.005463812 0.00447241 0.002195014
v 0.005456131 0.004411512 0.002214553
v 0.005463812 0.00447241 0.002195014
v 0.005881902 0.003993441 0.002195014
v 0.005813463 0.004002072 0.002214553
v 0.005463812 0.00447241 0.002195014
v 0.005466993 0.004497634 0.002147842
v 0.005910251 0.003989866 0.002147842
v 0.005881902 0.003993441 0.002195014
v 0.001173103 0.005369372 0.002214553
v 0.001126904 0.005357209 0.002195014
v 0.001061091 0.006241423 0.002195014
v 0.001111695 0.006194543 0.002214553
v 0.001126904 0.005357209 0.002195014
v 0.001107768 0.005352171 0.002147842
v 0.00104013 0.006260841 0.002147842
v 0.001061091 0.006241423 0.002195014
v 0.002428812 0.004415767 0.002214553
v 0.002460707 0.004451503 0.002195014
v 0.002996412 0.00409861 0.002195014
v 0.002976172 0.004055206 0.002214553
v 0.002460707 0.004451503 0.002195014
v 0.002473919 0.004466305 0.002147842
v 0.003004795 0.004116588 0.002147842
v 0.002996412 0.00409861 0.002195014
v 0.003518434 0.003276049 0.002214553
v 0.003511582 0.003228792 0.002195014
v 0.002703343 0.003470122 0.002195014
v 0.002723522 0.003513396 0.002214553
v 0.003511582 0.003228792 0.002195014
v 0.003508744 0.003209218 0.002147842
v 0.002694985 0.003452197 0.002147842
v 0.002703343 0.003470122 0.002195014
v 0.002030744 0.003969769 0.002214553
v 0.001998948 0.003934145 0.002195014
v 0.001458172 0.004581485 0.002195014
v 0.001498893 0.004606439 0.002214553
v 0.001998948 0.003934145 0.002195014
v 0.001985778 0.003919389 0.002147842
v 0.001441305 0.004571149 0.002147842
v 0.001458172 0.004581485 0.002195014
v 0.00175108 0.005521541 0.002214553
v 0.00179747 0.005533754 0.002195014
v 0.002049427 0.004943807 0.002195014
v 0.002008565 0.004918767 0.002214553
v 0.00179747 0.005533754 0.002195014
v 0.001816685 0.005538813 0.002147842
v 0.002066354 0.004954179 0.002147842
v 0.002049427 0.004943807 0.002195014
v 0.003604214 0.003867668 0.002214553
v 0.003611087 0.003915071 0.002195014
v 0.00425258 0.00391646 0.002195014
v 0.004259664 0.003869061 0.002214553
v 0.003611087 0.003915071 0.002195014
v 0.003613934 0.003934707 0.002147842
v 0.004249646 0.003936093 0.002147842
v 0.00425258 0.00391646 0.002195014
v 0.005141873 0.003518704 0.002214553
v 0.005162252 0.003475496 0.002195014
v 0.004355078 0.003230636 0.002195014
v 0.004348018 0.00327787 0.002214553
v 0.005162252 0.003475496 0.002195014
v 0.005170693 0.003457598 0.002147842
v 0.004358002 0.003211071 0.002147842
v 0.004355078 0.003230636 0.002195014
v 0.004348018 0.00327787 0.002214553
v 0.004355078 0.003230636 0.002195014
v 0.003511582 0.003228792 0.002195014
v 0.003518434 0.003276049 0.002214553
v 0.004355078 0.003230636 0.002195014
v 0.004358002 0.003211071 0.002147842
v 0.003508744 0.003209218 0.002147842
v 0.003511582 0.003228792 0.002195014
v 0.002976172 0.004055206 0.002214553
v 0.002996412 0.00409861 0.002195014
v 0.003611087 0.003915071 0.002195014
v 0.003604214 0.003867668 0.002214553
v 0.002996412 0.00409861 0.002195014
v 0.003004795 0.004116588 0.002147842
v 0.003613934 0.003934707 0.002147842
v 0.003611087 0.003915071 0.002195014
v 0.002008565 0.004918767 0.002214553
v 0.002049427 0.004943807 0.002195014
v 0.002460707 0.004451503 0.002195014
v 0.002428812 0.004415767 0.002214553
v 0.002049427 0.004943807 0.002195014
v 0.002066354 0.004954179 0.002147842
v 0.002473919 0.004466305 0.002147842
v 0.002460707 0.004451503 0.002195014
v 0.002723522 0.003513396 0.002214553
v 0.002703343 0.003470122 0.002195014
v 0.001998948 0.003934145 0.002195014
v 0.002030744 0.003969769 0.002214553
v 0.002703343 0.003470122 0.002195014
v 0.002694985 0.003452197 0.002147842
v 0.001985778 0.003919389 0.002147842
v 0.001998948 0.003934145 0.002195014
v 0.001498893 0.004606439 0.002214553
v 0.001458172 0.004581485 0.002195014
v 0.001126904 0.005357209 0.002195014
v 0.001173103 0.005369372 0.002214553
v 0.001458172 0.004581485 0.002195014
v 0.001441305 0.004571149 0.002147842
v 0.001107768 0.005352171 0.002147842
v 0.001126904 0.005357209 0.002195014
v 0.001655031 0.006183994 0.002214553
v 0.001696745 0.006229022 0.002195014
v 0.00179747 0.005533754 0.002195014
v 0.00175108 0.005521541 0.002214553
v 0.001696745 0.006229022 0.002195014
v 0.001714024 0.006247672 0.002147842
v 0.001816685 0.005538813 0.002147842
v 0.00179747 0.005533754 0.002195014
v 0.004259664 0.003869061 0.002214553
v 0.00425258 0.00391646 0.002195014
v 0.004866462 0.00410266 0.002195014
v 0.004886924 0.004059272 0.002214553
v 0.00425258 0.00391646 0.002195014
v 0.004249646 0.003936093 0.002147842
v 0.004857986 0.004120631 0.002147842
v 0.004866462 0.00410266 0.002195014
v 0.005813463 0.004002072 0.002214553
v 0.005881902 0.003993441 0.002195014
v 0.005162252 0.003475496 0.002195014
v 0.005141873 0.003518704 0.002214553
v 0.005881902 0.003993441 0.002195014
v 0.005910251 0.003989866 0.002147842
v 0.005170693 0.003457598 0.002147842
v 0.005162252 0.003475496 0.002195014
v 0.003004795 0.004116588 0.002130583
v 0.003004795 0.004116588 0.002147842
v 0.002473919 0.004466305 0.002147842
v 0.002473919 0.004466305 0.002130583
v 0.00104013 0.006260841 0.002130583
v 0.001052703 0.006249194 0.002102288
v 0.001703659 0.006236485 0.002102288
v 0.001714024 0.006247672 0.002130583
v 0.001052703 0.006249194 0.002102288
v 0.001083056 0.006221074 0.002090568
v 0.001678638 0.006209476 0.002090568
v 0.001703659 0.006236485 0.002102288
v 0.004857986 0.004120631 0.002130583
v 0.00486307 0.004109852 0.002102288
v 0.005465084 0.004482504 0.002102288
v 0.005466993 0.004497634 0.002130583
v 0.00486307 0.004109852 0.002102288
v 0.004875344 0.004083827 0.002090568
v 0.005460478 0.004445976 0.002090568
v 0.005465084 0.004482504 0.002102288
v 0.005466993 0.004497634 0.002130583
v 0.005465084 0.004482504 0.002102288
v 0.005893247 0.003992011 0.002102288
v 0.005910251 0.003989866 0.002130583
v 0.005465084 0.004482504 0.002102288
v 0.005460478 0.004445976 0.002090568
v 0.005852195 0.003997188 0.002090568
v 0.005893247 0.003992011 0.002102288
v 0.001107768 0.005352171 0.002130583
v 0.001119246 0.005355193 0.002102288
v 0.001052703 0.006249194 0.002102288
v 0.00104013 0.006260841 0.002130583
v 0.001119246 0.005355193 0.002102288
v 0.001146957 0.005362489 0.002090568
v 0.001083056 0.006221074 0.002090568
v 0.001052703 0.006249194 0.002102288
v 0.002473919 0.004466305 0.002130583
v 0.002465994 0.004457426 0.002102288
v 0.002999767 0.004105804 0.002102288
v 0.003004795 0.004116588 0.002130583
v 0.002465994 0.004457426 0.002102288
v 0.002446863 0.00443599 0.002090568
v 0.002987626 0.004079769 0.002090568
v 0.002999767 0.004105804 0.002102288
v 0.003508744 0.003209218 0.002130583
v 0.003510446 0.003220959 0.002102288
v 0.002699998 0.003462949 0.002102288
v 0.002694985 0.003452197 0.002130583
v 0.003510446 0.003220959 0.002102288
v 0.003514556 0.003249305 0.002090568
v 0.002712102 0.003488906 0.002090568
v 0.002699998 0.003462949 0.002102288
v 0.001985778 0.003919389 0.002130583
v 0.001993678 0.00392824 0.002102288
v 0.001451422 0.004577349 0.002102288
v 0.001441305 0.004571149 0.002130583
v 0.001993678 0.00392824 0.002102288
v 0.00201275 0.003949609 0.002090568
v 0.001475848 0.004592317 0.002090568
v 0.001451422 0.004577349 0.002102288
v 0.001816685 0.005538813 0.002130583
v 0.001805159 0.005535779 0.002102288
v 0.002056201 0.004947958 0.002102288
v 0.002066354 0.004954179 0.002130583
v 0.001805159 0.005535779 0.002102288
v 0.001777333 0.005528453 0.002090568
v 0.00203169 0.004932938 0.002090568
v 0.002056201 0.004947958 0.002102288
v 0.003613934 0.003934707 0.002130583
v 0.003612227 0.003922929 0.002102288
v 0.004251406 0.003924317 0.002102288
v 0.004249646 0.003936093 0.002130583
v 0.003612227 0.003922929 0.002102288
v 0.003608104 0.003894495 0.002090568
v 0.004255655 0.003895886 0.002090568
v 0.004251406 0.003924317 0.002102288
v 0.005170693 0.003457598 0.002130583
v 0.005165629 0.003468334 0.002102288
v 0.004356248 0.003222807 0.002102288
v 0.004358002 0.003211071 0.002130583
v 0.005165629 0.003468334 0.002102288
v 0.005153405 0.003494251 0.002090568
v 0.004352014 0.003251139 0.002090568
v 0.004356248 0.003222807 0.002102288
v 0.004358002 0.003211071 0.002130583
v 0.004356248 0.003222807 0.002102288
v 0.003510446 0.003220959 0.002102288
v 0.003508744 0.003209218 0.002130583
v 0.004356248 0.003222807 0.002102288
v 0.004352014 0.003251139 0.002090568
v 0.003514556 0.003249305 0.002090568
v 0.003510446 0.003220959 0.002102288
v 0.003004795 0.004116588 0.002130583
v 0.002999767 0.004105804 0.002102288
v 0.003612227 0.003922929 0.002102288
v 0.003613934 0.003934707 0.002130583
v 0.002999767 0.004105804 0.002102288
v 0.002987626 0.004079769 0.002090568
v 0.003608104 0.003894495 0.002090568
v 0.003612227 0.003922929 0.002102288
v 0.002066354 0.004954179 0.002130583
v 0.002056201 0.004947958 0.002102288
v 0.002465994 0.004457426 0.002102288
v 0.002473919 0.004466305 0.002130583
v 0.002056201 0.004947958 0.002102288
v 0.00203169 0.004932938 0.002090568
v 0.002446863 0.00443599 0.002090568
v 0.002465994 0.004457426 0.002102288
v 0.002694985 0.003452197 0.002130583
v 0.002699998 0.003462949 0.002102288
v 0.001993678 0.00392824 0.002102288
v 0.001985778 0.003919389 0.002130583
v 0.002699998 0.003462949 0.002102288
v 0.002712102 0.003488906 0.002090568
v 0.00201275 0.003949609 0.002090568
v 0.001993678 0.00392824 0.002102288
v 0.001441305 0.004571149 0.002130583
v 0.001451422 0.004577349 0.002102288
v 0.001119246 0.005355193 0.002102288
v 0.001107768 0.005352171 0.002130583
v 0.001451422 0.004577349 0.002102288
v 0.001475848 0.004592317 0.002090568
v 0.001146957 0.005362489 0.002090568
v 0.001119246 0.005355193 0.002102288
v 0.001714024 0.006247672 0.002130583
v 0.001703659 0.006236485 0.002102288
v 0.001805159 0.005535779 0.002102288
v 0.001816685 0.005538813 0.002130583
v 0.001703659 0.006236485 0.002102288
v 0.001678638 0.006209476 0.002090568
v 0.001777333 0.005528453 0.002090568
v 0.001805159 0.005535779 0.002102288
v 0.004249646 0.003936093 0.002130583
v 0.004251406 0.003924317 0.002102288
v 0.00486307 0.004109852 0.002102288
v 0.004857986 0.004120631 0.002130583
v 0.004251406 0.003924317 0.002102288
v 0.004255655 0.003895886 0.002090568
v 0.004875344 0.004083827 0.002090568
v 0.00486307 0.004109852 0.002102288
v 0.005910251 0.003989866 0.002130583
v 0.005893247 0.003992011 0.002102288
v 0.005165629 0.003468334 0.002102288
v 0.005170693 0.003457598 0.002130583
v 0.005893247 0.003992011 0.002102288
v 0.005852195 0.003997188 0.002090568
v 0.005153405 0.003494251 0.002090568
v 0.005165629 0.003468334 0.002102288
v 0.001980836 0.004901774 0.002090568
v 0.00203169 0.004932938 0.002090568
v 0.001777333 0.005528453 0.002090568
v 0.001719692 0.005513277 0.002090568
v 0.002407132 0.004391477 0.002090568
v 0.001678638 0.006209476 0.002090568
v 0.002446863 0.00443599 0.002090568
v 0.001645861 0.006174096 0.002090568
v 0.002962408 0.004025688 0.002090568
v 0.001083056 0.006221074 0.002090568
v 0.002987626 0.004079769 0.002090568
v 0.001113706 0.006192679 0.002090568
v 0.003599542 0.003835447 0.002090568
v 0.001146957 0.005362489 0.002090568
v 0.003608104 0.003894495 0.002090568
v 0.00120476 0.005377707 0.002090568
v 0.004264471 0.003836897 0.002090568
v 0.001475848 0.004592317 0.002090568
v 0.004255655 0.003895886 0.002090568
v 0.001526822 0.004623554 0.002090568
v 0.004900769 0.004029917 0.002090568
v 0.00201275 0.003949609 0.002090568
v 0.004875344 0.004083827 0.002090568
v 0.002052564 0.003994217 0.002090568
v 0.005454443 0.004398125 0.002090568
v 0.002712102 0.003488906 0.002090568
v 0.005460478 0.004445976 0.002090568
v 0.002737372 0.003543097 0.002090568
v 0.005810742 0.004002416 0.002090568
v 0.003514556 0.003249305 0.002090568
v 0.005852195 0.003997188 0.002090568
v 0.003523136 0.003308478 0.002090568
v 0.005127909 0.003548313 0.002090568
v 0.004352014 0.003251139 0.002090568
v 0.005153405 0.003494251 0.002090568
v 0.004343177 0.003310267 0.002090568
v 0.004343177 0.003310267 0.002214553
v 0.004348018 0.00327787 0.002214553
v 0.003518434 0.003276049 0.002214553
v 0.003523136 0.003308478 0.002214553
v 0.002723522 0.003513396 0.002214553
v 0.005127909 0.003548313 0.002214553
v 0.005141873 0.003518704 0.002214553
v 0.002737372 0.003543097 0.002214553
v 0.002030744 0.003969769 0.002214553
v 0.005810742 0.004002416 0.002214553
v 0.005813463 0.004002072 0.002214553
v 0.005454443 0.004398125 0.002214553
v 0.005456131 0.004411512 0.002214553
v 0.004900769 0.004029917 0.002214553
v 0.004886924 0.004059272 0.002214553
v 0.004264471 0.003836897 0.002214553
v 0.004259664 0.003869061 0.002214553
v 0.003599542 0.003835447 0.002214553
v 0.003604214 0.003867668 0.002214553
v 0.002962408 0.004025688 0.002214553
v 0.002976172 0.004055206 0.002214553
v 0.002407132 0.004391477 0.002214553
v 0.002428812 0.004415767 0.002214553
v 0.002052564 0.003994217 0.002214553
v 0.001498893 0.004606439 0.002214553
v 0.001526822 0.004623554 0.002214553
v 0.001173103 0.005369372 0.002214553
v 0.001980836 0.004901774 0.002214553
v 0.002008565 0.004918767 0.002214553
v 0.001719692 0.005513277 0.002214553
v 0.00175108 0.005521541 0.002214553
v 0.001645861 0.006174096 0.002214553
v 0.001655031 0.006183994 0.002214553
v 0.001113706 0.006192679 0.002214553
v 0.001111695 0.006194543 0.002214553
v 0.00120476 0.005377707 0.002214553
v 0.002541785 0.005667645 0.001763764
v 0.003438402 0.006757351 0.001738525
v 0.003438403 0.006757351 0.001738525
v 0.003468978 0.00679451 0.001741384
v 0.003468977 0.00679451 0.001741384
v 0.003472249 0.006798486 0.002230731
v 0.002789816 0.005887089 0.002251958
v 0.002591338 0.005645867 0.00177078
v 0.002591338 0.005645868 0.00177078
v 0.003838572 0.004619634 0.00177078
v 0.00403705 0.004860855 0.002251958
v 0.00403705 0.004860855 0.002251958
v 0.004756445 0.005735172 0.001741384
v 0.004756444 0.005735172 0.001741384
v 0.004759716 0.005739148 0.002230731
v 0.003844399 0.004544714 0.001767719
v 0.003844399 0.004544714 0.001767719
v 0.00404629 0.004790083 0.00225717
v 0.002781357 0.00595881 0.002254608
v 0.002781358 0.00595881 0.002254608
v 0.003413851 0.006727512 0.002231865
v 0.004692799 0.00565782 0.001743486
v 0.004692799 0.00565782 0.001743486
v 0.003863659 0.004650123 0.001766825
v 0.004763606 0.005661874 0.001746345
v 0.004766826 0.005665787 0.002227824
v 0.004766826 0.005665787 0.002227824
v 0.002551105 0.005678972 0.00177078
v 0.002551105 0.005678972 0.00177078
v 0.002749583 0.005920193 0.002251958
v 0.002551105 0.005678972 0.00177078
v 0.002576191 0.005709461 0.001766825
v 0.002551105 0.005678972 0.00177078
v 0.002591338 0.005645867 0.00177078
v 0.002616425 0.005676357 0.001766825
v 0.002591338 0.005645868 0.00177078
v 0.002516698 0.005637156 0.001767719
v 0.002541785 0.005667645 0.001763764
v 0.002516698 0.005637156 0.001767719
v 0.003509211 0.006761405 0.001741384
v 0.003478636 0.006724246 0.001738525
v 0.003478636 0.006724247 0.001738525
v 0.002556931 0.005604052 0.001767719
v 0.002582018 0.005634541 0.001763764
v 0.002582018 0.005634541 0.001763764
v 0.002781357 0.00595881 0.002254608
v 0.002749583 0.005920193 0.002251958
v 0.002781358 0.00595881 0.002254608
v 0.002821591 0.005925706 0.002254608
v 0.002789816 0.005887089 0.002251958
v 0.002821591 0.005925705 0.002254608
v 0.002750363 0.005921141 0.00225982
v 0.002718589 0.005882525 0.00225717
v 0.002718589 0.005882524 0.00225717
v 0.002790597 0.005888037 0.00225982
v 0.002758822 0.00584942 0.00225717
v 0.002790596 0.005888037 0.00225982
v 0.003512483 0.006765381 0.002230731
v 0.003487208 0.006734664 0.002234771
v 0.003487208 0.006734665 0.002234771
v 0.004723373 0.005694979 0.001746345
v 0.004692799 0.00565782 0.001743486
v 0.004692799 0.00565782 0.001743486
v 0.003878805 0.00458653 0.00177078
v 0.003903892 0.004617019 0.001766825
v 0.003878805 0.00458653 0.00177078
v 0.003804165 0.004577818 0.001767719
v 0.003829252 0.004608307 0.001763764
v 0.003804165 0.004577818 0.001767719
v 0.004756445 0.005735172 0.001741384
v 0.00472587 0.005698013 0.001738525
v 0.004756444 0.005735172 0.001741384
v 0.004796678 0.005702068 0.001741384
v 0.004766103 0.005664908 0.001738525
v 0.004766103 0.005664909 0.001738525
v 0.004068824 0.004899472 0.002254608
v 0.00403705 0.004860855 0.002251958
v 0.00403705 0.004860855 0.002251958
v 0.004078064 0.004828699 0.00225982
v 0.00404629 0.004790083 0.00225717
v 0.004078064 0.004828699 0.00225982
v 0.004759716 0.005739148 0.002230731
v 0.004734442 0.005708431 0.002234771
v 0.004734442 0.005708431 0.002234771
v 0.004799949 0.005706044 0.002230731
v 0.004774675 0.005675327 0.002234771
v 0.004774675 0.005675327 0.002234771
v 0.00313997 0.006120553 0.0004066418
v 0.00313601 0.006115741 0.0004066418
v 0.003139969 0.006120553 0.0004066418
v 0.004105331 0.006209967 0.0004066418
v 0.004100519 0.006213927 0.0004066418
v 0.004100519 0.006213927 0.0004066418
v 0.003216359 0.005165908 0.0004079111
v 0.003216359 0.005165908 0.0004079111
v 0.003220174 0.005162769 0.0004070136
v 0.004100519 0.006213927 0.0004066418
v 0.004100519 0.006213927 0.0004066418
v 0.004091309 0.006221505 0.0004070136
v 0.004184029 0.00523158 0.0004079111
v 0.004184029 0.005231581 0.0004079111
v 0.004187168 0.005235395 0.0004070136
v 0.003147547 0.006129763 0.0004070136
v 0.003147547 0.006129763 0.0004070136
v 0.003150686 0.006133578 0.0004079111
v 0.003478636 0.006724247 0.001738525
v 0.003478636 0.006724246 0.001738525
v 0.002582018 0.005634541 0.001763764
v 0.002582018 0.005634541 0.001763764
v 0.002718589 0.005882524 0.00225717
v 0.002718589 0.005882525 0.00225717
v 0.002516698 0.005637156 0.001767719
v 0.002516698 0.005637156 0.001767719
v 0.003446975 0.006767769 0.002234771
v 0.003446975 0.006767769 0.002234771
v 0.002750363 0.005921141 0.00225982
v 0.003472249 0.006798486 0.002230731
v 0.002790597 0.005888037 0.00225982
v 0.002790596 0.005888037 0.00225982
v 0.003487208 0.006734665 0.002234771
v 0.003487208 0.006734664 0.002234771
v 0.003454085 0.006694407 0.002231865
v 0.003454084 0.006694407 0.002231865
v 0.002821591 0.005925706 0.002254608
v 0.002821591 0.005925705 0.002254608
v 0.004068824 0.004899472 0.002254608
v 0.004701318 0.005668174 0.002231865
v 0.004701318 0.005668174 0.002231865
v 0.004726592 0.005698891 0.002227824
v 0.00347614 0.006721212 0.001746345
v 0.003479359 0.006725125 0.002227824
v 0.003479359 0.006725125 0.002227824
v 0.003454085 0.006694407 0.002231865
v 0.003454084 0.006694407 0.002231865
v 0.004766103 0.005664909 0.001738525
v 0.004766103 0.005664908 0.001738525
v 0.003869486 0.004575203 0.001763764
v 0.003869485 0.004575203 0.001763764
v 0.004006056 0.004823186 0.00225717
v 0.004006056 0.004823187 0.00225717
v 0.003804165 0.004577818 0.001767719
v 0.003804165 0.004577818 0.001767719
v 0.004077283 0.004827751 0.002251958
v 0.004077284 0.004827751 0.002251958
v 0.003878805 0.00458653 0.00177078
v 0.003878805 0.00458653 0.00177078
v 0.004734442 0.005708431 0.002234771
v 0.004734442 0.005708431 0.002234771
v 0.004037831 0.004861804 0.00225982
v 0.004037831 0.004861804 0.00225982
v 0.004078064 0.004828699 0.00225982
v 0.004078064 0.004828699 0.00225982
v 0.004774675 0.005675327 0.002234771
v 0.004774675 0.005675327 0.002234771
v 0.004741552 0.00563507 0.002231865
v 0.004741551 0.00563507 0.002231865
v 0.004109058 0.004866368 0.002254608
v 0.004109058 0.004866368 0.002254608
v 0.003435906 0.006754316 0.001746345
v 0.003405332 0.006717157 0.001743486
v 0.003445565 0.006684053 0.001743486
v 0.00347614 0.006721212 0.001746345
v 0.003478636 0.006724247 0.001738525
v 0.003438403 0.006757351 0.001738525
v 0.003468978 0.00679451 0.001741384
v 0.003509211 0.006761405 0.001741384
v 0.002516698 0.005637156 0.001767719
v 0.002541785 0.005667645 0.001763764
v 0.002582018 0.005634541 0.001763764
v 0.002556931 0.005604052 0.001767719
v 0.002616425 0.005676357 0.001766825
v 0.002576191 0.005709461 0.001766825
v 0.002551105 0.005678972 0.00177078
v 0.002591338 0.005645868 0.00177078
v 0.002750363 0.005921141 0.00225982
v 0.002718589 0.005882524 0.00225717
v 0.002758822 0.00584942 0.00225717
v 0.002790597 0.005888037 0.00225982
v 0.002789816 0.005887089 0.002251958
v 0.002749583 0.005920193 0.002251958
v 0.002781357 0.00595881 0.002254608
v 0.002821591 0.005925705 0.002254608
v 0.003472249 0.006798486 0.002230731
v 0.003446975 0.006767769 0.002234771
v 0.003487208 0.006734664 0.002234771
v 0.003512483 0.006765381 0.002230731
v 0.003454085 0.006694407 0.002231865
v 0.003413851 0.006727512 0.002231865
v 0.003439125 0.006758229 0.002227824
v 0.003479359 0.006725125 0.002227824
v 0.004723373 0.005694979 0.001746345
v 0.004692799 0.00565782 0.001743486
v 0.004733032 0.005624716 0.001743486
v 0.004763606 0.005661874 0.001746345
v 0.004766103 0.005664909 0.001738525
v 0.00472587 0.005698013 0.001738525
v 0.004756445 0.005735172 0.001741384
v 0.004796678 0.005702068 0.001741384
v 0.003804165 0.004577818 0.001767719
v 0.003829252 0.004608307 0.001763764
v 0.003869485 0.004575203 0.001763764
v 0.003844399 0.004544714 0.001767719
v 0.003903892 0.004617019 0.001766825
v 0.003863659 0.004650123 0.001766825
v 0.003838572 0.004619634 0.00177078
v 0.003878805 0.00458653 0.00177078
v 0.004037831 0.004861804 0.00225982
v 0.004006056 0.004823186 0.00225717
v 0.00404629 0.004790083 0.00225717
v 0.004078064 0.004828699 0.00225982
v 0.004077283 0.004827751 0.002251958
v 0.00403705 0.004860855 0.002251958
v 0.004068824 0.004899472 0.002254608
v 0.004109058 0.004866368 0.002254608
v 0.004759716 0.005739148 0.002230731
v 0.004734442 0.005708431 0.002234771
v 0.004774675 0.005675327 0.002234771
v 0.004799949 0.005706044 0.002230731
v 0.004741552 0.00563507 0.002231865
v 0.004701318 0.005668174 0.002231865
v 0.004726592 0.005698891 0.002227824
v 0.004766826 0.005665787 0.002227824
v 0.003445565 0.006684053 0.001743486
v 0.003405332 0.006717157 0.001743486
v 0.002576191 0.005709461 0.001766825
v 0.002616425 0.005676357 0.001766825
v 0.002582018 0.005634541 0.001763764
v 0.002541785 0.005667645 0.001763764
v 0.003438403 0.006757351 0.001738525
v 0.003478636 0.006724247 0.001738525
v 0.003468978 0.00679451 0.001741384
v 0.003438403 0.006757351 0.001738525
v 0.003438402 0.006757351 0.001738525
v 0.003468977 0.00679451 0.001741384
v 0.002591338 0.005645868 0.00177078
v 0.002551105 0.005678972 0.00177078
v 0.002749583 0.005920193 0.002251958
v 0.002789816 0.005887089 0.002251958
v 0.002758822 0.00584942 0.00225717
v 0.002718589 0.005882524 0.00225717
v 0.002516698 0.005637156 0.001767719
v 0.002556931 0.005604052 0.001767719
v 0.002821591 0.005925705 0.002254608
v 0.002781357 0.00595881 0.002254608
v 0.003413851 0.006727512 0.002231865
v 0.003454085 0.006694407 0.002231865
v 0.003487208 0.006734664 0.002234771
v 0.003446975 0.006767769 0.002234771
v 0.002750363 0.005921141 0.00225982
v 0.002790597 0.005888037 0.00225982
v 0.003479359 0.006725125 0.002227824
v 0.003439125 0.006758229 0.002227824
v 0.003435906 0.006754316 0.001746345
v 0.00347614 0.006721212 0.001746345
v 0.003509211 0.006761405 0.001741384
v 0.003468978 0.00679451 0.001741384
v 0.003472249 0.006798486 0.002230731
v 0.003512483 0.006765381 0.002230731
v 0.004733032 0.005624716 0.001743486
v 0.004692799 0.00565782 0.001743486
v 0.003863659 0.004650123 0.001766825
v 0.003903892 0.004617019 0.001766825
v 0.003869485 0.004575203 0.001763764
v 0.003829252 0.004608307 0.001763764
v 0.00472587 0.005698013 0.001738525
v 0.004766103 0.005664909 0.001738525
v 0.003844399 0.004544714 0.001767719
v 0.003869485 0.004575203 0.001763764
v 0.003869486 0.004575203 0.001763764
v 0.003844399 0.004544714 0.001767719
v 0.003878805 0.00458653 0.00177078
v 0.003838572 0.004619634 0.00177078
v 0.00403705 0.004860855 0.002251958
v 0.004077283 0.004827751 0.002251958
v 0.004109058 0.004866368 0.002254608
v 0.004077284 0.004827751 0.002251958
v 0.004077283 0.004827751 0.002251958
v 0.004109058 0.004866368 0.002254608
v 0.004037831 0.004861804 0.00225982
v 0.004006056 0.004823187 0.00225717
v 0.004006056 0.004823186 0.00225717
v 0.004037831 0.004861804 0.00225982
v 0.00404629 0.004790083 0.00225717
v 0.004006056 0.004823186 0.00225717
v 0.003804165 0.004577818 0.001767719
v 0.003844399 0.004544714 0.001767719
v 0.004109058 0.004866368 0.002254608
v 0.004068824 0.004899472 0.002254608
v 0.004701318 0.005668174 0.002231865
v 0.004741552 0.00563507 0.002231865
v 0.004766826 0.005665787 0.002227824
v 0.004741551 0.00563507 0.002231865
v 0.004741552 0.00563507 0.002231865
v 0.004766826 0.005665787 0.002227824
v 0.004774675 0.005675327 0.002234771
v 0.004734442 0.005708431 0.002234771
v 0.004037831 0.004861804 0.00225982
v 0.004078064 0.004828699 0.00225982
v 0.004766826 0.005665787 0.002227824
v 0.004726592 0.005698891 0.002227824
v 0.004723373 0.005694979 0.001746345
v 0.004763606 0.005661874 0.001746345
v 0.004796678 0.005702068 0.001741384
v 0.004756445 0.005735172 0.001741384
v 0.004759716 0.005739148 0.002230731
v 0.004799949 0.005706044 0.002230731
v 0.003472534 0.006757831 0.001614679
v 0.00355005 0.00685204 0.001614679
v 0.004837516 0.005792702 0.001614679
v 0.00476 0.005698493 0.001614679
v 0.002571239 0.005662441 0.001644014
v 0.003858706 0.004603103 0.001644014
v 0.003840161 0.004580564 0.001766038
v 0.00369346 0.004402271 0.00171081
v 0.003712005 0.00442481 0.001588786
v 0.003858706 0.004603103 0.001644014
v 0.00476 0.005698493 0.001740145
v 0.00476 0.005698493 0.001614679
v 0.004837516 0.005792702 0.001740145
v 0.004837516 0.005792702 0.001614679
v 0.00476 0.005698493 0.001867912
v 0.004837516 0.005792702 0.001867912
v 0.004721319 0.005651481 0.002229472
v 0.004798491 0.005745272 0.002217987
v 0.00474243 0.005677138 0.002580837
v 0.004819601 0.005770928 0.002569352
v 0.00478465 0.005728451 0.003283567
v 0.004861822 0.005822241 0.003272082
v 0.004792293 0.005737739 0.003410767
v 0.004869464 0.005831529 0.003399282
v 0.00369346 0.004402271 0.00171081
v 0.002405992 0.005461609 0.00171081
v 0.002424538 0.005484148 0.001588786
v 0.003712005 0.00442481 0.001588786
v 0.002552693 0.005639902 0.001766038
v 0.002405992 0.005461609 0.00171081
v 0.00369346 0.004402271 0.00171081
v 0.003840161 0.004580564 0.001766038
v 0.003858706 0.004603103 0.001644014
v 0.003712005 0.00442481 0.001588786
v 0.002424538 0.005484148 0.001588786
v 0.002571239 0.005662441 0.001644014
v 0.003472534 0.006757831 0.001740145
v 0.002552693 0.005639902 0.001766038
v 0.003840161 0.004580564 0.001766038
v 0.00476 0.005698493 0.001740145
v 0.002405992 0.005461609 0.00171081
v 0.002571239 0.005662441 0.001644014
v 0.002424538 0.005484148 0.001588786
v 0.002552693 0.005639902 0.001766038
v 0.003472534 0.006757831 0.001614679
v 0.003472534 0.006757831 0.001740145
v 0.00355005 0.00685204 0.001614679
v 0.00355005 0.00685204 0.001740145
v 0.00355005 0.00685204 0.001867912
v 0.003472534 0.006757831 0.001867912
v 0.003511023 0.006804609 0.002217987
v 0.003433852 0.006710819 0.002229472
v 0.003532134 0.006830266 0.002569352
v 0.003454962 0.006736475 0.002580837
v 0.003574355 0.006881579 0.003272082
v 0.003497183 0.006787789 0.003283567
v 0.003581997 0.006890867 0.003399282
v 0.003504826 0.006797076 0.003410767
v 0.00355005 0.00685204 0.001740145
v 0.004837516 0.005792702 0.001614679
v 0.00355005 0.00685204 0.001614679
v 0.004837516 0.005792702 0.001740145
v 0.004837516 0.005792702 0.001867912
v 0.00355005 0.00685204 0.001867912
v 0.004792293 0.005737739 0.003410767
v 0.004869464 0.005831529 0.003399282
v 0.003581997 0.006890867 0.003399282
v 0.003504826 0.006797076 0.003410767
v 0.003511023 0.006804609 0.002217987
v 0.004819601 0.005770928 0.002569352
v 0.004798491 0.005745272 0.002217987
v 0.003532134 0.006830266 0.002569352
v 0.004861822 0.005822241 0.003272082
v 0.003574355 0.006881579 0.003272082
v 0.004869464 0.005831529 0.003399282
v 0.003581997 0.006890867 0.003399282
v 0.004721319 0.005651481 0.002229472
v 0.003454962 0.006736475 0.002580837
v 0.003433852 0.006710819 0.002229472
v 0.00474243 0.005677138 0.002580837
v 0.003497183 0.006787789 0.003283567
v 0.00478465 0.005728451 0.003283567
v 0.003504826 0.006797076 0.003410767
v 0.004792293 0.005737739 0.003410767
v 0.00476 0.005698493 0.001740145
v 0.00476 0.005698493 0.001867912
v 0.003472534 0.006757831 0.001867912
v 0.003472534 0.006757831 0.001740145
v 0.00476 0.005698493 0.001867912
v 0.004721319 0.005651481 0.002229472
v 0.003433852 0.006710819 0.002229472
v 0.003472534 0.006757831 0.001867912
v 0.00355005 0.00685204 0.001867912
v 0.003511023 0.006804609 0.002217987
v 0.004798491 0.005745272 0.002217987
v 0.004837516 0.005792702 0.001867912
v 0.003760866 0.00560564 0.001642216
v 0.003787882 0.005694295 0.001642216
v 0.003744297 0.005776087 0.001642216
v 0.003679073 0.005562054 0.001642216
v 0.003655641 0.005803103 0.001642216
v 0.003590418 0.005589071 0.001642216
v 0.003573849 0.005759518 0.001642216
v 0.003546833 0.005670863 0.001642216
v 0.003590418 0.005589071 0.001195203
v 0.003590418 0.005589071 0.001642216
v 0.003546833 0.005670863 0.001642216
v 0.003546833 0.005670863 0.001195203
v 0.003546833 0.005670863 0.001195203
v 0.003546833 0.005670863 0.001642216
v 0.003573849 0.005759518 0.001642216
v 0.003573849 0.005759518 0.001195203
v 0.003744297 0.005776087 0.001642216
v 0.003744297 0.005776087 0.001195203
v 0.003655641 0.005803103 0.001195203
v 0.003655641 0.005803103 0.001642216
v 0.003655641 0.005803103 0.001642216
v 0.003655641 0.005803103 0.001195203
v 0.003573849 0.005759518 0.001195203
v 0.003573849 0.005759518 0.001642216
v 0.003760866 0.00560564 0.001642216
v 0.003760866 0.00560564 0.001195203
v 0.003787882 0.005694295 0.001195203
v 0.003787882 0.005694295 0.001642216
v 0.003787882 0.005694295 0.001642216
v 0.003787882 0.005694295 0.001195203
v 0.003744297 0.005776087 0.001195203
v 0.003744297 0.005776087 0.001642216
v 0.003590418 0.005589071 0.001642216
v 0.003590418 0.005589071 0.001195203
v 0.003679073 0.005562054 0.001195203
v 0.003679073 0.005562054 0.001642216
v 0.003679073 0.005562054 0.001642216
v 0.003679073 0.005562054 0.001195203
v 0.003760866 0.00560564 0.001195203
v 0.003760866 0.00560564 0.001642216
v 0.003546767 0.00581034 0.000751854
v 0.00365007 0.005860421 0.0007106212
v 0.003546767 0.00581034 0.0007106212
v 0.00365007 0.005860421 0.000751854
v 0.003546767 0.00581034 0.001195203
v 0.00365007 0.005860421 0.001195203
v 0.003795119 0.00580317 0.000751854
v 0.003845199 0.005699867 0.0007106212
v 0.003795119 0.00580317 0.0007106212
v 0.003845199 0.005699867 0.000751854
v 0.003795119 0.00580317 0.001195203
v 0.003845199 0.005699867 0.001195203
v 0.00365007 0.005860421 0.000751854
v 0.003761084 0.005831174 0.0007106212
v 0.00365007 0.005860421 0.0007106212
v 0.003761084 0.005831174 0.000751854
v 0.00365007 0.005860421 0.001195203
v 0.003761084 0.005831174 0.001195203
v 0.003787948 0.005554817 0.000751854
v 0.003684645 0.005504737 0.0007106212
v 0.003787948 0.005554817 0.0007106212
v 0.003684645 0.005504737 0.000751854
v 0.003787948 0.005554817 0.001195203
v 0.003684645 0.005504737 0.001195203
v 0.003845199 0.005699867 0.000751854
v 0.003815952 0.005588853 0.0007106212
v 0.003845199 0.005699867 0.0007106212
v 0.003815952 0.005588853 0.000751854
v 0.003845199 0.005699867 0.001195203
v 0.003815952 0.005588853 0.001195203
v 0.003684645 0.005504737 0.000751854
v 0.003573631 0.005533983 0.0007106212
v 0.003684645 0.005504737 0.0007106212
v 0.003573631 0.005533983 0.000751854
v 0.003684645 0.005504737 0.001195203
v 0.003573631 0.005533983 0.001195203
v 0.003152994 0.006109836 0.0004331917
v 0.003149034 0.006105024 0.0004331917
v 0.003149034 0.006105024 0.0004079111
v 0.003152994 0.006109836 0.0004079111
v 0.003539596 0.005561989 0.000751854
v 0.003489515 0.005665292 0.0007106212
v 0.003539596 0.005561989 0.0007106212
v 0.003489515 0.005665292 0.000751854
v 0.003539596 0.005561989 0.001195203
v 0.003489515 0.005665292 0.001195203
v 0.003489515 0.005665292 0.000751854
v 0.003518763 0.005776305 0.0007106212
v 0.003489515 0.005665292 0.0007106212
v 0.003518763 0.005776305 0.000751854
v 0.003489515 0.005665292 0.001195203
v 0.003518763 0.005776305 0.001195203
v 0.003518763 0.005776305 0.000751854
v 0.003546767 0.00581034 0.000751854
v 0.003163711 0.006122861 0.0004718485
v 0.003138318 0.006091999 0.0004718485
v 0.003795119 0.00580317 0.0007106212
v 0.003845199 0.005699867 0.0007106212
v 0.003815952 0.005588853 0.0007106212
v 0.003787948 0.005554817 0.0007106212
v 0.003761084 0.005831174 0.0007106212
v 0.003684645 0.005504737 0.0007106212
v 0.00365007 0.005860421 0.0007106212
v 0.003573631 0.005533983 0.0007106212
v 0.003546767 0.00581034 0.0007106212
v 0.003539596 0.005561989 0.0007106212
v 0.003518763 0.005776305 0.0007106212
v 0.003489515 0.005665292 0.0007106212
v 0.003518763 0.005776305 0.001195203
v 0.003546767 0.00581034 0.001195203
v 0.003546767 0.00581034 0.000751854
v 0.003518763 0.005776305 0.000751854
v 0.003573631 0.005533983 0.001195203
v 0.003539596 0.005561989 0.001195203
v 0.003539596 0.005561989 0.000751854
v 0.003573631 0.005533983 0.000751854
v 0.003815952 0.005588853 0.001195203
v 0.003787948 0.005554817 0.001195203
v 0.003787948 0.005554817 0.000751854
v 0.003815952 0.005588853 0.000751854
v 0.003761084 0.005831174 0.001195203
v 0.003795119 0.00580317 0.001195203
v 0.003795119 0.00580317 0.000751854
v 0.003761084 0.005831174 0.000751854
v 0.003518763 0.005776305 0.0007106212
v 0.003518763 0.005776305 0.000751854
v 0.003138318 0.006091999 0.0004718485
v 0.003140062 0.006090552 0.0004357272
v 0.003112268 0.006113432 0.0004718485
v 0.003112268 0.006113432 0.0004357274
v 0.003116076 0.0061103 0.0004344619
v 0.00313502 0.00609471 0.0004344611
v 0.003125293 0.006102716 0.0004331917
v 0.004196397 0.005273159 0.0004718485
v 0.004171004 0.005242297 0.0004718485
v 0.004197053 0.005220864 0.0004718485
v 0.004222447 0.005251725 0.0004718485
v 0.003573631 0.005533983 0.0007106212
v 0.003573631 0.005533983 0.000751854
v 0.003257937 0.005153539 0.0004718485
v 0.003259385 0.005155283 0.0004357272
v 0.003236504 0.00512749 0.0004718485
v 0.003236504 0.00512749 0.0004357274
v 0.003239636 0.005131297 0.0004344619
v 0.003255227 0.005150241 0.0004344611
v 0.003247221 0.005140514 0.0004331917
v 0.003257937 0.005153539 0.0004718485
v 0.003227076 0.005178933 0.0004718485
v 0.003205642 0.005152883 0.0004718485
v 0.003236504 0.00512749 0.0004718485
v 0.003573631 0.005533983 0.000751854
v 0.003539596 0.005561989 0.000751854
v 0.003227076 0.005178933 0.0004718485
v 0.003257937 0.005153539 0.0004718485
v 0.003223479 0.005138206 0.0004331917
v 0.003218667 0.005142166 0.0004079111
v 0.003223479 0.005138206 0.0004079111
v 0.003218667 0.005142166 0.0004331917
v 0.003232697 0.005130622 0.0004344619
v 0.003209449 0.005149751 0.0004344619
v 0.003236504 0.00512749 0.0004357274
v 0.003205642 0.005152883 0.0004357274
v 0.003236504 0.00512749 0.0004718485
v 0.003205642 0.005152883 0.0004718485
v 0.003761084 0.005831174 0.000751854
v 0.003795119 0.00580317 0.000751854
v 0.004107639 0.006186225 0.0004718485
v 0.004076778 0.006211618 0.0004718485
v 0.003815952 0.005588853 0.000751854
v 0.003787948 0.005554817 0.000751854
v 0.004171004 0.005242297 0.0004718485
v 0.004196397 0.005273159 0.0004718485
v 0.004181721 0.005255322 0.0004331917
v 0.00418568 0.005260134 0.0004331917
v 0.00418568 0.005260134 0.0004079111
v 0.004181721 0.005255322 0.0004079111
v 0.004094615 0.006196942 0.0004331917
v 0.004089803 0.006200902 0.0004331917
v 0.004089803 0.006200902 0.0004079111
v 0.004094615 0.006196942 0.0004079111
v 0.003122985 0.006126457 0.0004331917
v 0.003126945 0.00613127 0.0004079111
v 0.003122985 0.006126457 0.0004079111
v 0.003126945 0.00613127 0.0004331917
v 0.003115401 0.00611724 0.0004344619
v 0.003134529 0.006140487 0.0004344619
v 0.003112268 0.006113432 0.0004357274
v 0.003137662 0.006144295 0.0004357274
v 0.003112268 0.006113432 0.0004718485
v 0.003137662 0.006144295 0.0004718485
v 0.00421173 0.0052387 0.0004331917
v 0.00420777 0.005233888 0.0004079111
v 0.00421173 0.0052387 0.0004079111
v 0.00420777 0.005233888 0.0004331917
v 0.004219314 0.005247918 0.0004344619
v 0.004200186 0.005224671 0.0004344619
v 0.004222447 0.005251725 0.0004357274
v 0.004197053 0.005220864 0.0004357274
v 0.004222447 0.005251725 0.0004718485
v 0.004197053 0.005220864 0.0004718485
v 0.004111236 0.006226951 0.0004331917
v 0.004116048 0.006222992 0.0004079111
v 0.004111236 0.006226951 0.0004079111
v 0.004116048 0.006222992 0.0004331917
v 0.004102018 0.006234535 0.0004344619
v 0.004125266 0.006215408 0.0004344619
v 0.004098211 0.006237668 0.0004357274
v 0.004129073 0.006212275 0.0004357274
v 0.004098211 0.006237668 0.0004718485
v 0.004129073 0.006212275 0.0004718485
v 0.003787948 0.005554817 0.0007106212
v 0.003815952 0.005588853 0.0007106212
v 0.004194653 0.005274606 0.0004357272
v 0.004169248 0.00524373 0.0004357272
v 0.004076778 0.006211618 0.0004718485
v 0.004107639 0.006186225 0.0004718485
v 0.004129073 0.006212275 0.0004718485
v 0.004098211 0.006237668 0.0004718485
v 0.003761084 0.005831174 0.0007106212
v 0.003761084 0.005831174 0.000751854
v 0.004076778 0.006211618 0.0004718485
v 0.00407533 0.006209874 0.0004357272
v 0.004098211 0.006237668 0.0004718485
v 0.004098211 0.006237668 0.0004357274
v 0.004095078 0.006233861 0.0004344617
v 0.004079488 0.006214917 0.0004344611
v 0.004087495 0.006224643 0.0004331917
v 0.003787948 0.005554817 0.000751854
v 0.003787948 0.005554817 0.0007106212
v 0.004169248 0.00524373 0.0004357272
v 0.004171004 0.005242297 0.0004718485
v 0.004197053 0.005220864 0.0004357274
v 0.004197053 0.005220864 0.0004718485
v 0.004174299 0.005239583 0.0004344611
v 0.004193246 0.005223996 0.0004344619
v 0.004184029 0.005231581 0.0004331917
v 0.004184029 0.00523158 0.0004331917
v 0.003539596 0.005561989 0.0007106212
v 0.003573631 0.005533983 0.0007106212
v 0.003259385 0.005155283 0.0004357272
v 0.003228508 0.005180689 0.0004357272
v 0.004184029 0.00523158 0.0004331917
v 0.004184029 0.005231581 0.0004331917
v 0.004184029 0.005231581 0.0004079111
v 0.004184029 0.00523158 0.0004079111
v 0.003216359 0.005165908 0.0004331917
v 0.003216359 0.005165908 0.0004331917
v 0.003216359 0.005165908 0.0004079111
v 0.003216359 0.005165908 0.0004079111
v 0.003138318 0.006091999 0.0004718485
v 0.003163711 0.006122861 0.0004718485
v 0.003137662 0.006144295 0.0004718485
v 0.003112268 0.006113432 0.0004718485
v 0.003815952 0.005588853 0.0007106212
v 0.003815952 0.005588853 0.000751854
v 0.004196397 0.005273159 0.0004718485
v 0.004194653 0.005274606 0.0004357272
v 0.004222447 0.005251725 0.0004718485
v 0.004222447 0.005251725 0.0004357274
v 0.004218639 0.005254857 0.0004344619
v 0.004199695 0.005270449 0.0004344611
v 0.004209422 0.005262442 0.0004331917
v 0.003546767 0.00581034 0.000751854
v 0.003546767 0.00581034 0.0007106212
v 0.003165467 0.006121428 0.0004357272
v 0.003163711 0.006122861 0.0004718485
v 0.003137662 0.006144295 0.0004357274
v 0.003137662 0.006144295 0.0004718485
v 0.003160416 0.006125575 0.0004344611
v 0.003141469 0.006141162 0.0004344619
v 0.003150686 0.006133578 0.0004331917
v 0.003546767 0.00581034 0.0007106212
v 0.003518763 0.005776305 0.0007106212
v 0.003140062 0.006090552 0.0004357272
v 0.003165467 0.006121428 0.0004357272
v 0.003795119 0.00580317 0.0007106212
v 0.003761084 0.005831174 0.0007106212
v 0.00407533 0.006209874 0.0004357272
v 0.004106206 0.006184469 0.0004357272
v 0.003539596 0.005561989 0.000751854
v 0.003539596 0.005561989 0.0007106212
v 0.003228508 0.005180689 0.0004357272
v 0.003227076 0.005178933 0.0004718485
v 0.003205642 0.005152883 0.0004357274
v 0.003205642 0.005152883 0.0004718485
v 0.003224361 0.005175638 0.0004344611
v 0.003208775 0.00515669 0.0004344619
v 0.003216359 0.005165908 0.0004331917
v 0.003216359 0.005165908 0.0004331917
v 0.003795119 0.00580317 0.000751854
v 0.003795119 0.00580317 0.0007106212
v 0.004106206 0.006184469 0.0004357272
v 0.004107639 0.006186225 0.0004718485
v 0.004129073 0.006212275 0.0004357274
v 0.004129073 0.006212275 0.0004718485
v 0.004110354 0.00618952 0.0004344611
v 0.004125941 0.006208468 0.0004344619
v 0.004118356 0.00619925 0.0004331917
v 0.003244912 0.005164256 0.0004331917
v 0.003251841 0.005159415 0.00043446
v 0.003253623 0.005153907 0.0004341375
v 0.003250983 0.005152863 0.0004331917
v 0.003259385 0.005155283 0.0004357272
v 0.003255227 0.005150241 0.0004344611
v 0.003253623 0.005153907 0.0004341375
v 0.003251841 0.005159415 0.00043446
v 0.003247221 0.005140514 0.0004331917
v 0.003250983 0.005152863 0.0004331917
v 0.003253623 0.005153907 0.0004341375
v 0.003255227 0.005150241 0.0004344611
v 0.0032401 0.005168215 0.0004331917
v 0.003227751 0.005171978 0.0004331917
v 0.003228267 0.00517477 0.0004341375
v 0.003234015 0.005174082 0.0004344599
v 0.003216359 0.005165908 0.0004331917
v 0.003224361 0.005175638 0.0004344611
v 0.003228267 0.00517477 0.0004341375
v 0.003227751 0.005171978 0.0004331917
v 0.003228508 0.005180689 0.0004357272
v 0.003234015 0.005174082 0.0004344599
v 0.003228267 0.00517477 0.0004341375
v 0.003224361 0.005175638 0.0004344611
v 0.00418568 0.005260134 0.0004331917
v 0.004190522 0.005267063 0.00043446
v 0.00419603 0.005268845 0.0004341375
v 0.004197073 0.005266205 0.0004331917
v 0.004194653 0.005274606 0.0004357272
v 0.004199695 0.005270449 0.0004344611
v 0.00419603 0.005268845 0.0004341375
v 0.004190522 0.005267063 0.00043446
v 0.004209422 0.005262442 0.0004331917
v 0.004197073 0.005266205 0.0004331917
v 0.00419603 0.005268845 0.0004341375
v 0.004199695 0.005270449 0.0004344611
v 0.004181721 0.005255322 0.0004331917
v 0.004177958 0.005242973 0.0004331917
v 0.004175167 0.005243489 0.0004341375
v 0.004175854 0.005249237 0.0004344599
v 0.004184029 0.005231581 0.0004331917
v 0.004174299 0.005239583 0.0004344611
v 0.004175167 0.005243489 0.0004341375
v 0.004177958 0.005242973 0.0004331917
v 0.004169248 0.00524373 0.0004357272
v 0.004175854 0.005249237 0.0004344599
v 0.004175167 0.005243489 0.0004341375
v 0.004174299 0.005239583 0.0004344611
v 0.003149034 0.006105024 0.0004331917
v 0.003144193 0.006098095 0.00043446
v 0.003138685 0.006096313 0.0004341375
v 0.003137642 0.006098953 0.0004331917
v 0.003140062 0.006090552 0.0004357272
v 0.00313502 0.00609471 0.0004344611
v 0.003138685 0.006096313 0.0004341375
v 0.003144193 0.006098095 0.00043446
v 0.003125293 0.006102716 0.0004331917
v 0.003137642 0.006098953 0.0004331917
v 0.003138685 0.006096313 0.0004341375
v 0.00313502 0.00609471 0.0004344611
v 0.003152994 0.006109836 0.0004331917
v 0.003156757 0.006122185 0.0004331917
v 0.003159549 0.006121669 0.0004341375
v 0.003158861 0.006115921 0.0004344599
v 0.003150686 0.006133578 0.0004331917
v 0.003160416 0.006125575 0.0004344611
v 0.003159549 0.006121669 0.0004341375
v 0.003156757 0.006122185 0.0004331917
v 0.003165467 0.006121428 0.0004357272
v 0.003158861 0.006115921 0.0004344599
v 0.003159549 0.006121669 0.0004341375
v 0.003160416 0.006125575 0.0004344611
v 0.004089803 0.006200902 0.0004331917
v 0.004082873 0.006205744 0.0004344599
v 0.004081092 0.006211251 0.0004341375
v 0.004083731 0.006212295 0.0004331917
v 0.00407533 0.006209874 0.0004357272
v 0.004079488 0.006214917 0.0004344611
v 0.004081092 0.006211251 0.0004341375
v 0.004082873 0.006205744 0.0004344599
v 0.004087495 0.006224643 0.0004331917
v 0.004083731 0.006212295 0.0004331917
v 0.004081092 0.006211251 0.0004341375
v 0.004079488 0.006214917 0.0004344611
v 0.004094615 0.006196942 0.0004331917
v 0.004106963 0.006193179 0.0004331917
v 0.004106448 0.006190388 0.0004341375
v 0.0041007 0.006191076 0.0004344599
v 0.004118356 0.00619925 0.0004331917
v 0.004110354 0.00618952 0.0004344611
v 0.004106448 0.006190388 0.0004341375
v 0.004106963 0.006193179 0.0004331917
v 0.004106206 0.006184469 0.0004357272
v 0.0041007 0.006191076 0.0004344599
v 0.004106448 0.006190388 0.0004341375
v 0.004110354 0.00618952 0.0004344611
v 0.003223479 0.005138206 0.0004331917
v 0.003235828 0.005134444 0.0004331917
v 0.003236115 0.005131485 0.0004341375
v 0.003232697 0.005130622 0.0004344619
v 0.003247221 0.005140514 0.0004331917
v 0.003239636 0.005131297 0.0004344619
v 0.003236115 0.005131485 0.0004341375
v 0.003235828 0.005134444 0.0004331917
v 0.003236504 0.00512749 0.0004357274
v 0.003232697 0.005130622 0.0004344619
v 0.003236115 0.005131485 0.0004341375
v 0.003239636 0.005131297 0.0004344619
v 0.003218667 0.005142166 0.0004331917
v 0.003209449 0.005149751 0.0004344619
v 0.003209638 0.005153271 0.0004341375
v 0.003212596 0.005153559 0.0004331917
v 0.003205642 0.005152883 0.0004357274
v 0.003208775 0.00515669 0.0004344619
v 0.003209638 0.005153271 0.0004341375
v 0.003209449 0.005149751 0.0004344619
v 0.003216359 0.005165908 0.0004331917
v 0.003212596 0.005153559 0.0004331917
v 0.003209638 0.005153271 0.0004341375
v 0.003208775 0.00515669 0.0004344619
v 0.00421173 0.0052387 0.0004331917
v 0.004215493 0.005251049 0.0004331917
v 0.004218451 0.005251336 0.0004341375
v 0.004219314 0.005247918 0.0004344619
v 0.004209422 0.005262442 0.0004331917
v 0.004218639 0.005254857 0.0004344619
v 0.004218451 0.005251336 0.0004341375
v 0.004215493 0.005251049 0.0004331917
v 0.004222447 0.005251725 0.0004357274
v 0.004219314 0.005247918 0.0004344619
v 0.004218451 0.005251336 0.0004341375
v 0.004218639 0.005254857 0.0004344619
v 0.00420777 0.005233888 0.0004331917
v 0.004200186 0.005224671 0.0004344619
v 0.004196665 0.005224859 0.0004341375
v 0.004196377 0.005227817 0.0004331917
v 0.004197053 0.005220864 0.0004357274
v 0.004193246 0.005223996 0.0004344619
v 0.004196665 0.005224859 0.0004341375
v 0.004200186 0.005224671 0.0004344619
v 0.004184029 0.00523158 0.0004331917
v 0.004196377 0.005227817 0.0004331917
v 0.004196665 0.005224859 0.0004341375
v 0.004193246 0.005223996 0.0004344619
v 0.003122985 0.006126457 0.0004331917
v 0.003119222 0.006114109 0.0004331917
v 0.003116264 0.006113821 0.0004341375
v 0.003115401 0.00611724 0.0004344619
v 0.003125293 0.006102716 0.0004331917
v 0.003116076 0.0061103 0.0004344619
v 0.003116264 0.006113821 0.0004341375
v 0.003119222 0.006114109 0.0004331917
v 0.003112268 0.006113432 0.0004357274
v 0.003115401 0.00611724 0.0004344619
v 0.003116264 0.006113821 0.0004341375
v 0.003116076 0.0061103 0.0004344619
v 0.003126945 0.00613127 0.0004331917
v 0.003134529 0.006140487 0.0004344619
v 0.00313805 0.006140299 0.0004341375
v 0.003138337 0.00613734 0.0004331917
v 0.003137662 0.006144295 0.0004357274
v 0.003141469 0.006141162 0.0004344619
v 0.00313805 0.006140299 0.0004341375
v 0.003134529 0.006140487 0.0004344619
v 0.003150686 0.006133578 0.0004331917
v 0.003138337 0.00613734 0.0004331917
v 0.00313805 0.006140299 0.0004341375
v 0.003141469 0.006141162 0.0004344619
v 0.004111236 0.006226951 0.0004331917
v 0.004098888 0.006230714 0.0004331917
v 0.0040986 0.006233672 0.0004341375
v 0.004102018 0.006234535 0.0004344619
v 0.004087495 0.006224643 0.0004331917
v 0.004095078 0.006233861 0.0004344617
v 0.0040986 0.006233672 0.0004341375
v 0.004098888 0.006230714 0.0004331917
v 0.004098211 0.006237668 0.0004357274
v 0.004102018 0.006234535 0.0004344619
v 0.0040986 0.006233672 0.0004341375
v 0.004095078 0.006233861 0.0004344617
v 0.004116048 0.006222992 0.0004331917
v 0.004125266 0.006215408 0.0004344619
v 0.004125077 0.006211886 0.0004341375
v 0.004122119 0.006211599 0.0004331917
v 0.004129073 0.006212275 0.0004357274
v 0.004125941 0.006208468 0.0004344619
v 0.004125077 0.006211886 0.0004341375
v 0.004125266 0.006215408 0.0004344619
v 0.004118356 0.00619925 0.0004331917
v 0.004122119 0.006211599 0.0004331917
v 0.004125077 0.006211886 0.0004341375
v 0.004125941 0.006208468 0.0004344619
v 0.003244912 0.005164256 0.0004079111
v 0.003250983 0.005152863 0.0004079111
v 0.003247903 0.005152564 0.0004071782
v 0.003241774 0.005160441 0.0004070136
v 0.003247221 0.005140514 0.0004079111
v 0.003243405 0.005143654 0.0004070136
v 0.003247903 0.005152564 0.0004071782
v 0.003250983 0.005152863 0.0004079111
v 0.003234196 0.005151231 0.0004066418
v 0.003247903 0.005152564 0.0004071782
v 0.003243405 0.005143654 0.0004070136
v 0.003241774 0.005160441 0.0004070136
v 0.003236961 0.005164401 0.0004070136
v 0.003229383 0.005155191 0.0004066418
v 0.003228051 0.005168898 0.0004071782
v 0.003220174 0.005162769 0.0004070136
v 0.0032401 0.005168215 0.0004079111
v 0.003236961 0.005164401 0.0004070136
v 0.003228051 0.005168898 0.0004071782
v 0.003227751 0.005171978 0.0004079111
v 0.003216359 0.005165908 0.0004079111
v 0.003227751 0.005171978 0.0004079111
v 0.003228051 0.005168898 0.0004071782
v 0.003220174 0.005162769 0.0004070136
v 0.00418568 0.005260134 0.0004079111
v 0.004197073 0.005266205 0.0004079111
v 0.004197373 0.005263125 0.0004071782
v 0.004189495 0.005256995 0.0004070136
v 0.004209422 0.005262442 0.0004079111
v 0.004206283 0.005258627 0.0004070136
v 0.004197373 0.005263125 0.0004071782
v 0.004197073 0.005266205 0.0004079111
v 0.004198705 0.005249417 0.0004066418
v 0.004197373 0.005263125 0.0004071782
v 0.004206283 0.005258627 0.0004070136
v 0.004189495 0.005256995 0.0004070136
v 0.004185536 0.005252183 0.0004070136
v 0.004194745 0.005244605 0.0004066418
v 0.004181038 0.005243273 0.0004071782
v 0.004187168 0.005235395 0.0004070136
v 0.004181721 0.005255322 0.0004079111
v 0.004185536 0.005252183 0.0004070136
v 0.004181038 0.005243273 0.0004071782
v 0.004177958 0.005242973 0.0004079111
v 0.004184029 0.005231581 0.0004079111
v 0.004177958 0.005242973 0.0004079111
v 0.004181038 0.005243273 0.0004071782
v 0.004187168 0.005235395 0.0004070136
v 0.003149034 0.006105024 0.0004079111
v 0.003137642 0.006098953 0.0004079111
v 0.003137342 0.006102034 0.0004071782
v 0.00314522 0.006108163 0.0004070136
v 0.003125293 0.006102716 0.0004079111
v 0.003128432 0.006106531 0.0004070136
v 0.003137342 0.006102034 0.0004071782
v 0.003137642 0.006098953 0.0004079111
v 0.00313601 0.006115741 0.0004066418
v 0.003137342 0.006102034 0.0004071782
v 0.003128432 0.006106531 0.0004070136
v 0.00314522 0.006108163 0.0004070136
v 0.003149179 0.006112976 0.0004070136
v 0.00313997 0.006120553 0.0004066418
v 0.003153677 0.006121885 0.0004071782
v 0.003147547 0.006129763 0.0004070136
v 0.003152994 0.006109836 0.0004079111
v 0.003149179 0.006112976 0.0004070136
v 0.003153677 0.006121885 0.0004071782
v 0.003156757 0.006122185 0.0004079111
v 0.003150686 0.006133578 0.0004079111
v 0.003156757 0.006122185 0.0004079111
v 0.003153677 0.006121885 0.0004071782
v 0.003147547 0.006129763 0.0004070136
v 0.004089803 0.006200902 0.0004079111
v 0.004083731 0.006212295 0.0004079111
v 0.004086812 0.006212594 0.0004071782
v 0.004092941 0.006204717 0.0004070136
v 0.004087495 0.006224643 0.0004079111
v 0.004091309 0.006221505 0.0004070136
v 0.004086812 0.006212594 0.0004071782
v 0.004083731 0.006212295 0.0004079111
v 0.004100519 0.006213927 0.0004066418
v 0.004086812 0.006212594 0.0004071782
v 0.004091309 0.006221505 0.0004070136
v 0.004092941 0.006204717 0.0004070136
v 0.004097754 0.006200757 0.0004070136
v 0.004105331 0.006209967 0.0004066418
v 0.004106664 0.00619626 0.0004071782
v 0.004114541 0.006202389 0.0004070136
v 0.004094615 0.006196942 0.0004079111
v 0.004097754 0.006200757 0.0004070136
v 0.004106664 0.00619626 0.0004071782
v 0.004106964 0.006193179 0.0004079111
v 0.004118356 0.00619925 0.0004079111
v 0.004106964 0.006193179 0.0004079111
v 0.004106664 0.00619626 0.0004071782
v 0.004114541 0.006202389 0.0004070136
v 0.003223479 0.005138206 0.0004079111
v 0.003226618 0.005142021 0.0004070136
v 0.003235528 0.005137525 0.0004071782
v 0.003235828 0.005134444 0.0004079111
v 0.003234196 0.005151231 0.0004066418
v 0.003243405 0.005143654 0.0004070136
v 0.003235528 0.005137525 0.0004071782
v 0.003226618 0.005142021 0.0004070136
v 0.003229383 0.005155191 0.0004066418
v 0.003221806 0.005145981 0.0004070136
v 0.003215676 0.005153859 0.0004071782
v 0.003220174 0.005162769 0.0004070136
v 0.003247221 0.005140514 0.0004079111
v 0.003235828 0.005134444 0.0004079111
v 0.003235528 0.005137525 0.0004071782
v 0.003243405 0.005143654 0.0004070136
v 0.003218667 0.005142166 0.0004079111
v 0.003212596 0.005153559 0.0004079111
v 0.003215676 0.005153859 0.0004071782
v 0.003221806 0.005145981 0.0004070136
v 0.003216359 0.005165908 0.0004079111
v 0.003220174 0.005162769 0.0004070136
v 0.003215676 0.005153859 0.0004071782
v 0.003212596 0.005153559 0.0004079111
v 0.00421173 0.0052387 0.0004079111
v 0.004207915 0.005241839 0.0004070136
v 0.004212412 0.00525075 0.0004071782
v 0.004215493 0.005251049 0.0004079111
v 0.004198705 0.005249417 0.0004066418
v 0.004206283 0.005258627 0.0004070136
v 0.004212412 0.00525075 0.0004071782
v 0.004207915 0.005241839 0.0004070136
v 0.004194745 0.005244605 0.0004066418
v 0.004203956 0.005237027 0.0004070136
v 0.004196078 0.005230898 0.0004071782
v 0.004187168 0.005235395 0.0004070136
v 0.004209422 0.005262442 0.0004079111
v 0.004215493 0.005251049 0.0004079111
v 0.004212412 0.00525075 0.0004071782
v 0.004206283 0.005258627 0.0004070136
v 0.00420777 0.005233888 0.0004079111
v 0.004196377 0.005227817 0.0004079111
v 0.004196078 0.005230898 0.0004071782
v 0.004203956 0.005237027 0.0004070136
v 0.004184029 0.00523158 0.0004079111
v 0.004187168 0.005235395 0.0004070136
v 0.004196078 0.005230898 0.0004071782
v 0.004196377 0.005227817 0.0004079111
v 0.003122985 0.006126457 0.0004079111
v 0.0031268 0.006123318 0.0004070136
v 0.003122303 0.006114408 0.0004071782
v 0.003119222 0.006114109 0.0004079111
v 0.00313601 0.006115741 0.0004066418
v 0.003128432 0.006106531 0.0004070136
v 0.003122303 0.006114408 0.0004071782
v 0.0031268 0.006123318 0.0004070136
v 0.003139969 0.006120553 0.0004066418
v 0.00313076 0.006128131 0.0004070136
v 0.003138637 0.00613426 0.0004071782
v 0.003147547 0.006129763 0.0004070136
v 0.003125293 0.006102716 0.0004079111
v 0.003119222 0.006114109 0.0004079111
v 0.003122303 0.006114408 0.0004071782
v 0.003128432 0.006106531 0.0004070136
v 0.003126945 0.00613127 0.0004079111
v 0.003138338 0.00613734 0.0004079111
v 0.003138637 0.00613426 0.0004071782
v 0.00313076 0.006128131 0.0004070136
v 0.003150686 0.006133578 0.0004079111
v 0.003147547 0.006129763 0.0004070136
v 0.003138637 0.00613426 0.0004071782
v 0.003138338 0.00613734 0.0004079111
v 0.004111236 0.006226951 0.0004079111
v 0.004108097 0.006223137 0.0004070136
v 0.004099187 0.006227634 0.0004071782
v 0.004098888 0.006230714 0.0004079111
v 0.004100519 0.006213927 0.0004066418
v 0.004091309 0.006221505 0.0004070136
v 0.004099187 0.006227634 0.0004071782
v 0.004108097 0.006223137 0.0004070136
v 0.004105331 0.006209967 0.0004066418
v 0.00411291 0.006219177 0.0004070136
v 0.004119039 0.006211299 0.0004071782
v 0.004114541 0.006202389 0.0004070136
v 0.004087495 0.006224643 0.0004079111
v 0.004098888 0.006230714 0.0004079111
v 0.004099187 0.006227634 0.0004071782
v 0.004091309 0.006221505 0.0004070136
v 0.004116048 0.006222992 0.0004079111
v 0.004122119 0.006211599 0.0004079111
v 0.004119039 0.006211299 0.0004071782
v 0.00411291 0.006219177 0.0004070136
v 0.004118356 0.00619925 0.0004079111
v 0.004114541 0.006202389 0.0004070136
v 0.004119039 0.006211299 0.0004071782
v 0.004122119 0.006211599 0.0004079111
v 0.003244912 0.005164256 0.0004331917
v 0.0032401 0.005168215 0.0004331917
v 0.003234015 0.005174082 0.0004344599
v 0.003251841 0.005159415 0.00043446
v 0.003251841 0.005159415 0.00043446
v 0.003234015 0.005174082 0.0004344599
v 0.003228508 0.005180689 0.0004357272
v 0.003259385 0.005155283 0.0004357272
v 0.00418568 0.005260134 0.0004331917
v 0.004181721 0.005255322 0.0004331917
v 0.004175854 0.005249237 0.0004344599
v 0.004190522 0.005267063 0.00043446
v 0.004190522 0.005267063 0.00043446
v 0.004175854 0.005249237 0.0004344599
v 0.004169248 0.00524373 0.0004357272
v 0.004194653 0.005274606 0.0004357272
v 0.003149034 0.006105024 0.0004331917
v 0.003152994 0.006109836 0.0004331917
v 0.003158861 0.006115921 0.0004344599
v 0.003144193 0.006098095 0.00043446
v 0.003144193 0.006098095 0.00043446
v 0.003158861 0.006115921 0.0004344599
v 0.003165467 0.006121428 0.0004357272
v 0.003140062 0.006090552 0.0004357272
v 0.004089803 0.006200902 0.0004331917
v 0.004094615 0.006196942 0.0004331917
v 0.0041007 0.006191076 0.0004344599
v 0.004082873 0.006205744 0.0004344599
v 0.004082873 0.006205744 0.0004344599
v 0.0041007 0.006191076 0.0004344599
v 0.004106206 0.006184469 0.0004357272
v 0.00407533 0.006209874 0.0004357272
v 0.003241774 0.005160441 0.0004070136
v 0.003236961 0.005164401 0.0004070136
v 0.0032401 0.005168215 0.0004079111
v 0.003244912 0.005164256 0.0004079111
v 0.004189495 0.005256995 0.0004070136
v 0.004185536 0.005252183 0.0004070136
v 0.004181721 0.005255322 0.0004079111
v 0.00418568 0.005260134 0.0004079111
v 0.00314522 0.006108163 0.0004070136
v 0.003149179 0.006112976 0.0004070136
v 0.003152994 0.006109836 0.0004079111
v 0.003149034 0.006105024 0.0004079111
v 0.004092941 0.006204717 0.0004070136
v 0.004097754 0.006200757 0.0004070136
v 0.004094615 0.006196942 0.0004079111
v 0.004089803 0.006200902 0.0004079111
v 0.003223479 0.005138206 0.0004079111
v 0.003218667 0.005142166 0.0004079111
v 0.003221806 0.005145981 0.0004070136
v 0.003226618 0.005142021 0.0004070136
v 0.00421173 0.0052387 0.0004079111
v 0.00420777 0.005233888 0.0004079111
v 0.004203956 0.005237027 0.0004070136
v 0.004207915 0.005241839 0.0004070136
v 0.003122985 0.006126457 0.0004079111
v 0.003126945 0.00613127 0.0004079111
v 0.00313076 0.006128131 0.0004070136
v 0.0031268 0.006123318 0.0004070136
v 0.004111236 0.006226951 0.0004079111
v 0.004116048 0.006222992 0.0004079111
v 0.00411291 0.006219177 0.0004070136
v 0.004108097 0.006223137 0.0004070136
v 0.00313997 0.006120553 0.0004066418
v 0.003139969 0.006120553 0.0004066418
v 0.003147547 0.006129763 0.0004070136
v 0.003147547 0.006129763 0.0004070136
v 0.00421173 0.0052387 0.0004331917
v 0.00421173 0.0052387 0.0004079111
v 0.004215493 0.005251049 0.0004079111
v 0.004215493 0.005251049 0.0004331917
v 0.004215493 0.005251049 0.0004331917
v 0.004215493 0.005251049 0.0004079111
v 0.004209422 0.005262442 0.0004079111
v 0.004209422 0.005262442 0.0004331917
v 0.00418568 0.005260134 0.0004079111
v 0.00418568 0.005260134 0.0004331917
v 0.004197073 0.005266205 0.0004331917
v 0.004197073 0.005266205 0.0004079111
v 0.004197073 0.005266205 0.0004079111
v 0.004197073 0.005266205 0.0004331917
v 0.004209422 0.005262442 0.0004331917
v 0.004209422 0.005262442 0.0004079111
v 0.003247221 0.005140514 0.0004331917
v 0.003247221 0.005140514 0.0004079111
v 0.003250983 0.005152863 0.0004079111
v 0.003250983 0.005152863 0.0004331917
v 0.003250983 0.005152863 0.0004331917
v 0.003250983 0.005152863 0.0004079111
v 0.003244912 0.005164256 0.0004079111
v 0.003244912 0.005164256 0.0004331917
v 0.003216359 0.005165908 0.0004079111
v 0.003216359 0.005165908 0.0004331917
v 0.003227751 0.005171978 0.0004331917
v 0.003227751 0.005171978 0.0004079111
v 0.003227751 0.005171978 0.0004079111
v 0.003227751 0.005171978 0.0004331917
v 0.0032401 0.005168215 0.0004331917
v 0.0032401 0.005168215 0.0004079111
v 0.004181721 0.005255322 0.0004331917
v 0.004181721 0.005255322 0.0004079111
v 0.004177958 0.005242973 0.0004079111
v 0.004177958 0.005242973 0.0004331917
v 0.004177958 0.005242973 0.0004331917
v 0.004177958 0.005242973 0.0004079111
v 0.004184029 0.005231581 0.0004079111
v 0.004184029 0.005231581 0.0004331917
v 0.00420777 0.005233888 0.0004079111
v 0.00420777 0.005233888 0.0004331917
v 0.004196377 0.005227817 0.0004331917
v 0.004196377 0.005227817 0.0004079111
v 0.004196377 0.005227817 0.0004079111
v 0.004196377 0.005227817 0.0004331917
v 0.004184029 0.00523158 0.0004331917
v 0.004184029 0.00523158 0.0004079111
v 0.003152994 0.006109836 0.0004331917
v 0.003152994 0.006109836 0.0004079111
v 0.003156757 0.006122185 0.0004079111
v 0.003156757 0.006122185 0.0004331917
v 0.003156757 0.006122185 0.0004331917
v 0.003156757 0.006122185 0.0004079111
v 0.003150686 0.006133578 0.0004079111
v 0.003150686 0.006133578 0.0004331917
v 0.003126945 0.00613127 0.0004079111
v 0.003126945 0.00613127 0.0004331917
v 0.003138337 0.00613734 0.0004331917
v 0.003138338 0.00613734 0.0004079111
v 0.003138338 0.00613734 0.0004079111
v 0.003138337 0.00613734 0.0004331917
v 0.003150686 0.006133578 0.0004331917
v 0.003150686 0.006133578 0.0004079111
v 0.003125293 0.006102716 0.0004331917
v 0.003125293 0.006102716 0.0004079111
v 0.003137642 0.006098953 0.0004079111
v 0.003137642 0.006098953 0.0004331917
v 0.003137642 0.006098953 0.0004331917
v 0.003137642 0.006098953 0.0004079111
v 0.003149034 0.006105024 0.0004079111
v 0.003149034 0.006105024 0.0004331917
v 0.003122985 0.006126457 0.0004331917
v 0.003122985 0.006126457 0.0004079111
v 0.003119222 0.006114109 0.0004079111
v 0.003119222 0.006114109 0.0004331917
v 0.003119222 0.006114109 0.0004331917
v 0.003119222 0.006114109 0.0004079111
v 0.003125293 0.006102716 0.0004079111
v 0.003125293 0.006102716 0.0004331917
v 0.003216359 0.005165908 0.0004331917
v 0.003216359 0.005165908 0.0004079111
v 0.003212596 0.005153559 0.0004079111
v 0.003212596 0.005153559 0.0004331917
v 0.003212596 0.005153559 0.0004331917
v 0.003212596 0.005153559 0.0004079111
v 0.003218667 0.005142166 0.0004079111
v 0.003218667 0.005142166 0.0004331917
v 0.003247221 0.005140514 0.0004079111
v 0.003247221 0.005140514 0.0004331917
v 0.003235828 0.005134444 0.0004331917
v 0.003235828 0.005134444 0.0004079111
v 0.003235828 0.005134444 0.0004079111
v 0.003235828 0.005134444 0.0004331917
v 0.003223479 0.005138206 0.0004331917
v 0.003223479 0.005138206 0.0004079111
v 0.004087495 0.006224643 0.0004331917
v 0.004087495 0.006224643 0.0004079111
v 0.004083731 0.006212295 0.0004079111
v 0.004083731 0.006212295 0.0004331917
v 0.004083731 0.006212295 0.0004331917
v 0.004083731 0.006212295 0.0004079111
v 0.004089803 0.006200902 0.0004079111
v 0.004089803 0.006200902 0.0004331917
v 0.004118356 0.00619925 0.0004079111
v 0.004118356 0.00619925 0.0004331917
v 0.004106963 0.006193179 0.0004331917
v 0.004106964 0.006193179 0.0004079111
v 0.004106964 0.006193179 0.0004079111
v 0.004106963 0.006193179 0.0004331917
v 0.004094615 0.006196942 0.0004331917
v 0.004094615 0.006196942 0.0004079111
v 0.004116048 0.006222992 0.0004079111
v 0.004116048 0.006222992 0.0004331917
v 0.004122119 0.006211599 0.0004331917
v 0.004122119 0.006211599 0.0004079111
v 0.004122119 0.006211599 0.0004079111
v 0.004122119 0.006211599 0.0004331917
v 0.004118356 0.00619925 0.0004331917
v 0.004118356 0.00619925 0.0004079111
v 0.004087495 0.006224643 0.0004079111
v 0.004087495 0.006224643 0.0004331917
v 0.004098888 0.006230714 0.0004331917
v 0.004098888 0.006230714 0.0004079111
v 0.004098888 0.006230714 0.0004079111
v 0.004098888 0.006230714 0.0004331917
v 0.004111236 0.006226951 0.0004331917
v 0.004111236 0.006226951 0.0004079111
v 0.0032401 0.005168215 0.0004331917
v 0.003244912 0.005164256 0.0004331917
v 0.003244912 0.005164256 0.0004079111
v 0.0032401 0.005168215 0.0004079111
v 0.004068824 0.004899472 0.002254608
v 0.004006056 0.004823187 0.00225717
v 0.004037831 0.004861804 0.00225982
v 0.004734442 0.005708431 0.002234771
v 0.00403705 0.004860855 0.002251958
v 0.004701318 0.005668174 0.002231865
v 0.003838572 0.004619634 0.00177078
v 0.003804165 0.004577818 0.001767719
v 0.004726592 0.005698891 0.002227824
v 0.004759716 0.005739148 0.002230731
v 0.004756444 0.005735172 0.001741384
v 0.004723373 0.005694979 0.001746345
v 0.00472587 0.005698013 0.001738525
v 0.004692799 0.00565782 0.001743486
v 0.003829252 0.004608307 0.001763764
v 0.003863659 0.004650123 0.001766825
v 0.002781358 0.00595881 0.002254608
v 0.002718589 0.005882525 0.00225717
v 0.002750363 0.005921141 0.00225982
v 0.003446975 0.006767769 0.002234771
v 0.002749583 0.005920193 0.002251958
v 0.003413851 0.006727512 0.002231865
v 0.002551105 0.005678972 0.00177078
v 0.002516698 0.005637156 0.001767719
v 0.003439125 0.006758229 0.002227824
v 0.003472249 0.006798486 0.002230731
v 0.003468977 0.00679451 0.001741384
v 0.003435906 0.006754316 0.001746345
v 0.003438402 0.006757351 0.001738525
v 0.003405332 0.006717157 0.001743486
v 0.002541785 0.005667645 0.001763764
v 0.002576191 0.005709461 0.001766825
v 0.003760866 0.00560564 0.001195203
v 0.003787948 0.005554817 0.001195203
v 0.003815952 0.005588853 0.001195203
v 0.003684645 0.005504737 0.001195203
v 0.003787882 0.005694295 0.001195203
v 0.003679073 0.005562054 0.001195203
v 0.003845199 0.005699867 0.001195203
v 0.003573631 0.005533983 0.001195203
v 0.003744297 0.005776087 0.001195203
v 0.003795119 0.00580317 0.001195203
v 0.003761084 0.005831174 0.001195203
v 0.003655641 0.005803103 0.001195203
v 0.00365007 0.005860421 0.001195203
v 0.003590418 0.005589071 0.001195203
v 0.003539596 0.005561989 0.001195203
v 0.003489515 0.005665292 0.001195203
v 0.003546833 0.005670863 0.001195203
v 0.003518763 0.005776305 0.001195203
v 0.003573849 0.005759518 0.001195203
v 0.003546767 0.00581034 0.001195203
v 0.004763606 0.005661874 0.001746345
v 0.004733032 0.005624716 0.001743486
v 0.004766103 0.005664908 0.001738525
v 0.003903892 0.004617019 0.001766825
v 0.004796678 0.005702068 0.001741384
v 0.003869486 0.004575203 0.001763764
v 0.004799949 0.005706044 0.002230731
v 0.003878805 0.00458653 0.00177078
v 0.004766826 0.005665787 0.002227824
v 0.003844399 0.004544714 0.001767719
v 0.004774675 0.005675327 0.002234771
v 0.004077284 0.004827751 0.002251958
v 0.004741551 0.00563507 0.002231865
v 0.00404629 0.004790083 0.00225717
v 0.004078064 0.004828699 0.00225982
v 0.004109058 0.004866368 0.002254608
v 0.00347614 0.006721212 0.001746345
v 0.003445565 0.006684053 0.001743486
v 0.003478636 0.006724246 0.001738525
v 0.002616425 0.005676357 0.001766825
v 0.003509211 0.006761405 0.001741384
v 0.002582018 0.005634541 0.001763764
v 0.003512483 0.006765381 0.002230731
v 0.002591338 0.005645867 0.00177078
v 0.003479359 0.006725125 0.002227824
v 0.002556931 0.005604052 0.001767719
v 0.003487208 0.006734665 0.002234771
v 0.002789816 0.005887089 0.002251958
v 0.003454084 0.006694407 0.002231865
v 0.002758822 0.00584942 0.00225717
v 0.002790596 0.005888037 0.00225982
v 0.002821591 0.005925706 0.002254608
v -0.007179282 0.009960317 0.0004594317
v -0.007179282 0.009960317 0.007359046
v 0.005086699 0.009960317 0.007359046
v 0.005086699 0.009960317 0.0004594317
vt 0.2616714 0.9752701
vt 0.2616642 0.9754356
vt 0.2616842 0.9752712
vt 0.9757606 0.5794475
vt 0.9757804 0.579612
vt 0.9757735 0.5794465
vt 0.9757605 0.5937427
vt 0.9757803 0.5939071
vt 0.9757732 0.5937416
vt 0.7875804 0.9757207
vt 0.7875867 0.9758862
vt 0.7875932 0.9757207
vt 0.1045096 0.9750092
vt 0.1045168 0.9751747
vt 0.1045296 0.9751737
vt 0.8577662 0.9755805
vt 0.8577662 0.9757462
vt 0.857779 0.9757457
vt 0.7735555 0.9757461
vt 0.773549 0.9755805
vt 0.7735426 0.9757461
vt 0.2476462 0.9752933
vt 0.2476265 0.9751288
vt 0.2476334 0.9752944
vt 0.2784559 0.9528425
vt 0.277709 0.9529681
vt 0.2771384 0.9529666
vt 0.2947026 0.9529666
vt 0.2941312 0.9529681
vt 0.2933852 0.9528425
vt 0.2784566 0.9532972
vt 0.2777098 0.9536061
vt 0.2780531 0.9537061
vt 0.2933859 0.9532972
vt 0.2937897 0.9537061
vt 0.2941323 0.9536061
vt 0.6578127 0.9422184
vt 0.6574092 0.94181
vt 0.657066 0.9419088
vt 0.6731458 0.94181
vt 0.6727419 0.9422184
vt 0.6734882 0.9419088
vt 0.4926484 0.6131095
vt 0.4897192 0.6131095
vt 0.4897201 0.7957224
vt 0.4926493 0.7957224
vt 0.6053235 0.2153613
vt 0.535881 0.2153613
vt 0.535882 0.3979742
vt 0.6053244 0.3979742
vt 0.6157399 0.2153613
vt 0.6157408 0.3979742
vt 0.6747659 0.2153613
vt 0.6747669 0.3979742
vt 0.7183092 0.1896081
vt 0.7183092 0.006994208
vt 0.5356953 0.006994208
vt 0.5356953 0.1896081
vt 0.8015991 0.4143985
vt 0.7321566 0.4143985
vt 0.7321568 0.5970125
vt 0.8015993 0.5970125
vt 0.4062863 0.795718
vt 0.4757288 0.795718
vt 0.4757307 0.6131096
vt 0.4062882 0.6131095
vt 0.3958699 0.795718
vt 0.3958718 0.6131095
vt 0.3822073 0.6454261
vt 0.3822057 0.795718
vt 0.3368458 0.6131095
vt 0.3396861 0.6454261
vt 0.3396845 0.795718
vt 0.3368438 0.795718
vt 0.9565719 0.5606011
vt 0.958405 0.5606011
vt 0.958405 0.523473
vt 0.9565719 0.523473
vt 0.006994215 0.9050407
vt 0.00882734 0.9050407
vt 0.008827335 0.788992
vt 0.00699421 0.788992
vt 0.6154148 0.7936133
vt 0.6290789 0.7936133
vt 0.629078 0.6421301
vt 0.6154136 0.611001
vt 0.6715993 0.6421301
vt 0.6049984 0.7936133
vt 0.6049973 0.611001
vt 0.6744397 0.6110009
vt 0.6716002 0.7936133
vt 0.6744409 0.7936133
vt 0.5961795 0.760331
vt 0.5960742 0.7609963
vt 0.5957683 0.7615965
vt 0.595292 0.7620729
vt 0.5355559 0.7936133
vt 0.5946918 0.7623787
vt 0.5940264 0.7624841
vt 0.5568982 0.7624841
vt 0.5961788 0.6442833
vt 0.5562329 0.7623787
vt 0.5960734 0.6436179
vt 0.5556327 0.7620729
vt 0.5957676 0.6430177
vt 0.5952913 0.6425413
vt 0.594691 0.6422355
vt 0.5355548 0.611001
vt 0.5940257 0.6421301
vt 0.5551564 0.7615965
vt 0.5568975 0.6421301
vt 0.5548505 0.7609963
vt 0.5547451 0.760331
vt 0.5547444 0.6442833
vt 0.5562322 0.6422355
vt 0.5548497 0.6436179
vt 0.5556319 0.6425413
vt 0.5551556 0.6430177
vt 0.5215664 0.4143985
vt 0.3368438 0.4143985
vt 0.3368438 0.5991211
vt 0.5215664 0.5991211
vt 0.7322996 0.006994196
vt 0.7322976 0.1920374
vt 0.8034033 0.1918755
vt 0.8034053 0.007158557
vt 0.5217069 0.1917184
vt 0.5217069 0.006996332
vt 0.3369864 0.006994209
vt 0.3369864 0.1917162
vt 0.7595363 0.796048
vt 0.7595351 0.6110008
vt 0.6884294 0.6111646
vt 0.6884305 0.7958856
vt 0.7598621 0.400409
vt 0.7598611 0.2153613
vt 0.6887554 0.2155249
vt 0.6887563 0.4002465
vt 0.1063427 0.7920146
vt 0.1045096 0.7920146
vt 0.1045096 0.9065995
vt 0.1063427 0.9065995
vt 0.5218925 0.2153613
vt 0.3368438 0.2153613
vt 0.3380798 0.2376979
vt 0.360784 0.2376979
vt 0.360784 0.2713816
vt 0.360784 0.3050652
vt 0.360784 0.3387489
vt 0.360784 0.3724325
vt 0.5218925 0.4004101
vt 0.3380798 0.3724325
vt 0.3368438 0.4004101
vt 0.3380798 0.2376979
vt 0.3368438 0.2153613
vt 0.3368438 0.4004101
vt 0.3380798 0.3724325
vt 0.4912214 0.8097144
vt 0.490691 0.8097132
vt 0.49087 0.9611981
vt 0.4908701 0.961198
vt 0.6411631 0.9620787
vt 0.6411644 0.9615483
vt 0.2026909 0.6204307
vt 0.2026889 0.8051476
vt 0.262769 0.8053828
vt 0.262771 0.6201919
vt 0.1887005 0.8051508
vt 0.1886993 0.6204298
vt 0.1286193 0.6201919
vt 0.1286204 0.8053868
vt 0.5095669 0.6131095
vt 0.5066377 0.6131095
vt 0.5066388 0.7957219
vt 0.509568 0.7957219
vt 0.939641 0.8101065
vt 0.9378079 0.8101065
vt 0.9378079 0.9271258
vt 0.939641 0.9271258
vt 0.9414672 0.9271258
vt 0.9414672 0.8101065
vt 0.9433002 0.8101065
vt 0.9433002 0.9271258
vt 0.1081688 0.9610208
vt 0.1100018 0.9610208
vt 0.1100018 0.9229221
vt 0.1081688 0.922922
vt 0.1063427 0.922922
vt 0.1063427 0.9610208
vt 0.1045096 0.9610208
vt 0.1045096 0.922922
vt 0.1063372 0.6409616
vt 0.104511 0.6409616
vt 0.1045107 0.6746442
vt 0.1063368 0.6746442
vt 0.1045103 0.7083269
vt 0.1063365 0.7083269
vt 0.10451 0.7420095
vt 0.1063361 0.7420095
vt 0.1045096 0.7756922
vt 0.1063357 0.7756922
vt 0.9609478 0.9012495
vt 0.962781 0.9012495
vt 0.962781 0.8631508
vt 0.9609478 0.8631508
vt 0.9591217 0.9012495
vt 0.9591217 0.8631508
vt 0.9572886 0.9012495
vt 0.9572886 0.8631508
vt 0.2599475 0.8210655
vt 0.2581145 0.8210655
vt 0.2581174 0.9356501
vt 0.2599505 0.93565
vt 0.9422874 0.7420088
vt 0.9414872 0.7420083
vt 0.9414872 0.7845301
vt 0.9422874 0.78453
vt 0.006994911 0.7732617
vt 0.008821049 0.7732617
vt 0.008820347 0.6385278
vt 0.006994208 0.6385278
vt 0.03078632 0.2408017
vt 0.03078732 0.2439312
vt 0.03942123 0.243866
vt 0.03942024 0.2407364
vt 0.007339166 0.425216
vt 0.007337321 0.4278721
vt 0.01597123 0.4279371
vt 0.01597307 0.425281
vt 0.007339038 0.2408062
vt 0.007339691 0.2439375
vt 0.01597358 0.2438724
vt 0.01597293 0.2407412
vt 0.03078729 0.4252105
vt 0.03078452 0.4278712
vt 0.03941844 0.427936
vt 0.0394212 0.4252753
vt 0.09052103 0.64112
vt 0.08791956 0.6409616
vt 0.08662693 0.7936581
vt 0.09052117 0.8258425
vt 0.03044096 0.8260793
vt 0.04410568 0.7936581
vt 0.04410501 0.6425163
vt 0.03044082 0.6425164
vt 0.03078825 0.4220768
vt 0.03078729 0.4252105
vt 0.0394212 0.4252753
vt 0.03942217 0.4221416
vt 0.007337188 0.2381525
vt 0.007339038 0.2408062
vt 0.01597293 0.2407412
vt 0.01597109 0.2380875
vt 0.01597371 0.4221489
vt 0.01597358 0.2438724
vt 0.007339691 0.2439375
vt 0.007339813 0.4220839
vt 0.007339813 0.4220839
vt 0.007339166 0.425216
vt 0.01597307 0.425281
vt 0.01597371 0.4221489
vt 0.08645179 0.4278668
vt 0.08644938 0.4251982
vt 0.07781547 0.4252627
vt 0.07781786 0.4279313
vt 0.07781656 0.2438552
vt 0.07781465 0.4221263
vt 0.08644856 0.4220618
vt 0.08645044 0.2439207
vt 0.05423623 0.4220742
vt 0.05423532 0.4252084
vt 0.06286923 0.4252732
vt 0.06287014 0.422139
vt 0.03078352 0.2381527
vt 0.03078632 0.2408017
vt 0.03942024 0.2407364
vt 0.03941745 0.2380874
vt 0.05423532 0.4252084
vt 0.05423269 0.4278707
vt 0.06286661 0.4279354
vt 0.06286923 0.4252732
vt 0.08645044 0.2439207
vt 0.08645133 0.240794
vt 0.07781745 0.2407285
vt 0.07781656 0.2438552
vt 0.05423153 0.2381527
vt 0.05423419 0.2408002
vt 0.06286808 0.2407349
vt 0.06286542 0.2380874
vt 0.08645133 0.240794
vt 0.0864538 0.238153
vt 0.07781991 0.2380874
vt 0.07781745 0.2407285
vt 0.06287014 0.422139
vt 0.06286901 0.243864
vt 0.05423514 0.2439293
vt 0.05423623 0.4220742
vt 0.03942217 0.4221416
vt 0.03942123 0.243866
vt 0.03078732 0.2439312
vt 0.03078825 0.4220768
vt 0.08644938 0.4251982
vt 0.08644856 0.4220618
vt 0.07781465 0.4221263
vt 0.07781547 0.4252627
vt 0.05423419 0.2408002
vt 0.05423514 0.2439293
vt 0.06286901 0.243864
vt 0.06286808 0.2407349
vt 0.7181682 0.5970104
vt 0.7181682 0.4143985
vt 0.5355548 0.4144006
vt 0.5355548 0.5970125
vt 0.49087 0.9611981
vt 0.4903803 0.9616853
vt 0.6411624 0.9624026
vt 0.6411631 0.9620787
vt 0.4903803 0.9616853
vt 0.4899762 0.9620869
vt 0.6411616 0.9627266
vt 0.6411624 0.9624026
vt 0.4899762 0.9620869
vt 0.4897192 0.9623417
vt 0.6411609 0.9630505
vt 0.6411616 0.9627266
vt 0.776621 0.6110688
vt 0.776126 0.6110009
vt 0.7774191 0.7625111
vt 0.7774196 0.76251
vt 0.490691 0.8097132
vt 0.4903671 0.8097125
vt 0.4903803 0.9616853
vt 0.49087 0.9611981
vt 0.4903671 0.8097125
vt 0.4900431 0.8097117
vt 0.4899762 0.9620869
vt 0.4903803 0.9616853
vt 0.4900431 0.8097117
vt 0.4897192 0.809711
vt 0.4897192 0.9623417
vt 0.4899762 0.9620869
vt 0.0866266 0.7936584
vt 0.08662693 0.7936581
vt 0.08791956 0.6409616
vt 0.08742454 0.6410298
vt 0.9589023 0.783865
vt 0.9597025 0.783865
vt 0.9597023 0.7420082
vt 0.9589021 0.7420088
vt 0.957076 0.7420095
vt 0.9585783 0.783865
vt 0.9582544 0.783865
vt 0.9579304 0.783865
vt 0.9576065 0.783865
vt 0.9570762 0.783865
vt 0.956276 0.783865
vt 0.9562758 0.7420095
vt 0.2767594 0.8028003
vt 0.2796887 0.8028003
vt 0.2796906 0.6201919
vt 0.2767614 0.6201919
vt 0.009923425 0.4419255
vt 0.006994209 0.4419255
vt 0.006994346 0.6245394
vt 0.009923561 0.6245394
vt 0.9591235 0.8118031
vt 0.9572904 0.8118031
vt 0.9572904 0.8474675
vt 0.9591235 0.8474674
vt 0.9584035 0.4161417
vt 0.9565704 0.4161417
vt 0.9565704 0.4532698
vt 0.9584035 0.4532698
vt 0.9451463 0.7280199
vt 0.9469795 0.72802
vt 0.9469795 0.611001
vt 0.9451464 0.611001
vt 0.9565705 0.5065233
vt 0.9584036 0.5065233
vt 0.9584036 0.470859
vt 0.9565705 0.4708589
vt 0.9433202 0.611001
vt 0.9414871 0.6110009
vt 0.9414871 0.7280198
vt 0.9433202 0.7280199
vt 0.9451464 0.611001
vt 0.9451463 0.7280199
vt 0.9356941 0.3326742
vt 0.9375272 0.3326742
vt 0.937525 0.2166259
vt 0.9356919 0.2166259
vt 0.006994215 0.9050407
vt 0.006994215 0.9057061
vt 0.00882734 0.9057061
vt 0.00882734 0.9050407
vt 0.006994215 0.9057061
vt 0.006994215 0.9063063
vt 0.00882734 0.9063063
vt 0.00882734 0.9057061
vt 0.006994215 0.9063063
vt 0.006994215 0.9067827
vt 0.008827341 0.9067827
vt 0.00882734 0.9063063
vt 0.9584067 0.4545348
vt 0.9584043 0.453935
vt 0.9565712 0.453935
vt 0.9565736 0.4545348
vt 0.9584043 0.453935
vt 0.9584035 0.4532698
vt 0.9565704 0.4532698
vt 0.9565712 0.453935
vt 0.958405 0.523473
vt 0.9584046 0.5228074
vt 0.9565715 0.5228075
vt 0.9565719 0.523473
vt 0.9584046 0.5228074
vt 0.9584036 0.5222067
vt 0.9565705 0.5222067
vt 0.9565715 0.5228075
vt 0.937523 0.3344183
vt 0.9375253 0.3339408
vt 0.9356921 0.3339408
vt 0.9356899 0.3344183
vt 0.9375253 0.3339408
vt 0.9375267 0.3333398
vt 0.9356936 0.3333398
vt 0.9356921 0.3339408
vt 0.9375267 0.3333398
vt 0.9375272 0.3326742
vt 0.9356941 0.3326742
vt 0.9356936 0.3333398
vt 0.9584035 0.4161417
vt 0.9584043 0.4154762
vt 0.9565712 0.4154762
vt 0.9565704 0.4161417
vt 0.9584043 0.4154762
vt 0.9584067 0.4148755
vt 0.9565736 0.4148755
vt 0.9565712 0.4154762
vt 0.9584067 0.4148755
vt 0.9584104 0.4143986
vt 0.9565773 0.4143985
vt 0.9565736 0.4148755
vt 0.9356899 0.2153613
vt 0.9356914 0.2159608
vt 0.9375245 0.2159608
vt 0.937523 0.2153613
vt 0.9356914 0.2159608
vt 0.9356919 0.2166259
vt 0.937525 0.2166259
vt 0.9375245 0.2159608
vt 0.9565719 0.5606011
vt 0.9565715 0.5612663
vt 0.9584046 0.5612662
vt 0.958405 0.5606011
vt 0.9565715 0.5612663
vt 0.9565705 0.561866
vt 0.9584036 0.561866
vt 0.9584046 0.5612662
vt 0.00699421 0.7872501
vt 0.00699421 0.7877265
vt 0.008827335 0.7877265
vt 0.008827335 0.7872501
vt 0.00699421 0.7877265
vt 0.00699421 0.7883267
vt 0.008827335 0.7883267
vt 0.008827335 0.7877265
vt 0.00699421 0.7883267
vt 0.00699421 0.788992
vt 0.008827335 0.788992
vt 0.008827335 0.7883267
vt 0.09197836 0.5926324
vt 0.1015463 0.6269732
vt 0.09211956 0.5917408
vt 0.09211948 0.477156
vt 0.1015462 0.4419245
vt 0.09197827 0.4762645
vt 0.09156848 0.4754602
vt 0.09093022 0.474822
vt 0.09012596 0.4744121
vt 0.1015463 0.6269732
vt 0.09197836 0.5926324
vt 0.09156857 0.5934366
vt 0.09093031 0.5940749
vt 0.03044063 0.6268102
vt 0.09012605 0.5944847
vt 0.08923452 0.5946259
vt 0.05357016 0.5946259
vt 0.05267862 0.5944847
vt 0.05187435 0.5940749
vt 0.0512361 0.5934366
vt 0.05082631 0.5926324
vt 0.05068512 0.5917408
vt 0.05068504 0.477156
vt 0.03044049 0.4420877
vt 0.05082623 0.4762645
vt 0.05123602 0.4754602
vt 0.05187427 0.474822
vt 0.05267854 0.4744121
vt 0.05357008 0.4742709
vt 0.08923443 0.4742709
vt 0.09012596 0.4744121
vt 0.1015462 0.4419245
vt 0.2581174 0.9356501
vt 0.2581167 0.9365419
vt 0.2599498 0.9365419
vt 0.2599505 0.93565
vt 0.2581167 0.9365419
vt 0.2581148 0.9373472
vt 0.2599479 0.9373471
vt 0.2599498 0.9365419
vt 0.2581148 0.9373472
vt 0.2581118 0.937987
vt 0.2599449 0.9379869
vt 0.2599479 0.9373471
vt 0.9572886 0.8101065
vt 0.9572899 0.8109114
vt 0.9591231 0.8109114
vt 0.9591217 0.8101065
vt 0.9572899 0.8109114
vt 0.9572904 0.8118031
vt 0.9591235 0.8118031
vt 0.9591231 0.8109114
vt 0.9572904 0.8474675
vt 0.9572899 0.8483588
vt 0.9591231 0.8483588
vt 0.9591235 0.8474674
vt 0.9572899 0.8483588
vt 0.9572886 0.8491624
vt 0.9591217 0.8491624
vt 0.9591231 0.8483588
vt 0.1045096 0.7896805
vt 0.1045096 0.7903188
vt 0.1063427 0.7903188
vt 0.1063427 0.7896805
vt 0.1045096 0.7903188
vt 0.1045096 0.7911231
vt 0.1063427 0.7911231
vt 0.1063427 0.7903188
vt 0.1045096 0.7911231
vt 0.1045096 0.7920146
vt 0.1063427 0.7920146
vt 0.1063427 0.7911231
vt 0.9565705 0.5065233
vt 0.9565716 0.5074146
vt 0.9584047 0.5074146
vt 0.9584036 0.5065233
vt 0.9565716 0.5074146
vt 0.9565748 0.5082183
vt 0.9584079 0.5082183
vt 0.9584047 0.5074146
vt 0.1063427 0.9089335
vt 0.1063427 0.9082953
vt 0.1045096 0.9082953
vt 0.1045096 0.9089335
vt 0.1063427 0.9082953
vt 0.1063427 0.907491
vt 0.1045096 0.907491
vt 0.1045096 0.9082953
vt 0.1063427 0.907491
vt 0.1063427 0.9065995
vt 0.1045096 0.9065995
vt 0.1045096 0.907491
vt 0.9584036 0.470859
vt 0.9584047 0.4699672
vt 0.9565716 0.4699672
vt 0.9565705 0.4708589
vt 0.9584047 0.4699672
vt 0.9584079 0.4691624
vt 0.9565748 0.4691624
vt 0.9565716 0.4699672
vt 0.9584079 0.4691624
vt 0.9584128 0.4685233
vt 0.9565797 0.4685232
vt 0.9565748 0.4691624
vt 0.2581118 0.819371
vt 0.2581138 0.8201743
vt 0.2599469 0.8201743
vt 0.2599449 0.819371
vt 0.2581138 0.8201743
vt 0.2581145 0.8210655
vt 0.2599475 0.8210655
vt 0.2599469 0.8201743
vt 0.9745061 0.7420083
vt 0.973691 0.7429633
vt 0.9746636 0.7424951
vt 0.9746636 0.7430077
vt 0.9745061 0.7434957
vt 0.9742066 0.7439116
vt 0.9737943 0.7442145
vt 0.8336046 0.612556
vt 0.8336048 0.6120509
vt 0.8199406 0.6120507
vt 0.8199404 0.612556
vt 0.8336048 0.6120509
vt 0.8336051 0.6115947
vt 0.8199409 0.6115937
vt 0.8199406 0.6120507
vt 0.8336051 0.6115947
vt 0.8336056 0.6112322
vt 0.8199415 0.6112298
vt 0.8199409 0.6115937
vt 0.03044049 0.6415564
vt 0.03044074 0.6420116
vt 0.04410493 0.6420113
vt 0.04410468 0.6415553
vt 0.03044074 0.6420116
vt 0.03044082 0.6425164
vt 0.04410501 0.6425163
vt 0.04410493 0.6420113
vt 0.8336046 0.612556
vt 0.8199404 0.612556
vt 0.8199404 0.7625111
vt 0.8336056 0.7961179
vt 0.7774191 0.7625111
vt 0.7735255 0.7958802
vt 0.7735246 0.6111586
vt 0.776126 0.6110009
vt 0.03078825 0.4220768
vt 0.03060735 0.4221008
vt 0.0306064 0.4252116
vt 0.03078729 0.4252105
vt 0.03060735 0.4221008
vt 0.03044508 0.4221734
vt 0.03044418 0.4252177
vt 0.0306064 0.4252116
vt 0.1365689 0.409599
vt 0.1364561 0.4094415
vt 0.1335173 0.4088544
vt 0.1335266 0.4089927
vt 0.1364561 0.4094415
vt 0.1363129 0.4092437
vt 0.1335045 0.4086809
vt 0.1335173 0.4088544
vt 0.1363129 0.4092437
vt 0.1334896 0.4084892
vt 0.1335045 0.4086809
vt 0.1361535 0.4090251
vt 0.3151637 0.4092458
vt 0.3153234 0.4090272
vt 0.3179721 0.408683
vt 0.3179873 0.4084913
vt 0.03078729 0.4252105
vt 0.0306064 0.4252116
vt 0.03060365 0.4278526
vt 0.03078452 0.4278712
vt 0.0306064 0.4252116
vt 0.03044418 0.4252177
vt 0.03044149 0.4278012
vt 0.03060365 0.4278526
vt 0.1335266 0.4089927
vt 0.1335173 0.4088544
vt 0.1310288 0.4071897
vt 0.1309489 0.4072694
vt 0.1335173 0.4088544
vt 0.1335045 0.4086809
vt 0.1311286 0.4070902
vt 0.1310288 0.4071897
vt 0.1335045 0.4086809
vt 0.1334896 0.4084892
vt 0.1312384 0.4069804
vt 0.1311286 0.4070902
vt 0.007337188 0.2381525
vt 0.007156339 0.2381712
vt 0.007158174 0.2408052
vt 0.007339038 0.2408062
vt 0.007156339 0.2381712
vt 0.006994207 0.2382228
vt 0.006995987 0.2407995
vt 0.007158174 0.2408052
vt 0.1309489 0.4072694
vt 0.1310288 0.4071897
vt 0.1293642 0.4047012
vt 0.1292256 0.4046916
vt 0.1310288 0.4071897
vt 0.1311286 0.4070902
vt 0.1295379 0.4047142
vt 0.1293642 0.4047012
vt 0.1311286 0.4070902
vt 0.1312384 0.4069804
vt 0.1297296 0.4047292
vt 0.1295379 0.4047142
vt 0.007339038 0.2408062
vt 0.007158174 0.2408052
vt 0.00715881 0.2439135
vt 0.007339691 0.2439375
vt 0.007158174 0.2408052
vt 0.006995987 0.2407995
vt 0.006996597 0.2438414
vt 0.00715881 0.2439135
vt 0.1292256 0.4046916
vt 0.1293642 0.4047012
vt 0.1287771 0.4017624
vt 0.1286193 0.4016492
vt 0.1293642 0.4047012
vt 0.1295379 0.4047142
vt 0.1289751 0.4019057
vt 0.1287771 0.4017624
vt 0.1295379 0.4047142
vt 0.1297296 0.4047292
vt 0.1291937 0.4020653
vt 0.1289751 0.4019057
vt 0.1291937 0.2228938
vt 0.1289751 0.2230535
vt 0.1297296 0.2202299
vt 0.1295379 0.220245
vt 0.007339813 0.4220839
vt 0.007158933 0.4221079
vt 0.007158301 0.4252171
vt 0.007339166 0.425216
vt 0.007158933 0.4221079
vt 0.006996719 0.4221802
vt 0.006996115 0.4252229
vt 0.007158301 0.4252171
vt 0.1286193 0.2233109
vt 0.1287771 0.2231972
vt 0.1293642 0.2202584
vt 0.1292256 0.2202686
vt 0.1287771 0.2231972
vt 0.1289751 0.2230535
vt 0.1295379 0.220245
vt 0.1293642 0.2202584
vt 0.007339166 0.425216
vt 0.007158301 0.4252171
vt 0.007156468 0.4278534
vt 0.007337321 0.4278721
vt 0.007158301 0.4252171
vt 0.006996115 0.4252229
vt 0.006994335 0.4278019
vt 0.007156468 0.4278534
vt 0.1292256 0.2202686
vt 0.1293642 0.2202584
vt 0.1310288 0.2177699
vt 0.1309489 0.2176909
vt 0.1293642 0.2202584
vt 0.1295379 0.220245
vt 0.1311286 0.2178691
vt 0.1310288 0.2177699
vt 0.1295379 0.220245
vt 0.1297296 0.2202299
vt 0.1312384 0.2179787
vt 0.1311286 0.2178691
vt 0.08645179 0.4278668
vt 0.08663265 0.4278483
vt 0.08663026 0.4251995
vt 0.08644938 0.4251982
vt 0.08663265 0.4278483
vt 0.0867948 0.4277971
vt 0.08679248 0.425206
vt 0.08663026 0.4251995
vt 0.1309489 0.2176909
vt 0.1310288 0.2177699
vt 0.1335173 0.2161053
vt 0.1335266 0.2159676
vt 0.1310288 0.2177699
vt 0.1311286 0.2178691
vt 0.1335045 0.2162784
vt 0.1335173 0.2161053
vt 0.1311286 0.2178691
vt 0.1312384 0.2179787
vt 0.1334896 0.21647
vt 0.1335045 0.2162784
vt 0.08644938 0.4251982
vt 0.08663026 0.4251995
vt 0.08662946 0.422086
vt 0.08644856 0.4220618
vt 0.08663026 0.4251995
vt 0.08679248 0.425206
vt 0.0867917 0.422159
vt 0.08662946 0.422086
vt 0.1335266 0.2159676
vt 0.1335173 0.2161053
vt 0.1364561 0.2155183
vt 0.1365689 0.2153613
vt 0.1335173 0.2161053
vt 0.1335045 0.2162784
vt 0.1363129 0.2157156
vt 0.1364561 0.2155183
vt 0.1335045 0.2162784
vt 0.1334896 0.21647
vt 0.1361534 0.2159341
vt 0.1363129 0.2157156
vt 0.3153234 0.2159361
vt 0.3151637 0.2157177
vt 0.3179873 0.2164721
vt 0.3179721 0.2162805
vt 0.05423623 0.4220742
vt 0.05405533 0.4220983
vt 0.05405444 0.4252096
vt 0.05423532 0.4252084
vt 0.05405533 0.4220983
vt 0.05389307 0.4221709
vt 0.05389221 0.4252158
vt 0.05405444 0.4252096
vt 0.3228554 0.4016515
vt 0.3226987 0.4017646
vt 0.3221117 0.4047034
vt 0.3222491 0.4046938
vt 0.3226987 0.4017646
vt 0.3225016 0.4019079
vt 0.3219388 0.4047164
vt 0.3221117 0.4047034
vt 0.3225016 0.4019079
vt 0.3217473 0.4047314
vt 0.3219388 0.4047164
vt 0.3222832 0.4020675
vt 0.3225015 0.2230557
vt 0.3222831 0.222896
vt 0.3219388 0.2202472
vt 0.3217472 0.2202321
vt 0.05423532 0.4252084
vt 0.05405444 0.4252096
vt 0.05405182 0.4278521
vt 0.05423269 0.4278707
vt 0.05405444 0.4252096
vt 0.05389221 0.4252158
vt 0.05388967 0.4278007
vt 0.05405182 0.4278521
vt 0.3222491 0.4046938
vt 0.3221117 0.4047034
vt 0.3204471 0.4071919
vt 0.3205258 0.4072715
vt 0.3221117 0.4047034
vt 0.3219388 0.4047164
vt 0.3203481 0.4070923
vt 0.3204471 0.4071919
vt 0.3219388 0.4047164
vt 0.3217473 0.4047314
vt 0.3202385 0.4069825
vt 0.3203481 0.4070923
vt 0.03078352 0.2381527
vt 0.03060266 0.2381714
vt 0.03060544 0.2408007
vt 0.03078632 0.2408017
vt 0.03060266 0.2381714
vt 0.0304405 0.2382232
vt 0.0304432 0.2407952
vt 0.03060544 0.2408007
vt 0.3205258 0.4072715
vt 0.3204471 0.4071919
vt 0.3179586 0.4088565
vt 0.317948 0.4089948
vt 0.3204471 0.4071919
vt 0.3203481 0.4070923
vt 0.3179721 0.408683
vt 0.3179586 0.4088565
vt 0.3203481 0.4070923
vt 0.3202385 0.4069825
vt 0.3179873 0.4084913
vt 0.3179721 0.408683
vt 0.03078632 0.2408017
vt 0.03060544 0.2408007
vt 0.03060641 0.2439074
vt 0.03078732 0.2439312
vt 0.03060544 0.2408007
vt 0.0304432 0.2407952
vt 0.03044415 0.2438355
vt 0.03060641 0.2439074
vt 0.317948 0.4089948
vt 0.3179586 0.4088565
vt 0.3150198 0.4094435
vt 0.3149058 0.4096011
vt 0.3179586 0.4088565
vt 0.3179721 0.408683
vt 0.3151637 0.4092458
vt 0.3150198 0.4094435
vt 0.08645044 0.2439207
vt 0.08663134 0.243897
vt 0.08663221 0.2407932
vt 0.08645133 0.240794
vt 0.08663134 0.243897
vt 0.08679358 0.2438256
vt 0.08679443 0.2407881
vt 0.08663221 0.2407932
vt 0.3149057 0.2153634
vt 0.3150198 0.2155203
vt 0.3179586 0.2161074
vt 0.317948 0.2159697
vt 0.3150198 0.2155203
vt 0.3151637 0.2157177
vt 0.3179721 0.2162805
vt 0.3179586 0.2161074
vt 0.08645133 0.240794
vt 0.08663221 0.2407932
vt 0.08663466 0.2381718
vt 0.0864538 0.238153
vt 0.08663221 0.2407932
vt 0.08679443 0.2407881
vt 0.08679681 0.2382238
vt 0.08663466 0.2381718
vt 0.317948 0.2159697
vt 0.3179586 0.2161074
vt 0.3204471 0.2177721
vt 0.3205258 0.217693
vt 0.3179586 0.2161074
vt 0.3179721 0.2162805
vt 0.3203481 0.2178712
vt 0.3204471 0.2177721
vt 0.3179721 0.2162805
vt 0.3179873 0.2164721
vt 0.3202385 0.2179809
vt 0.3203481 0.2178712
vt 0.05423153 0.2381527
vt 0.05405066 0.2381715
vt 0.05405331 0.2407993
vt 0.05423419 0.2408002
vt 0.05405066 0.2381715
vt 0.05388851 0.2382233
vt 0.05389108 0.2407939
vt 0.05405331 0.2407993
vt 0.3205258 0.217693
vt 0.3204471 0.2177721
vt 0.3221117 0.2202606
vt 0.3222491 0.2202708
vt 0.3204471 0.2177721
vt 0.3203481 0.2178712
vt 0.3219388 0.2202472
vt 0.3221117 0.2202606
vt 0.3203481 0.2178712
vt 0.3202385 0.2179809
vt 0.3217472 0.2202321
vt 0.3219388 0.2202472
vt 0.05423419 0.2408002
vt 0.05405331 0.2407993
vt 0.05405424 0.2439055
vt 0.05423514 0.2439293
vt 0.05405331 0.2407993
vt 0.05389108 0.2407939
vt 0.05389198 0.2438336
vt 0.05405424 0.2439055
vt 0.3222491 0.2202708
vt 0.3221117 0.2202606
vt 0.3226987 0.2231994
vt 0.3228554 0.2233131
vt 0.3221117 0.2202606
vt 0.3219388 0.2202472
vt 0.3225015 0.2230557
vt 0.3226987 0.2231994
vt 0.03942123 0.243866
vt 0.03960307 0.2438394
vt 0.0396021 0.2407327
vt 0.03942024 0.2407364
vt 0.03960307 0.2438394
vt 0.03976804 0.2437651
vt 0.03976711 0.2407248
vt 0.0396021 0.2407327
vt 0.3150482 0.006994205
vt 0.3151636 0.007149507
vt 0.3181025 0.007736548
vt 0.3180906 0.00760049
vt 0.3151636 0.007149507
vt 0.3153084 0.0073458
vt 0.3181169 0.007908601
vt 0.3181025 0.007736548
vt 0.3153084 0.0073458
vt 0.3181323 0.008099779
vt 0.3181169 0.007908601
vt 0.3154685 0.007563874
vt 0.1363088 0.007345808
vt 0.1361488 0.007563882
vt 0.1335003 0.00790861
vt 0.1334849 0.008099787
vt 0.03942024 0.2407364
vt 0.0396021 0.2407327
vt 0.03959932 0.2381035
vt 0.03941745 0.2380874
vt 0.0396021 0.2407327
vt 0.03976711 0.2407248
vt 0.03976439 0.2381527
vt 0.03959932 0.2381035
vt 0.03976711 0.2407248
vt 0.03989911 0.2407133
vt 0.03989652 0.2382304
vt 0.03976439 0.2381527
vt 0.3181025 0.007736548
vt 0.3181169 0.007908601
vt 0.3204928 0.009499315
vt 0.3205909 0.00940119
vt 0.3181169 0.007908601
vt 0.3181323 0.008099779
vt 0.3203836 0.009608575
vt 0.3204928 0.009499315
vt 0.06286661 0.4279354
vt 0.06304848 0.4279195
vt 0.06305109 0.4252771
vt 0.06286923 0.4252732
vt 0.06304848 0.4279195
vt 0.06321356 0.4278706
vt 0.06321611 0.4252857
vt 0.06305109 0.4252771
vt 0.06321356 0.4278706
vt 0.06334569 0.4277936
vt 0.06334812 0.4252982
vt 0.06321611 0.4252857
vt 0.3205909 0.00940119
vt 0.3204928 0.009499315
vt 0.3220835 0.01187527
vt 0.3222556 0.01188967
vt 0.3204928 0.009499315
vt 0.3203836 0.009608575
vt 0.3218924 0.01185979
vt 0.3220835 0.01187527
vt 0.06286923 0.4252732
vt 0.06305109 0.4252771
vt 0.06305198 0.4221658
vt 0.06287014 0.422139
vt 0.06305109 0.4252771
vt 0.06321611 0.4252857
vt 0.06321695 0.4222409
vt 0.06305198 0.4221658
vt 0.3223917 0.01190158
vt 0.3222556 0.01188967
vt 0.3228426 0.01482851
vt 0.3229979 0.0149439
vt 0.3222556 0.01188967
vt 0.3220835 0.01187527
vt 0.3226463 0.01468371
vt 0.3228426 0.01482851
vt 0.3220835 0.01187527
vt 0.3218924 0.01185979
vt 0.3224283 0.01452369
vt 0.3226463 0.01468371
vt 0.3224283 0.1938434
vt 0.3226463 0.1936834
vt 0.3218924 0.1965073
vt 0.3220836 0.1964918
vt 0.06286901 0.243864
vt 0.06305086 0.2438374
vt 0.06304993 0.2407313
vt 0.06286808 0.2407349
vt 0.06305086 0.2438374
vt 0.06321584 0.2437631
vt 0.06321494 0.2407234
vt 0.06304993 0.2407313
vt 0.322998 0.1934232
vt 0.3228427 0.1935386
vt 0.3222556 0.1964774
vt 0.3223917 0.1964655
vt 0.3228427 0.1935386
vt 0.3226463 0.1936834
vt 0.3220836 0.1964918
vt 0.3222556 0.1964774
vt 0.06286808 0.2407349
vt 0.06304993 0.2407313
vt 0.0630473 0.2381035
vt 0.06286542 0.2380874
vt 0.06304993 0.2407313
vt 0.06321494 0.2407234
vt 0.06321238 0.2381528
vt 0.0630473 0.2381035
vt 0.06321494 0.2407234
vt 0.06334697 0.240712
vt 0.0633445 0.2382305
vt 0.06321238 0.2381528
vt 0.3222556 0.1964774
vt 0.3220836 0.1964918
vt 0.3204928 0.1988677
vt 0.320591 0.1989659
vt 0.3220836 0.1964918
vt 0.3218924 0.1965073
vt 0.3203836 0.1987585
vt 0.3204928 0.1988677
vt 0.07781991 0.2380874
vt 0.07763803 0.2381036
vt 0.07763559 0.2407249
vt 0.07781745 0.2407285
vt 0.07763803 0.2381036
vt 0.07747295 0.238153
vt 0.07747057 0.2407173
vt 0.07763559 0.2407249
vt 0.07747295 0.238153
vt 0.0773408 0.238231
vt 0.07733853 0.2407065
vt 0.07747057 0.2407173
vt 0.320591 0.1989659
vt 0.3204928 0.1988677
vt 0.3181169 0.2004585
vt 0.3181025 0.2006305
vt 0.3204928 0.1988677
vt 0.3203836 0.1987585
vt 0.3181324 0.2002673
vt 0.3181169 0.2004585
vt 0.07781745 0.2407285
vt 0.07763559 0.2407249
vt 0.07763471 0.2438287
vt 0.07781656 0.2438552
vt 0.07763559 0.2407249
vt 0.07747057 0.2407173
vt 0.07746972 0.2437548
vt 0.07763471 0.2438287
vt 0.3180906 0.2007666
vt 0.3181025 0.2006305
vt 0.3151636 0.2012176
vt 0.3150482 0.2013729
vt 0.3181025 0.2006305
vt 0.3181169 0.2004585
vt 0.3153085 0.2010213
vt 0.3151636 0.2012176
vt 0.3181169 0.2004585
vt 0.3181324 0.2002673
vt 0.3154685 0.2008032
vt 0.3153085 0.2010213
vt 0.1361488 0.2008032
vt 0.1363088 0.2010213
vt 0.1334849 0.2002673
vt 0.1335004 0.2004585
vt 0.07781465 0.4221263
vt 0.07763279 0.4221532
vt 0.0776336 0.4252667
vt 0.07781547 0.4252627
vt 0.07763279 0.4221532
vt 0.07746781 0.4222287
vt 0.07746858 0.4252757
vt 0.0776336 0.4252667
vt 0.136569 0.2013729
vt 0.1364536 0.2012176
vt 0.1335147 0.2006305
vt 0.1335267 0.2007666
vt 0.1364536 0.2012176
vt 0.1363088 0.2010213
vt 0.1335004 0.2004585
vt 0.1335147 0.2006305
vt 0.07781547 0.4252627
vt 0.0776336 0.4252667
vt 0.07763599 0.4279155
vt 0.07781786 0.4279313
vt 0.0776336 0.4252667
vt 0.07746858 0.4252757
vt 0.07747091 0.4278668
vt 0.07763599 0.4279155
vt 0.07746858 0.4252757
vt 0.07733654 0.4252886
vt 0.07733877 0.42779
vt 0.07747091 0.4278668
vt 0.1335147 0.2006305
vt 0.1335004 0.2004585
vt 0.1311244 0.1988678
vt 0.1310263 0.1989659
vt 0.1335004 0.2004585
vt 0.1334849 0.2002673
vt 0.1312336 0.1987585
vt 0.1311244 0.1988678
vt 0.01597123 0.4279371
vt 0.01615311 0.4279211
vt 0.01615494 0.4252848
vt 0.01597307 0.425281
vt 0.01615311 0.4279211
vt 0.01631821 0.427872
vt 0.01631998 0.4252931
vt 0.01615494 0.4252848
vt 0.01631821 0.427872
vt 0.01645037 0.4277947
vt 0.01645207 0.4253051
vt 0.01631998 0.4252931
vt 0.1310263 0.1989659
vt 0.1311244 0.1988678
vt 0.1295337 0.1964918
vt 0.1293616 0.1964774
vt 0.1311244 0.1988678
vt 0.1312336 0.1987585
vt 0.1297249 0.1965073
vt 0.1295337 0.1964918
vt 0.01597307 0.425281
vt 0.01615494 0.4252848
vt 0.01615557 0.4221756
vt 0.01597371 0.4221489
vt 0.01615494 0.4252848
vt 0.01631998 0.4252931
vt 0.01632059 0.4222504
vt 0.01615557 0.4221756
vt 0.1292256 0.1964655
vt 0.1293616 0.1964774
vt 0.1287746 0.1935386
vt 0.1286193 0.1934232
vt 0.1293616 0.1964774
vt 0.1295337 0.1964918
vt 0.1289709 0.1936834
vt 0.1287746 0.1935386
vt 0.1295337 0.1964918
vt 0.1297249 0.1965073
vt 0.129189 0.1938434
vt 0.1289709 0.1936834
vt 0.1291889 0.0145237
vt 0.1289709 0.01468372
vt 0.1297248 0.0118598
vt 0.1295337 0.01187528
vt 0.01597358 0.2438724
vt 0.01615544 0.2438457
vt 0.0161548 0.2407374
vt 0.01597293 0.2407412
vt 0.01615544 0.2438457
vt 0.01632045 0.2437711
vt 0.01631985 0.2407292
vt 0.0161548 0.2407374
vt 0.1286193 0.01494391
vt 0.1287746 0.01482852
vt 0.1293616 0.01188968
vt 0.1292256 0.01190159
vt 0.1287746 0.01482852
vt 0.1289709 0.01468372
vt 0.1295337 0.01187528
vt 0.1293616 0.01188968
vt 0.01597293 0.2407412
vt 0.0161548 0.2407374
vt 0.01615297 0.2381035
vt 0.01597109 0.2380875
vt 0.0161548 0.2407374
vt 0.01631985 0.2407292
vt 0.01631807 0.2381526
vt 0.01615297 0.2381035
vt 0.01631985 0.2407292
vt 0.01645193 0.2407174
vt 0.01645023 0.23823
vt 0.01631807 0.2381526
vt 0.1293616 0.01188968
vt 0.1295337 0.01187528
vt 0.1311244 0.009499324
vt 0.1310263 0.009401198
vt 0.1295337 0.01187528
vt 0.1297248 0.0118598
vt 0.1312336 0.009608584
vt 0.1311244 0.009499324
vt 0.03941844 0.427936
vt 0.03960032 0.4279201
vt 0.03960307 0.4252792
vt 0.0394212 0.4252753
vt 0.03960032 0.4279201
vt 0.03976539 0.4278712
vt 0.03976807 0.4252877
vt 0.03960307 0.4252792
vt 0.03976539 0.4278712
vt 0.03989751 0.427794
vt 0.03990008 0.4253001
vt 0.03976807 0.4252877
vt 0.1310263 0.009401198
vt 0.1311244 0.009499324
vt 0.1335003 0.00790861
vt 0.1335147 0.007736556
vt 0.1311244 0.009499324
vt 0.1312336 0.009608584
vt 0.1334849 0.008099787
vt 0.1335003 0.00790861
vt 0.0394212 0.4252753
vt 0.03960307 0.4252792
vt 0.039604 0.4221684
vt 0.03942217 0.4221416
vt 0.03960307 0.4252792
vt 0.03976807 0.4252877
vt 0.03976898 0.4222434
vt 0.039604 0.4221684
vt 0.1335266 0.007600498
vt 0.1335147 0.007736556
vt 0.1364536 0.007149515
vt 0.136569 0.006994213
vt 0.1335147 0.007736556
vt 0.1335003 0.00790861
vt 0.1363088 0.007345808
vt 0.1364536 0.007149515
vt 0.1289709 0.01468372
vt 0.1287746 0.01482852
vt 0.1287746 0.1935386
vt 0.1289709 0.1936834
vt 0.1287746 0.01482852
vt 0.1286193 0.01494391
vt 0.1286193 0.1934232
vt 0.1287746 0.1935386
vt 0.01632045 0.2437711
vt 0.01615544 0.2438457
vt 0.01615557 0.4221756
vt 0.01632059 0.4222504
vt 0.01615544 0.2438457
vt 0.01597358 0.2438724
vt 0.01597371 0.4221489
vt 0.01615557 0.4221756
vt 0.1289751 0.2230535
vt 0.1287771 0.2231972
vt 0.1287771 0.4017624
vt 0.1289751 0.4019057
vt 0.1287771 0.2231972
vt 0.1286193 0.2233109
vt 0.1286193 0.4016492
vt 0.1287771 0.4017624
vt 0.006996719 0.4221802
vt 0.007158933 0.4221079
vt 0.00715881 0.2439135
vt 0.006996597 0.2438414
vt 0.007158933 0.4221079
vt 0.007339813 0.4220839
vt 0.007339691 0.2439375
vt 0.00715881 0.2439135
vt 0.03078732 0.2439312
vt 0.03060641 0.2439074
vt 0.03060735 0.4221008
vt 0.03078825 0.4220768
vt 0.03060641 0.2439074
vt 0.03044415 0.2438355
vt 0.03044508 0.4221734
vt 0.03060735 0.4221008
vt 0.3149058 0.4096011
vt 0.3150198 0.4094435
vt 0.1364561 0.4094415
vt 0.1365689 0.409599
vt 0.3150198 0.4094435
vt 0.3151637 0.4092458
vt 0.1363129 0.4092437
vt 0.1364561 0.4094415
vt 0.3153084 0.0073458
vt 0.3151636 0.007149507
vt 0.1364536 0.007149515
vt 0.1363088 0.007345808
vt 0.3151636 0.007149507
vt 0.3150482 0.006994205
vt 0.136569 0.006994213
vt 0.1364536 0.007149515
vt 0.03976804 0.2437651
vt 0.03960307 0.2438394
vt 0.039604 0.4221684
vt 0.03976898 0.4222434
vt 0.03960307 0.2438394
vt 0.03942123 0.243866
vt 0.03942217 0.4221416
vt 0.039604 0.4221684
vt 0.08644856 0.4220618
vt 0.08662946 0.422086
vt 0.08663134 0.243897
vt 0.08645044 0.2439207
vt 0.08662946 0.422086
vt 0.0867917 0.422159
vt 0.08679358 0.2438256
vt 0.08663134 0.243897
vt 0.1365689 0.2153613
vt 0.1364561 0.2155183
vt 0.3150198 0.2155203
vt 0.3149057 0.2153634
vt 0.1364561 0.2155183
vt 0.1363129 0.2157156
vt 0.3151637 0.2157177
vt 0.3150198 0.2155203
vt 0.1363088 0.2010213
vt 0.1364536 0.2012176
vt 0.3151636 0.2012176
vt 0.3153085 0.2010213
vt 0.1364536 0.2012176
vt 0.136569 0.2013729
vt 0.3150482 0.2013729
vt 0.3151636 0.2012176
vt 0.07746781 0.4222287
vt 0.07763279 0.4221532
vt 0.07763471 0.2438287
vt 0.07746972 0.2437548
vt 0.07763279 0.4221532
vt 0.07781465 0.4221263
vt 0.07781656 0.2438552
vt 0.07763471 0.2438287
vt 0.05423514 0.2439293
vt 0.05405424 0.2439055
vt 0.05405533 0.4220983
vt 0.05423623 0.4220742
vt 0.05405424 0.2439055
vt 0.05389198 0.2438336
vt 0.05389307 0.4221709
vt 0.05405533 0.4220983
vt 0.3228554 0.2233131
vt 0.3226987 0.2231994
vt 0.3226987 0.4017646
vt 0.3228554 0.4016515
vt 0.3226987 0.2231994
vt 0.3225015 0.2230557
vt 0.3225016 0.4019079
vt 0.3226987 0.4017646
vt 0.3226463 0.1936834
vt 0.3228427 0.1935386
vt 0.3228426 0.01482851
vt 0.3226463 0.01468371
vt 0.3228427 0.1935386
vt 0.322998 0.1934232
vt 0.3229979 0.0149439
vt 0.3228426 0.01482851
vt 0.06321584 0.2437631
vt 0.06305086 0.2438374
vt 0.06305198 0.4221658
vt 0.06321695 0.4222409
vt 0.06305086 0.2438374
vt 0.06286901 0.243864
vt 0.06287014 0.422139
vt 0.06305198 0.4221658
vt 0.7417784 0.9460919
vt 0.7417786 0.9687959
vt 0.7436047 0.9687959
vt 0.7436046 0.9460919
vt 0.9736915 0.7745144
vt 0.9746335 0.7745144
vt 0.974633 0.7733539
vt 0.973691 0.7733539
vt 0.1130654 0.1135562
vt 0.007558827 0.006994214
vt 0.006994212 0.007561238
vt 0.113631 0.1129902
vt 0.1146267 0.1141786
vt 0.1138774 0.1144592
vt 0.1146308 0.1152399
vt 0.1138793 0.1149651
vt 0.1136444 0.116436
vt 0.1130744 0.1158744
vt 0.006994206 0.2235364
vt 0.007563197 0.224099
vt 0.9523157 0.2718715
vt 0.9515155 0.271871
vt 0.9515164 0.3137279
vt 0.9523166 0.3137279
vt 0.9541418 0.2718723
vt 0.9526405 0.3137279
vt 0.9529645 0.3137279
vt 0.9532884 0.3137279
vt 0.9536123 0.3137279
vt 0.9541427 0.3137279
vt 0.954942 0.2718723
vt 0.9549429 0.3137279
vt 0.9746336 0.758203
vt 0.9736917 0.758203
vt 0.973691 0.7593654
vt 0.9746329 0.7593654
vt 0.9515156 0.2578825
vt 0.9523157 0.2578825
vt 0.9523157 0.2153613
vt 0.9515156 0.2153613
vt 0.9652671 0.3894812
vt 0.9652671 0.3902814
vt 0.966209 0.3902814
vt 0.966209 0.3894812
vt 0.966209 0.3889509
vt 0.9652671 0.3889509
vt 0.966209 0.3886269
vt 0.9652671 0.3886269
vt 0.966209 0.388303
vt 0.9652671 0.388303
vt 0.966209 0.387979
vt 0.9652671 0.387979
vt 0.966209 0.3876551
vt 0.9652671 0.3876551
vt 0.9652671 0.3868549
vt 0.966209 0.3868549
vt 0.9000615 0.5653168
vt 0.9010034 0.5653168
vt 0.900727 0.4150646
vt 0.9000609 0.4143985
vt 0.9425821 0.4153405
vt 0.9425821 0.4143985
vt 0.890116 0.7632546
vt 0.8475942 0.7623141
vt 0.8475942 0.7632561
vt 0.8894507 0.7625878
vt 0.8901167 0.6132981
vt 0.8891747 0.6132981
vt 0.8468666 0.3680483
vt 0.8478073 0.2169051
vt 0.8468654 0.2169051
vt 0.8475319 0.3673815
vt 0.8893884 0.3680497
vt 0.8893884 0.3671078
vt 0.9443889 0.006994216
vt 0.9434457 0.1567221
vt 0.9443876 0.1567221
vt 0.9437228 0.007660258
vt 0.9018677 0.006994214
vt 0.9018677 0.007936139
vt 0.7038022 0.9617466
vt 0.7038022 0.9625468
vt 0.7047441 0.9625468
vt 0.7047441 0.9617466
vt 0.7047441 0.9612162
vt 0.7038022 0.9612162
vt 0.7047441 0.9608923
vt 0.7038022 0.9608923
vt 0.7047441 0.9605683
vt 0.7038022 0.9605683
vt 0.7047441 0.9602444
vt 0.7038022 0.9602444
vt 0.7047441 0.9599204
vt 0.7038022 0.9599204
vt 0.7038022 0.9591202
vt 0.7047441 0.9591202
vt 0.8478073 0.2169051
vt 0.8478072 0.2153613
vt 0.8468652 0.2153613
vt 0.8468654 0.2169051
vt 0.7735246 0.9615905
vt 0.7743248 0.8101065
vt 0.7735246 0.8101065
vt 0.7740904 0.9610246
vt 0.9238194 0.9615922
vt 0.9238194 0.960792
vt 0.4731044 0.8097134
vt 0.4723042 0.8097162
vt 0.4730669 0.959967
vt 0.4736347 0.9605309
vt 0.3240025 0.9602568
vt 0.4749305 0.8097077
vt 0.3240053 0.961057
vt 0.4749305 0.9601841
vt 0.4757307 0.8097063
vt 0.4757307 0.960184
vt 0.4755939 0.9617285
vt 0.4737714 0.9606666
vt 0.3240125 0.9628831
vt 0.4748656 0.9613968
vt 0.4748461 0.9624816
vt 0.4732971 0.9618291
vt 0.4745092 0.9617557
vt 0.4733027 0.9626293
vt 0.3240167 0.9636833
vt 0.9512787 0.3484067
vt 0.9504785 0.3484067
vt 0.9504785 0.390928
vt 0.9512787 0.390928
vt 0.9356899 0.3909286
vt 0.9364901 0.3909286
vt 0.9364901 0.3484067
vt 0.9356899 0.3484073
vt 0.9609678 0.726347
vt 0.960968 0.7275591
vt 0.9619099 0.7275591
vt 0.9619098 0.726347
vt 0.8891761 0.6110008
vt 0.8891749 0.6117538
vt 0.8901169 0.6117538
vt 0.8901181 0.6110008
vt 0.8891749 0.6117538
vt 0.8891747 0.6132981
vt 0.8901167 0.6132981
vt 0.8901169 0.6117538
vt 0.960968 0.7275591
vt 0.9609685 0.7279154
vt 0.9619104 0.7279153
vt 0.9619099 0.7275591
vt 0.1654833 0.9742716
vt 0.1654834 0.9730597
vt 0.1645415 0.9730597
vt 0.1645413 0.9742716
vt 0.9731652 0.1920627
vt 0.973815 0.1920627
vt 0.9738162 0.1908318
vt 0.9731661 0.1908318
vt 0.9636411 0.7123568
vt 0.9636411 0.6878982
vt 0.9624156 0.6878995
vt 0.9624156 0.7123581
vt 0.6728284 0.9614246
vt 0.6728734 0.9613946
vt 0.6720977 0.9602506
vt 0.6720545 0.9602685
vt 0.6718466 0.9589881
vt 0.6717994 0.9589881
vt 0.6720977 0.9577256
vt 0.6720545 0.9577077
vt 0.6728734 0.9565816
vt 0.6728284 0.9565516
vt 0.6561607 0.9565516
vt 0.6561157 0.9565817
vt 0.6568913 0.9577256
vt 0.6569346 0.9577078
vt 0.6571425 0.9589882
vt 0.6571897 0.9589882
vt 0.6568913 0.9602507
vt 0.6569346 0.9602686
vt 0.6561157 0.9613947
vt 0.6561607 0.9614248
vt 0.9734168 0.8447009
vt 0.9740666 0.8447009
vt 0.9740677 0.8434792
vt 0.9734175 0.8434792
vt 0.9727013 0.541778
vt 0.975084 0.541778
vt 0.9750836 0.5403271
vt 0.9726998 0.5403271
vt 0.9747847 0.4143985
vt 0.9724005 0.4143985
vt 0.9723992 0.4156294
vt 0.9747831 0.4156294
vt 0.9747856 0.5031176
vt 0.9724017 0.5031176
vt 0.9724013 0.504564
vt 0.974784 0.504564
vt 0.1651915 0.9537175
vt 0.1645413 0.9537175
vt 0.1645422 0.9549451
vt 0.1651919 0.9549451
vt 0.9734176 0.8461473
vt 0.9740661 0.8461473
vt 0.9740666 0.8447009
vt 0.9734168 0.8447009
vt 0.9726998 0.5403271
vt 0.9750836 0.5403271
vt 0.9750825 0.5390925
vt 0.9726983 0.5390925
vt 0.9727049 0.4490101
vt 0.9750888 0.4490101
vt 0.975088 0.4477825
vt 0.9727037 0.4477825
vt 0.9727095 0.4711964
vt 0.9750922 0.4711964
vt 0.9750917 0.4697487
vt 0.9727078 0.4697487
vt 0.9735104 0.1574401
vt 0.9728603 0.1574401
vt 0.9728614 0.1586746
vt 0.9735112 0.1586746
vt 0.1651919 0.9549451
vt 0.1645422 0.9549451
vt 0.1645425 0.9563937
vt 0.1651911 0.9563937
vt 0.973763 0.8113319
vt 0.9731133 0.8113319
vt 0.9731137 0.8127796
vt 0.9737623 0.8127796
vt 0.8161399 0.5929696
vt 0.8164797 0.5929696
vt 0.8164792 0.5913733
vt 0.8161393 0.5913733
vt 0.8458998 0.5929685
vt 0.8462397 0.5929685
vt 0.8462391 0.5913724
vt 0.8458993 0.5913724
vt 0.8161393 0.5948774
vt 0.8164793 0.5948774
vt 0.8164797 0.5932789
vt 0.8161399 0.5932789
vt 0.860568 0.5932729
vt 0.8602281 0.5932729
vt 0.8602286 0.5948729
vt 0.8605685 0.5948729
vt 0.8161393 0.5913733
vt 0.8164792 0.5913733
vt 0.8164777 0.5898913
vt 0.8161378 0.5898913
vt 0.8458993 0.5913724
vt 0.8462391 0.5913724
vt 0.8462377 0.5898913
vt 0.8458978 0.5898913
vt 0.8161378 0.596366
vt 0.8164777 0.596366
vt 0.8164793 0.5948774
vt 0.8161393 0.5948774
vt 0.8605685 0.5948729
vt 0.8602286 0.5948729
vt 0.8602299 0.5963659
vt 0.8605698 0.5963659
vt 0.8310195 0.5929732
vt 0.8313593 0.5929732
vt 0.831359 0.5913759
vt 0.8310191 0.5913759
vt 0.9662761 0.329165
vt 0.9665662 0.3277171
vt 0.9665643 0.3277163
vt 0.9662781 0.329165
vt 0.9665643 0.3306137
vt 0.9665662 0.3306129
vt 0.2048469 0.9548284
vt 0.2038041 0.955874
vt 0.2038024 0.9558728
vt 0.2048388 0.9548202
vt 0.2048425 0.9548177
vt 0.2062116 0.9542631
vt 0.206212 0.9542651
vt 0.2100977 0.9558729
vt 0.2090521 0.9548301
vt 0.2090533 0.9548284
vt 0.2101058 0.9558647
vt 0.2101083 0.9558685
vt 0.2106629 0.9572375
vt 0.2106609 0.9572379
vt 0.9663061 0.2538095
vt 0.9663042 0.2538103
vt 0.9665924 0.2552582
vt 0.9665943 0.2552582
vt 0.9663042 0.2567061
vt 0.9663061 0.2567069
vt 0.2076885 0.961689
vt 0.2076881 0.961687
vt 0.2090575 0.9611344
vt 0.2090532 0.9611238
vt 0.2090613 0.9611319
vt 0.2100959 0.9600781
vt 0.2100976 0.9600793
vt 0.8458993 0.5948766
vt 0.8462392 0.5948766
vt 0.8462397 0.5932778
vt 0.8458998 0.5932778
vt 0.1843309 0.967787
vt 0.1843328 0.9677863
vt 0.1840447 0.9663383
vt 0.1840428 0.9663383
vt 0.1843328 0.9648904
vt 0.1843309 0.9648896
vt 0.2032371 0.9587145
vt 0.2032391 0.9587142
vt 0.2037917 0.9600836
vt 0.2038023 0.9600792
vt 0.2037942 0.9600874
vt 0.2048479 0.961122
vt 0.2048468 0.9611237
vt 0.8605685 0.5913689
vt 0.8602286 0.5913689
vt 0.8602281 0.5929636
vt 0.860568 0.5929636
vt 0.9572906 0.9653867
vt 0.9572887 0.9653875
vt 0.9575768 0.9668354
vt 0.9575787 0.9668354
vt 0.9572887 0.9682834
vt 0.9572906 0.9682841
vt 0.8161399 0.5932789
vt 0.8164797 0.5932789
vt 0.8164797 0.5929696
vt 0.8161399 0.5929696
vt 0.8310191 0.5913759
vt 0.831359 0.5913759
vt 0.831358 0.5898913
vt 0.8310181 0.5898913
vt 0.8310191 0.5948801
vt 0.831359 0.5948801
vt 0.8313593 0.5932825
vt 0.8310195 0.5932825
vt 0.860568 0.5929636
vt 0.8602281 0.5929636
vt 0.8602281 0.5932729
vt 0.860568 0.5932729
vt 0.8310195 0.5932825
vt 0.8313593 0.5932825
vt 0.8313593 0.5929732
vt 0.8310195 0.5929732
vt 0.8458998 0.5932778
vt 0.8462397 0.5932778
vt 0.8462397 0.5929685
vt 0.8458998 0.5929685
vt 0.8310181 0.5963661
vt 0.831358 0.5963661
vt 0.831359 0.5948801
vt 0.8310191 0.5948801
vt 0.8605699 0.5898913
vt 0.86023 0.5898913
vt 0.8602286 0.5913689
vt 0.8605685 0.5913689
vt 0.8458979 0.596366
vt 0.8462377 0.596366
vt 0.8462392 0.5948766
vt 0.8458993 0.5948766
vt 0.8310191 0.5913759
vt 0.8307215 0.5913991
vt 0.8307219 0.5929848
vt 0.8310195 0.5929732
vt 0.8307215 0.5913991
vt 0.8304691 0.5914652
vt 0.8304695 0.5930179
vt 0.8307219 0.5929848
vt 0.2105643 0.960391
vt 0.2103491 0.9602473
vt 0.2092729 0.9613434
vt 0.2094529 0.9615231
vt 0.2103491 0.9602473
vt 0.2100959 0.9600781
vt 0.2090613 0.9611319
vt 0.2092729 0.9613434
vt 0.2090575 0.9611344
vt 0.2091722 0.9614107
vt 0.2076881 0.961687
vt 0.2077477 0.9619854
vt 0.8310181 0.5898913
vt 0.8307205 0.5899341
vt 0.8307215 0.5913991
vt 0.8310191 0.5913759
vt 0.8307205 0.5899341
vt 0.8304681 0.590056
vt 0.8304691 0.5914652
vt 0.8307215 0.5913991
vt 0.2112132 0.9588245
vt 0.2109595 0.9587737
vt 0.2103491 0.9602473
vt 0.2105643 0.960391
vt 0.2109595 0.9587737
vt 0.210661 0.9587142
vt 0.2100959 0.9600781
vt 0.2103491 0.9602473
vt 0.8161393 0.5948774
vt 0.8158417 0.5948545
vt 0.8158402 0.5963234
vt 0.8161378 0.596366
vt 0.8158417 0.5948545
vt 0.8155892 0.5947891
vt 0.8155878 0.596202
vt 0.8158402 0.5963234
vt 0.2112132 0.9571289
vt 0.2109595 0.9571788
vt 0.2109595 0.9587737
vt 0.2112132 0.9588245
vt 0.2109595 0.9571788
vt 0.2106609 0.9572379
vt 0.210661 0.9587142
vt 0.2109595 0.9587737
vt 0.8161399 0.5932789
vt 0.8158423 0.5932675
vt 0.8158417 0.5948545
vt 0.8161393 0.5948774
vt 0.8158423 0.5932675
vt 0.8155897 0.593235
vt 0.8155892 0.5947891
vt 0.8158417 0.5948545
vt 0.2106197 0.9556577
vt 0.2103848 0.9557542
vt 0.2109595 0.9571788
vt 0.2112132 0.9571289
vt 0.2103848 0.9557542
vt 0.2106609 0.9572379
vt 0.2109595 0.9571788
vt 0.2101083 0.9558685
vt 0.2103175 0.9556535
vt 0.2101058 0.9558647
vt 0.2092214 0.9545774
vt 0.2090521 0.9548301
vt 0.8458998 0.5932778
vt 0.8456022 0.5932664
vt 0.8456017 0.5948536
vt 0.8458993 0.5948766
vt 0.8456022 0.5932664
vt 0.8453497 0.5932341
vt 0.8453492 0.5947884
vt 0.8456017 0.5948536
vt 0.2046322 0.954308
vt 0.2047284 0.9545417
vt 0.2061529 0.953967
vt 0.2061034 0.9537145
vt 0.2047284 0.9545417
vt 0.206212 0.9542651
vt 0.2061529 0.953967
vt 0.2048425 0.9548177
vt 0.2046277 0.954609
vt 0.2048388 0.9548202
vt 0.2035515 0.9557051
vt 0.2038041 0.955874
vt 0.8458993 0.5948766
vt 0.8456017 0.5948536
vt 0.8456002 0.5963234
vt 0.8458979 0.596366
vt 0.8456017 0.5948536
vt 0.8453492 0.5947884
vt 0.8453478 0.5962021
vt 0.8456002 0.5963234
vt 0.2061034 0.9537145
vt 0.2061529 0.953967
vt 0.2077479 0.9539669
vt 0.207799 0.9537145
vt 0.2061529 0.953967
vt 0.206212 0.9542651
vt 0.2076883 0.9542651
vt 0.2077479 0.9539669
vt 0.8161378 0.5898913
vt 0.8158402 0.5899342
vt 0.8158417 0.5913966
vt 0.8161393 0.5913733
vt 0.8158402 0.5899342
vt 0.8155878 0.5900564
vt 0.8155892 0.5914631
vt 0.8158417 0.5913966
vt 0.207799 0.9537145
vt 0.2077479 0.9539669
vt 0.2092214 0.9545774
vt 0.2093654 0.9543634
vt 0.2077479 0.9539669
vt 0.2076883 0.9542651
vt 0.2090521 0.9548301
vt 0.2092214 0.9545774
vt 0.8161393 0.5913733
vt 0.8158417 0.5913966
vt 0.8158422 0.5929814
vt 0.8161399 0.5929696
vt 0.8158417 0.5913966
vt 0.8155892 0.5914631
vt 0.8155897 0.593015
vt 0.8158422 0.5929814
vt 0.2093654 0.9543634
vt 0.2092214 0.9545774
vt 0.2103175 0.9556535
vt 0.2104975 0.9554747
vt 0.860568 0.5929636
vt 0.8608657 0.5929757
vt 0.8608661 0.5913924
vt 0.8605685 0.5913689
vt 0.8608657 0.5929757
vt 0.8611181 0.59301
vt 0.8611186 0.5914596
vt 0.8608661 0.5913924
vt 0.2032824 0.9602956
vt 0.2035158 0.9601982
vt 0.2029411 0.9587736
vt 0.202689 0.9588244
vt 0.2035158 0.9601982
vt 0.2032391 0.9587142
vt 0.2029411 0.9587736
vt 0.2037917 0.9600836
vt 0.2035831 0.9602989
vt 0.2037942 0.9600874
vt 0.2046792 0.961375
vt 0.2048479 0.961122
vt 0.8605685 0.5913689
vt 0.8608661 0.5913924
vt 0.8608674 0.5899343
vt 0.8605699 0.5898913
vt 0.8608661 0.5913924
vt 0.8611186 0.5914596
vt 0.8611199 0.5900571
vt 0.8608674 0.5899343
vt 0.202689 0.9588244
vt 0.2029411 0.9587736
vt 0.2029411 0.9571787
vt 0.202689 0.9571288
vt 0.2029411 0.9587736
vt 0.2032391 0.9587142
vt 0.2032391 0.9572378
vt 0.2029411 0.9571787
vt 0.8458978 0.5898913
vt 0.8456002 0.5899342
vt 0.8456017 0.5913959
vt 0.8458993 0.5913724
vt 0.8456002 0.5899342
vt 0.8453478 0.5900565
vt 0.8453492 0.5914624
vt 0.8456017 0.5913959
vt 0.202689 0.9571288
vt 0.2029411 0.9571787
vt 0.2035515 0.9557051
vt 0.2033379 0.9555623
vt 0.2029411 0.9571787
vt 0.2032391 0.9572378
vt 0.2038041 0.955874
vt 0.2035515 0.9557051
vt 0.8458993 0.5913724
vt 0.8456017 0.5913959
vt 0.8456022 0.5929803
vt 0.8458998 0.5929685
vt 0.8456017 0.5913959
vt 0.8453492 0.5914624
vt 0.8453497 0.5930141
vt 0.8456022 0.5929803
vt 0.2033379 0.9555623
vt 0.2035515 0.9557051
vt 0.2046277 0.954609
vt 0.2044492 0.9544302
vt 0.8310195 0.5932825
vt 0.8307219 0.5932709
vt 0.8307216 0.594857
vt 0.8310191 0.5948801
vt 0.8307219 0.5932709
vt 0.8304695 0.593238
vt 0.8304691 0.5947912
vt 0.8307216 0.594857
vt 0.20927 0.9616453
vt 0.2091722 0.9614107
vt 0.2077477 0.9619854
vt 0.2077988 0.9622387
vt 0.8310191 0.5948801
vt 0.8307216 0.594857
vt 0.8307205 0.5963234
vt 0.8310181 0.5963661
vt 0.8307216 0.594857
vt 0.8304691 0.5947912
vt 0.8304682 0.5962017
vt 0.8307205 0.5963234
vt 0.2077988 0.9622387
vt 0.2077477 0.9619854
vt 0.2061527 0.9619855
vt 0.2061032 0.9622387
vt 0.2077477 0.9619854
vt 0.2076881 0.961687
vt 0.2062118 0.961687
vt 0.2061527 0.9619855
vt 0.8605698 0.5963659
vt 0.8608674 0.5963235
vt 0.8608661 0.5948502
vt 0.8605685 0.5948729
vt 0.8608674 0.5963235
vt 0.8611198 0.5962026
vt 0.8611185 0.5947855
vt 0.8608661 0.5948502
vt 0.2061032 0.9622387
vt 0.2061527 0.9619855
vt 0.2046792 0.961375
vt 0.2045367 0.9615899
vt 0.2061527 0.9619855
vt 0.2062118 0.961687
vt 0.2048479 0.961122
vt 0.2046792 0.961375
vt 0.8605685 0.5948729
vt 0.8608661 0.5948502
vt 0.8608657 0.5932618
vt 0.860568 0.5932729
vt 0.8608661 0.5948502
vt 0.8611185 0.5947855
vt 0.8611181 0.59323
vt 0.8608657 0.5932618
vt 0.2045367 0.9615899
vt 0.2046792 0.961375
vt 0.2035831 0.9602989
vt 0.2034047 0.9604785
vt 0.2103848 0.9557542
vt 0.2106197 0.9556577
vt 0.2104975 0.9554747
vt 0.2103175 0.9556535
vt 0.8155897 0.593235
vt 0.8158423 0.5932675
vt 0.8158422 0.5929814
vt 0.8155897 0.593015
vt 0.8158423 0.5932675
vt 0.8161399 0.5932789
vt 0.8161399 0.5929696
vt 0.8158422 0.5929814
vt 0.2047284 0.9545417
vt 0.2046322 0.954308
vt 0.2044492 0.9544302
vt 0.2046277 0.954609
vt 0.8453497 0.5932341
vt 0.8456022 0.5932664
vt 0.8456022 0.5929803
vt 0.8453497 0.5930141
vt 0.8456022 0.5932664
vt 0.8458998 0.5932778
vt 0.8458998 0.5929685
vt 0.8456022 0.5929803
vt 0.2035158 0.9601982
vt 0.2032824 0.9602956
vt 0.2034047 0.9604785
vt 0.2035831 0.9602989
vt 0.8611181 0.59301
vt 0.8608657 0.5929757
vt 0.8608657 0.5932618
vt 0.8611181 0.59323
vt 0.8608657 0.5929757
vt 0.860568 0.5929636
vt 0.860568 0.5932729
vt 0.8608657 0.5932618
vt 0.2091722 0.9614107
vt 0.20927 0.9616453
vt 0.2094529 0.9615231
vt 0.2092729 0.9613434
vt 0.8304695 0.593238
vt 0.8307219 0.5932709
vt 0.8307219 0.5929848
vt 0.8304695 0.5930179
vt 0.8307219 0.5932709
vt 0.8310195 0.5932825
vt 0.8310195 0.5929732
vt 0.8307219 0.5929848
vt 0.3090825 0.9735163
vt 0.309072 0.9735693
vt 0.3092618 0.9735693
vt 0.3092513 0.9735163
vt 0.6892482 0.9630066
vt 0.6884293 0.9641326
vt 0.6884742 0.9641627
vt 0.689205 0.9629886
vt 0.6895033 0.9617261
vt 0.6894561 0.9617261
vt 0.6892482 0.9604458
vt 0.689205 0.9604636
vt 0.6884743 0.9592896
vt 0.6884293 0.9593197
vt 0.1349542 0.9553666
vt 0.1349042 0.9553874
vt 0.1354417 0.9566607
vt 0.1354876 0.9566516
vt 0.1354416 0.957948
vt 0.1354879 0.9579572
vt 0.1349489 0.9591372
vt 0.1349878 0.9591632
vt 0.1339649 0.9601079
vt 0.1340031 0.9601461
vt 0.9731659 0.1935124
vt 0.9738145 0.1935124
vt 0.973815 0.1920627
vt 0.9731652 0.1920627
vt 0.9737015 0.7888027
vt 0.973691 0.7888557
vt 0.9738809 0.7888557
vt 0.9738703 0.7888027
vt 0.8297363 0.9755911
vt 0.8296833 0.9755805
vt 0.8296833 0.9757704
vt 0.8297363 0.9757599
vt 0.815695 0.975591
vt 0.8156419 0.9755805
vt 0.8156419 0.9757703
vt 0.815695 0.9757597
vt 0.1303468 0.960086
vt 0.1294022 0.9590631
vt 0.129364 0.9591013
vt 0.1303729 0.9600471
vt 0.1315529 0.960586
vt 0.1315621 0.9605398
vt 0.1328584 0.9605858
vt 0.1328493 0.9605398
vt 0.1341434 0.9600523
vt 0.1341227 0.9600024
vt 0.1497916 0.974391
vt 0.149781 0.974444
vt 0.1499709 0.974444
vt 0.1499603 0.974391
vt 0.1294577 0.9592416
vt 0.1295077 0.9592209
vt 0.1289702 0.9579475
vt 0.1289243 0.9579566
vt 0.1289703 0.9566603
vt 0.128924 0.956651
vt 0.129463 0.955471
vt 0.1294241 0.9554451
vt 0.130447 0.9545004
vt 0.1304088 0.9544621
vt 0.9737622 0.8267932
vt 0.973112 0.8267932
vt 0.9731133 0.828018
vt 0.973763 0.828018
vt 0.9747871 0.5018958
vt 0.9724028 0.5018958
vt 0.9724017 0.5031176
vt 0.9747856 0.5031176
vt 0.1287986 0.9749323
vt 0.1288091 0.9748793
vt 0.1286193 0.9748793
vt 0.1286298 0.9749323
vt 0.8016003 0.9757599
vt 0.8016534 0.9757704
vt 0.8016534 0.9755806
vt 0.8016003 0.9755911
vt 0.134065 0.9545223
vt 0.1350097 0.9555452
vt 0.1350479 0.955507
vt 0.134039 0.9545612
vt 0.132859 0.9540222
vt 0.1328498 0.9540685
vt 0.1315534 0.9540225
vt 0.1315626 0.9540684
vt 0.1302685 0.9545559
vt 0.1302892 0.9546059
vt 0.9616979 0.5843476
vt 0.9617428 0.5843176
vt 0.9609672 0.5831736
vt 0.9609239 0.5831915
vt 0.960716 0.5819111
vt 0.9606689 0.5819111
vt 0.9609672 0.5806486
vt 0.9609239 0.5806307
vt 0.9617428 0.5795045
vt 0.9616979 0.5794745
vt 0.9747831 0.4156294
vt 0.9723992 0.4156294
vt 0.9723988 0.4170791
vt 0.9747815 0.4170791
vt 0.8437248 0.9757599
vt 0.8437779 0.9757704
vt 0.8437779 0.9755805
vt 0.8437248 0.9755911
vt 0.9735112 0.1586746
vt 0.9728614 0.1586746
vt 0.9728618 0.1601256
vt 0.9735104 0.1601256
vt 0.9608057 0.1434517
vt 0.9608057 0.1072928
vt 0.9606158 0.1072928
vt 0.9606158 0.1434517
vt 0.9607973 0.09330332
vt 0.9607973 0.05714438
vt 0.9606075 0.05714438
vt 0.9606075 0.09330331
vt 0.9597196 0.9513984
vt 0.9597196 0.9152395
vt 0.9595297 0.9152395
vt 0.9595297 0.9513984
vt 0.9608092 0.0431546
vt 0.9608092 0.00699568
vt 0.9606193 0.00699568
vt 0.9606193 0.0431546
vt 0.9606158 0.1434517
vt 0.9619731 0.1434514
vt 0.9619731 0.1072925
vt 0.9606158 0.1072928
vt 0.9619731 0.1434514
vt 0.9630429 0.1434507
vt 0.9630429 0.1072917
vt 0.9619731 0.1072925
vt 0.9572886 0.9513969
vt 0.9583613 0.951398
vt 0.9583613 0.915239
vt 0.9572886 0.915238
vt 0.9583613 0.951398
vt 0.9597196 0.9513984
vt 0.9597196 0.9152395
vt 0.9583613 0.915239
vt 0.9608092 0.00699568
vt 0.9594507 0.006995299
vt 0.9594507 0.04315422
vt 0.9608092 0.0431546
vt 0.9594507 0.006995299
vt 0.9583774 0.00699424
vt 0.9583774 0.04315316
vt 0.9594507 0.04315422
vt 0.9619542 0.9152379
vt 0.9608862 0.915239
vt 0.9608862 0.951398
vt 0.9619542 0.9513968
vt 0.9608862 0.915239
vt 0.9595297 0.9152395
vt 0.9595297 0.9513984
vt 0.9608862 0.951398
vt 0.9607973 0.05714438
vt 0.959442 0.05714401
vt 0.959442 0.09330294
vt 0.9607973 0.09330332
vt 0.959442 0.05714401
vt 0.9583772 0.05714302
vt 0.9583772 0.09330195
vt 0.959442 0.09330294
vt 0.9630429 0.006994213
vt 0.9619756 0.006995283
vt 0.9619756 0.04315421
vt 0.9630429 0.04315313
vt 0.9619756 0.006995283
vt 0.9606193 0.00699568
vt 0.9606193 0.0431546
vt 0.9619756 0.04315421
vt 0.9608057 0.1072928
vt 0.9594481 0.1072925
vt 0.9594481 0.1434514
vt 0.9608057 0.1434517
vt 0.9594481 0.1072925
vt 0.9583773 0.1072917
vt 0.9583773 0.1434507
vt 0.9594481 0.1434514
vt 0.9630427 0.05714307
vt 0.9619669 0.05714403
vt 0.9619669 0.09330297
vt 0.9630427 0.093302
vt 0.9619669 0.05714403
vt 0.9606075 0.05714438
vt 0.9606075 0.09330331
vt 0.9619669 0.09330297
vt 0.9727077 0.4864347
vt 0.9750916 0.4864347
vt 0.9750904 0.4852099
vt 0.9727061 0.4852099
vt 0.973166 0.1768192
vt 0.9738146 0.1768192
vt 0.973815 0.1753693
vt 0.9731653 0.1753693
vt 0.973763 0.828018
vt 0.9731133 0.828018
vt 0.9731137 0.8294654
vt 0.9737623 0.8294654
vt 0.9747776 0.5570217
vt 0.9723938 0.5570217
vt 0.9723933 0.5584716
vt 0.974776 0.5584716
vt 0.9727094 0.4878822
vt 0.9750921 0.4878822
vt 0.9750916 0.4864347
vt 0.9727077 0.4864347
vt 0.9731653 0.1753693
vt 0.973815 0.1753693
vt 0.9738162 0.1741377
vt 0.9731661 0.1741377
vt 0.1651911 0.9563937
vt 0.1645425 0.9563937
vt 0.1645422 0.9578426
vt 0.1651919 0.9578426
vt 0.9747792 0.5557901
vt 0.972395 0.5557901
vt 0.9723938 0.5570217
vt 0.9747776 0.5570217
vt 0.974783 0.4323205
vt 0.9723991 0.4323205
vt 0.9723988 0.4337694
vt 0.9747815 0.4337694
vt 0.9737622 0.8101065
vt 0.973112 0.8101065
vt 0.9731133 0.8113319
vt 0.973763 0.8113319
vt 0.1651919 0.9578426
vt 0.1645422 0.9578426
vt 0.1645413 0.9590713
vt 0.1651915 0.9590713
vt 0.9727078 0.4697487
vt 0.9750917 0.4697487
vt 0.9750904 0.4685233
vt 0.9727061 0.4685233
vt 0.9727064 0.4504586
vt 0.9750891 0.4504586
vt 0.9750888 0.4490101
vt 0.9727049 0.4490101
vt 0.9747843 0.4310918
vt 0.9724 0.4310918
vt 0.9723991 0.4323205
vt 0.974783 0.4323205
vt 0.9727049 0.4490101
vt 0.9725398 0.4490229
vt 0.9725409 0.450465
vt 0.9727064 0.4504586
vt 0.9725398 0.4490229
vt 0.9723998 0.4490595
vt 0.9724004 0.4504834
vt 0.9725409 0.450465
vt 0.6572226 0.9603878
vt 0.6570902 0.960333
vt 0.6562985 0.9615168
vt 0.6564156 0.9615949
vt 0.6570902 0.960333
vt 0.6569346 0.9602686
vt 0.6561607 0.9614248
vt 0.6562985 0.9615168
vt 0.1651911 0.9563937
vt 0.1653566 0.9564001
vt 0.165357 0.954958
vt 0.1651919 0.9549451
vt 0.1653566 0.9564001
vt 0.1654968 0.9564185
vt 0.1654968 0.9549945
vt 0.165357 0.954958
vt 0.1352367 0.9552496
vt 0.1351071 0.9553033
vt 0.1356526 0.9566188
vt 0.1357926 0.956591
vt 0.1351071 0.9553033
vt 0.1354876 0.9566516
vt 0.1356526 0.9566188
vt 0.1349542 0.9553666
vt 0.135165 0.9553899
vt 0.1350479 0.955507
vt 0.1341585 0.9543823
vt 0.134065 0.9545223
vt 0.9727037 0.4477825
vt 0.9725388 0.4478061
vt 0.9725398 0.4490229
vt 0.9727049 0.4490101
vt 0.9725388 0.4478061
vt 0.9723989 0.4478735
vt 0.9723998 0.4490595
vt 0.9725398 0.4490229
vt 0.657501 0.9589884
vt 0.657358 0.9589882
vt 0.6570902 0.960333
vt 0.6572226 0.9603878
vt 0.657358 0.9589882
vt 0.6571897 0.9589882
vt 0.6569346 0.9602686
vt 0.6570902 0.960333
vt 0.1651919 0.9549451
vt 0.165357 0.954958
vt 0.1653564 0.9537412
vt 0.1651915 0.9537175
vt 0.165357 0.954958
vt 0.1654968 0.9549945
vt 0.1654961 0.9538086
vt 0.1653564 0.9537412
vt 0.1357926 0.956591
vt 0.1356526 0.9566188
vt 0.1356528 0.95799
vt 0.1357926 0.9580178
vt 0.1356526 0.9566188
vt 0.1354876 0.9566516
vt 0.1354879 0.9579572
vt 0.1356528 0.95799
vt 0.9747831 0.4156294
vt 0.9749482 0.4156421
vt 0.9749497 0.4144221
vt 0.9747847 0.4143985
vt 0.9749482 0.4156421
vt 0.9750883 0.4156783
vt 0.9750896 0.4144892
vt 0.9749497 0.4144221
vt 0.6572226 0.957589
vt 0.6570902 0.9576434
vt 0.657358 0.9589882
vt 0.657501 0.9589884
vt 0.6570902 0.9576434
vt 0.6569346 0.9577078
vt 0.6571897 0.9589882
vt 0.657358 0.9589882
vt 0.9731661 0.1908318
vt 0.9730012 0.1908554
vt 0.9730002 0.1920754
vt 0.9731652 0.1920627
vt 0.9730012 0.1908554
vt 0.9728615 0.1909225
vt 0.9728604 0.1921116
vt 0.9730002 0.1920754
vt 0.1357926 0.9580178
vt 0.1356528 0.95799
vt 0.1351277 0.9592567
vt 0.1352464 0.959336
vt 0.1356528 0.95799
vt 0.1354879 0.9579572
vt 0.1349878 0.9591632
vt 0.1351277 0.9592567
vt 0.9747815 0.4170791
vt 0.974947 0.4170853
vt 0.9749482 0.4156421
vt 0.9747831 0.4156294
vt 0.974947 0.4170853
vt 0.9750875 0.4171034
vt 0.9750883 0.4156783
vt 0.9749482 0.4156421
vt 0.6564156 0.9563819
vt 0.6562985 0.9564597
vt 0.6570902 0.9576434
vt 0.6572226 0.957589
vt 0.6562985 0.9564597
vt 0.6561607 0.9565516
vt 0.6569346 0.9577078
vt 0.6570902 0.9576434
vt 0.9731652 0.1920627
vt 0.9730002 0.1920754
vt 0.9730005 0.1935187
vt 0.9731659 0.1935124
vt 0.9730002 0.1920754
vt 0.9728604 0.1921116
vt 0.9728603 0.1935367
vt 0.9730005 0.1935187
vt 0.1352464 0.959336
vt 0.1351277 0.9592567
vt 0.1341201 0.9602631
vt 0.1342193 0.9603624
vt 0.1351277 0.9592567
vt 0.1349878 0.9591632
vt 0.1340031 0.9601461
vt 0.1341201 0.9602631
vt 0.1341434 0.9600523
vt 0.1342068 0.9602053
vt 0.1328584 0.9605858
vt 0.1328913 0.9607508
vt 0.9731653 0.1753693
vt 0.9730002 0.175382
vt 0.9730006 0.1768255
vt 0.973166 0.1768192
vt 0.9730002 0.175382
vt 0.9728605 0.1754181
vt 0.9728604 0.1768434
vt 0.9730006 0.1768255
vt 0.1301741 0.9603446
vt 0.1302533 0.9602259
vt 0.1292469 0.9592183
vt 0.1291477 0.9593175
vt 0.1302533 0.9602259
vt 0.1303468 0.960086
vt 0.129364 0.9591013
vt 0.1292469 0.9592183
vt 0.1294577 0.9592416
vt 0.1293048 0.9593049
vt 0.1289243 0.9579566
vt 0.1287592 0.9579895
vt 0.974776 0.5584716
vt 0.9749416 0.5584779
vt 0.9749428 0.5570344
vt 0.9747776 0.5570217
vt 0.9749416 0.5584779
vt 0.9750821 0.5584958
vt 0.9750829 0.5570705
vt 0.9749428 0.5570344
vt 0.6887283 0.9591203
vt 0.6886119 0.9591978
vt 0.6894037 0.9603815
vt 0.6895353 0.9603274
vt 0.6886119 0.9591978
vt 0.6884743 0.9592896
vt 0.6892482 0.9604458
vt 0.6894037 0.9603815
vt 0.9731661 0.1741377
vt 0.9730012 0.1741613
vt 0.9730002 0.175382
vt 0.9731653 0.1753693
vt 0.9730012 0.1741613
vt 0.9728615 0.1742284
vt 0.9728605 0.1754181
vt 0.9730002 0.175382
vt 0.1314922 0.9608908
vt 0.13152 0.9607509
vt 0.1302533 0.9602259
vt 0.1301741 0.9603446
vt 0.13152 0.9607509
vt 0.1315529 0.960586
vt 0.1303468 0.960086
vt 0.1302533 0.9602259
vt 0.9747776 0.5570217
vt 0.9749428 0.5570344
vt 0.9749442 0.5558137
vt 0.9747792 0.5557901
vt 0.9749428 0.5570344
vt 0.9750829 0.5570705
vt 0.9750841 0.5558808
vt 0.9749442 0.5558137
vt 0.6895353 0.9603274
vt 0.6894037 0.9603815
vt 0.6896714 0.9617263
vt 0.6898138 0.9617268
vt 0.6894037 0.9603815
vt 0.6892482 0.9604458
vt 0.6895033 0.9617261
vt 0.6896714 0.9617263
vt 0.973763 0.8113319
vt 0.9739281 0.8113448
vt 0.973927 0.8101302
vt 0.9737622 0.8101065
vt 0.9739281 0.8113448
vt 0.9740679 0.8113816
vt 0.9740667 0.8101977
vt 0.973927 0.8101302
vt 0.1329191 0.9608908
vt 0.1328913 0.9607508
vt 0.13152 0.9607509
vt 0.1314922 0.9608908
vt 0.1328913 0.9607508
vt 0.1328584 0.9605858
vt 0.1315529 0.960586
vt 0.13152 0.9607509
vt 0.9727061 0.4685233
vt 0.9725412 0.468547
vt 0.9725427 0.4697616
vt 0.9727078 0.4697487
vt 0.9725412 0.468547
vt 0.9724013 0.4686145
vt 0.9724026 0.4697984
vt 0.9725427 0.4697616
vt 0.6898138 0.9617268
vt 0.6896714 0.9617263
vt 0.6894037 0.9630711
vt 0.6895353 0.9631262
vt 0.6896714 0.9617263
vt 0.6895033 0.9617261
vt 0.6892482 0.9630066
vt 0.6894037 0.9630711
vt 0.9737623 0.8127796
vt 0.9739278 0.8127862
vt 0.9739281 0.8113448
vt 0.973763 0.8113319
vt 0.9739278 0.8127862
vt 0.974068 0.8128048
vt 0.9740679 0.8113816
vt 0.9739281 0.8113448
vt 0.1342604 0.9603349
vt 0.1342068 0.9602053
vt 0.1328913 0.9607508
vt 0.1329191 0.9608908
vt 0.9727078 0.4697487
vt 0.9725427 0.4697616
vt 0.9725439 0.471203
vt 0.9727095 0.4711964
vt 0.9725427 0.4697616
vt 0.9724026 0.4697984
vt 0.9724034 0.4712216
vt 0.9725439 0.471203
vt 0.6895353 0.9631262
vt 0.6894037 0.9630711
vt 0.6886119 0.9642548
vt 0.6887283 0.9643332
vt 0.6894037 0.9630711
vt 0.6892482 0.9630066
vt 0.6884742 0.9641627
vt 0.6886119 0.9642548
vt 0.9734168 0.8447009
vt 0.9732518 0.8447139
vt 0.9732521 0.846154
vt 0.9734176 0.8461473
vt 0.9732518 0.8447139
vt 0.9731119 0.8447511
vt 0.9731119 0.846173
vt 0.9732521 0.846154
vt 0.1291655 0.9552723
vt 0.1292842 0.9553515
vt 0.1302918 0.9543451
vt 0.1301925 0.9542459
vt 0.1292842 0.9553515
vt 0.1294241 0.9554451
vt 0.1304088 0.9544621
vt 0.1302918 0.9543451
vt 0.1302685 0.9545559
vt 0.1302051 0.954403
vt 0.1315534 0.9540225
vt 0.1315206 0.9538574
vt 0.974784 0.504564
vt 0.9749495 0.5045707
vt 0.9749507 0.5031306
vt 0.9747856 0.5031176
vt 0.9749495 0.5045707
vt 0.97509 0.5045897
vt 0.9750907 0.5031678
vt 0.9749507 0.5031306
vt 0.6725748 0.9615948
vt 0.672691 0.9615167
vt 0.6718992 0.960333
vt 0.6717678 0.9603878
vt 0.672691 0.9615167
vt 0.6728284 0.9614246
vt 0.6720545 0.9602685
vt 0.6718992 0.960333
vt 0.9734175 0.8434792
vt 0.9732527 0.8435029
vt 0.9732518 0.8447139
vt 0.9734168 0.8447009
vt 0.9732527 0.8435029
vt 0.9731129 0.8435708
vt 0.9731119 0.8447511
vt 0.9732518 0.8447139
vt 0.1286193 0.9565904
vt 0.1287591 0.9566182
vt 0.1292842 0.9553515
vt 0.1291655 0.9552723
vt 0.1287591 0.9566182
vt 0.128924 0.956651
vt 0.1294241 0.9554451
vt 0.1292842 0.9553515
vt 0.9747856 0.5031176
vt 0.9749507 0.5031306
vt 0.974952 0.5019196
vt 0.9747871 0.5018958
vt 0.9749507 0.5031306
vt 0.9750907 0.5031678
vt 0.9750919 0.5019875
vt 0.974952 0.5019196
vt 0.6717678 0.9603878
vt 0.6718992 0.960333
vt 0.6716315 0.9589882
vt 0.6714894 0.9589883
vt 0.6718992 0.960333
vt 0.6720545 0.9602685
vt 0.6717994 0.9589881
vt 0.6716315 0.9589882
vt 0.973763 0.828018
vt 0.9739281 0.8280309
vt 0.9739271 0.826817
vt 0.9737622 0.8267932
vt 0.9739281 0.8280309
vt 0.9740679 0.8280677
vt 0.9740668 0.8268846
vt 0.9739271 0.826817
vt 0.1286193 0.9580172
vt 0.1287592 0.9579895
vt 0.1287591 0.9566182
vt 0.1286193 0.9565904
vt 0.1287592 0.9579895
vt 0.1289243 0.9579566
vt 0.128924 0.956651
vt 0.1287591 0.9566182
vt 0.9727061 0.4852099
vt 0.9725412 0.4852337
vt 0.9725426 0.4864476
vt 0.9727077 0.4864347
vt 0.9725412 0.4852337
vt 0.9724013 0.4853013
vt 0.9724026 0.4864845
vt 0.9725426 0.4864476
vt 0.6714894 0.9589883
vt 0.6716315 0.9589882
vt 0.6718992 0.9576433
vt 0.6717678 0.9575889
vt 0.6716315 0.9589882
vt 0.6717994 0.9589881
vt 0.6720545 0.9577077
vt 0.6718992 0.9576433
vt 0.9737623 0.8294654
vt 0.9739278 0.829472
vt 0.9739281 0.8280309
vt 0.973763 0.828018
vt 0.9739278 0.829472
vt 0.974068 0.8294907
vt 0.9740679 0.8280677
vt 0.9739281 0.8280309
vt 0.1291751 0.9593586
vt 0.1293048 0.9593049
vt 0.1287592 0.9579895
vt 0.1286193 0.9580172
vt 0.9727077 0.4864347
vt 0.9725426 0.4864476
vt 0.9725438 0.4878887
vt 0.9727094 0.4878822
vt 0.9725426 0.4864476
vt 0.9724026 0.4864845
vt 0.9724033 0.4879074
vt 0.9725438 0.4878887
vt 0.6717678 0.9575889
vt 0.6718992 0.9576433
vt 0.672691 0.9564596
vt 0.6725748 0.9563818
vt 0.6718992 0.9576433
vt 0.6720545 0.9577077
vt 0.6728284 0.9565516
vt 0.672691 0.9564596
vt 0.1651919 0.9578426
vt 0.165357 0.9578298
vt 0.1653566 0.9563873
vt 0.1651911 0.9563937
vt 0.165357 0.9578298
vt 0.1654968 0.9577934
vt 0.1654968 0.956369
vt 0.1653566 0.9563873
vt 0.1342378 0.9542637
vt 0.1341585 0.9543823
vt 0.135165 0.9553899
vt 0.1352642 0.9552907
vt 0.9747815 0.4337694
vt 0.9749471 0.4337758
vt 0.9749481 0.4323333
vt 0.974783 0.4323205
vt 0.9749471 0.4337758
vt 0.9750875 0.433794
vt 0.9750881 0.4323697
vt 0.9749481 0.4323333
vt 0.9614434 0.5845182
vt 0.9615602 0.5844398
vt 0.9607683 0.583256
vt 0.9606364 0.5833111
vt 0.9615602 0.5844398
vt 0.9616979 0.5843476
vt 0.9609239 0.5831915
vt 0.9607683 0.583256
vt 0.1651915 0.9590713
vt 0.1653564 0.9590477
vt 0.165357 0.9578298
vt 0.1651919 0.9578426
vt 0.1653564 0.9590477
vt 0.1654961 0.9589804
vt 0.1654968 0.9577934
vt 0.165357 0.9578298
vt 0.1329197 0.9537175
vt 0.1328918 0.9538572
vt 0.1341585 0.9543823
vt 0.1342378 0.9542637
vt 0.1328918 0.9538572
vt 0.132859 0.9540222
vt 0.134065 0.9545223
vt 0.1341585 0.9543823
vt 0.974783 0.4323205
vt 0.9749481 0.4323333
vt 0.9749492 0.4311154
vt 0.9747843 0.4310918
vt 0.9749481 0.4323333
vt 0.9750881 0.4323697
vt 0.9750891 0.4311827
vt 0.9749492 0.4311154
vt 0.9606364 0.5833111
vt 0.9607683 0.583256
vt 0.9605007 0.5819112
vt 0.9603579 0.5819117
vt 0.9607683 0.583256
vt 0.9609239 0.5831915
vt 0.9606689 0.5819111
vt 0.9605007 0.5819112
vt 0.9735112 0.1586746
vt 0.9736762 0.1586872
vt 0.9736753 0.1574636
vt 0.9735104 0.1574401
vt 0.9736762 0.1586872
vt 0.973816 0.158723
vt 0.9738151 0.1575304
vt 0.9736753 0.1574636
vt 0.1314928 0.9537175
vt 0.1315206 0.9538574
vt 0.1328918 0.9538572
vt 0.1329197 0.9537175
vt 0.1315206 0.9538574
vt 0.1315534 0.9540225
vt 0.132859 0.9540222
vt 0.1328918 0.9538572
vt 0.9726983 0.5390925
vt 0.9725333 0.539116
vt 0.9725347 0.5403396
vt 0.9726998 0.5403271
vt 0.9725333 0.539116
vt 0.9723934 0.5391828
vt 0.9723946 0.5403754
vt 0.9725347 0.5403396
vt 0.9603579 0.5819117
vt 0.9605007 0.5819112
vt 0.9607683 0.5805664
vt 0.9606364 0.5805123
vt 0.9605007 0.5819112
vt 0.9606689 0.5819111
vt 0.9609239 0.5806307
vt 0.9607683 0.5805664
vt 0.9735104 0.1601256
vt 0.9736758 0.1601317
vt 0.9736762 0.1586872
vt 0.9735112 0.1586746
vt 0.9736758 0.1601317
vt 0.973816 0.1601493
vt 0.973816 0.158723
vt 0.9736762 0.1586872
vt 0.1301514 0.9542733
vt 0.1302051 0.954403
vt 0.1315206 0.9538574
vt 0.1314928 0.9537175
vt 0.9726998 0.5403271
vt 0.9725347 0.5403396
vt 0.9725357 0.5417841
vt 0.9727013 0.541778
vt 0.9725347 0.5403396
vt 0.9723946 0.5403754
vt 0.9723953 0.5418017
vt 0.9725357 0.5417841
vt 0.9606364 0.5805123
vt 0.9607683 0.5805664
vt 0.9615602 0.5793827
vt 0.9614434 0.5793052
vt 0.9607683 0.5805664
vt 0.9609239 0.5806307
vt 0.9616979 0.5794745
vt 0.9615602 0.5793827
vt 0.9738703 0.7888027
vt 0.973838 0.7886404
vt 0.9737338 0.7886404
vt 0.9737015 0.7888027
vt 0.973838 0.7886404
vt 0.9738106 0.7885028
vt 0.9737612 0.7885028
vt 0.9737338 0.7886404
vt 0.2616642 0.9751288
vt 0.2616714 0.9752701
vt 0.2616842 0.9752712
vt 0.2617135 0.9751329
vt 0.1286298 0.9749323
vt 0.1286621 0.9750946
vt 0.1287663 0.9750946
vt 0.1287986 0.9749323
vt 0.1286621 0.9750946
vt 0.1286895 0.9752322
vt 0.1287389 0.9752322
vt 0.1287663 0.9750946
vt 0.9757311 0.5793092
vt 0.9757606 0.5794475
vt 0.9757735 0.5794465
vt 0.9757804 0.5793052
vt 0.1499603 0.974391
vt 0.149928 0.9742287
vt 0.1498238 0.9742287
vt 0.1497916 0.974391
vt 0.149928 0.9742287
vt 0.1499007 0.9740911
vt 0.1498512 0.9740911
vt 0.1498238 0.9742287
vt 0.975731 0.5936044
vt 0.9757605 0.5937427
vt 0.9757732 0.5937416
vt 0.9757803 0.5936003
vt 0.3092513 0.9735163
vt 0.309219 0.9733539
vt 0.3091148 0.9733539
vt 0.3090825 0.9735163
vt 0.309219 0.9733539
vt 0.3091916 0.9732163
vt 0.3091422 0.9732163
vt 0.3091148 0.9733539
vt 0.7875625 0.9755805
vt 0.7875804 0.9757207
vt 0.7875932 0.9757207
vt 0.7876119 0.9755805
vt 0.1045168 0.9751747
vt 0.1045096 0.9753163
vt 0.1045589 0.9753121
vt 0.1045296 0.9751737
vt 0.1342193 0.9603624
vt 0.1342604 0.9603349
vt 0.1342068 0.9602053
vt 0.1341201 0.9602631
vt 0.1653566 0.9563873
vt 0.1653566 0.9564001
vt 0.1654968 0.9564185
vt 0.1654968 0.956369
vt 0.1352642 0.9552907
vt 0.1352367 0.9552496
vt 0.1351071 0.9553033
vt 0.135165 0.9553899
vt 0.1302051 0.954403
vt 0.1302918 0.9543451
vt 0.1301925 0.9542459
vt 0.1301514 0.9542733
vt 0.7735741 0.9758865
vt 0.7735555 0.9757461
vt 0.7735426 0.9757461
vt 0.7735246 0.9758865
vt 0.1293048 0.9593049
vt 0.1292469 0.9592183
vt 0.1291477 0.9593175
vt 0.1291751 0.9593586
vt 0.2476758 0.9754318
vt 0.2476462 0.9752933
vt 0.2476334 0.9752944
vt 0.2476265 0.9754358
vt 0.9517822 0.3307623
vt 0.9515177 0.3307623
vt 0.9515177 0.3310469
vt 0.9517822 0.3310469
vt 0.3093379 0.9543034
vt 0.3090734 0.9543034
vt 0.3090739 0.9558876
vt 0.3093384 0.9558876
vt 0.150287 0.9586303
vt 0.1505515 0.9586303
vt 0.1505511 0.9570422
vt 0.1502866 0.9570422
vt 0.9517816 0.3326336
vt 0.9515172 0.3326336
vt 0.9515156 0.3341016
vt 0.9517801 0.3341016
vt 0.9718553 0.9682842
vt 0.9718571 0.9682835
vt 0.971569 0.9668356
vt 0.9715672 0.9668356
vt 0.9718571 0.9653876
vt 0.9718553 0.9653869
vt 0.1502884 0.9601026
vt 0.1505529 0.9601026
vt 0.1505515 0.9586303
vt 0.150287 0.9586303
vt 0.3093384 0.9561722
vt 0.3090739 0.9561722
vt 0.3090734 0.9577591
vt 0.3093379 0.9577591
vt 0.8753739 0.5913554
vt 0.8751094 0.5913554
vt 0.8751097 0.5929407
vt 0.8753743 0.5929407
vt 0.9692196 0.310205
vt 0.9692214 0.3102042
vt 0.9689333 0.3087562
vt 0.9689315 0.3087562
vt 0.9692214 0.3073083
vt 0.9692196 0.3073075
vt 0.2262721 0.960036
vt 0.2273177 0.9610789
vt 0.2273166 0.9610805
vt 0.2262646 0.9600435
vt 0.2262623 0.96004
vt 0.2257069 0.9586713
vt 0.2257088 0.958671
vt 0.3093379 0.9577591
vt 0.3090734 0.9577591
vt 0.309072 0.9592279
vt 0.3093365 0.9592279
vt 0.2273166 0.9547851
vt 0.2262738 0.9558306
vt 0.2262722 0.9558296
vt 0.2273092 0.9547776
vt 0.2273126 0.9547753
vt 0.2286813 0.9542199
vt 0.2286817 0.9542218
vt 0.006996023 0.9671058
vt 0.006994237 0.9671065
vt 0.007282319 0.9685545
vt 0.007284185 0.9685545
vt 0.006994237 0.9700025
vt 0.006996022 0.9700032
vt 0.231523 0.9610805
vt 0.2325659 0.960035
vt 0.2325675 0.960036
vt 0.2315305 0.961088
vt 0.2315271 0.9610903
vt 0.2301583 0.9616458
vt 0.230158 0.9616439
vt 0.8753729 0.5898913
vt 0.8751084 0.5898913
vt 0.8751094 0.5913554
vt 0.8753739 0.5913554
vt 0.9517801 0.3277163
vt 0.9515156 0.3277163
vt 0.9515172 0.3291779
vt 0.9517816 0.3291779
vt 0.2325675 0.9558296
vt 0.231522 0.9547868
vt 0.2315231 0.9547852
vt 0.232575 0.9558221
vt 0.2325773 0.9558256
vt 0.2331328 0.9571943
vt 0.2331309 0.9571947
vt 0.9723951 0.5222067
vt 0.9723933 0.5222075
vt 0.9726814 0.5236555
vt 0.9726833 0.5236555
vt 0.9723933 0.5251034
vt 0.9723951 0.5251042
vt 0.9517816 0.3291779
vt 0.9515172 0.3291779
vt 0.9515177 0.3307623
vt 0.9517822 0.3307623
vt 0.3093365 0.9528427
vt 0.309072 0.9528427
vt 0.3090734 0.9543034
vt 0.3093379 0.9543034
vt 0.3093384 0.9558876
vt 0.3090739 0.9558876
vt 0.3090739 0.9561722
vt 0.3093384 0.9561722
vt 0.9517822 0.3310469
vt 0.9515177 0.3310469
vt 0.9515172 0.3326336
vt 0.9517816 0.3326336
vt 0.8753739 0.5948111
vt 0.8751094 0.5948111
vt 0.8751084 0.5962766
vt 0.8753729 0.5962766
vt 0.1502866 0.9567575
vt 0.1505511 0.9567575
vt 0.1505516 0.9551746
vt 0.1502871 0.9551746
vt 0.8753743 0.5932254
vt 0.8751097 0.5932254
vt 0.8751094 0.5948111
vt 0.8753739 0.5948111
vt 0.1502871 0.9551746
vt 0.1505516 0.9551746
vt 0.1505529 0.9537175
vt 0.1502884 0.9537175
vt 0.8753743 0.5929407
vt 0.8751097 0.5929407
vt 0.8751097 0.5932254
vt 0.8753743 0.5932254
vt 0.9517822 0.3310469
vt 0.9520559 0.3310364
vt 0.9520559 0.3307732
vt 0.9517822 0.3307623
vt 0.9520559 0.3310364
vt 0.9522877 0.3310066
vt 0.9522877 0.3308041
vt 0.9520559 0.3307732
vt 0.2318899 0.9614474
vt 0.231725 0.9612826
vt 0.2316323 0.9613445
vt 0.2317216 0.96156
vt 0.3093379 0.9577591
vt 0.3096116 0.957738
vt 0.3096121 0.9561617
vt 0.3093384 0.9561722
vt 0.3096116 0.957738
vt 0.3098435 0.9576779
vt 0.309844 0.9561319
vt 0.3096121 0.9561617
vt 0.2270303 0.9615089
vt 0.2271622 0.9613116
vt 0.2260701 0.960238
vt 0.2259052 0.9604029
vt 0.2271622 0.9613116
vt 0.2273177 0.9610789
vt 0.2262646 0.9600435
vt 0.2260701 0.960238
vt 0.2262623 0.96004
vt 0.2260082 0.9601453
vt 0.2257088 0.958671
vt 0.2254343 0.9587256
vt 0.2272073 0.9545212
vt 0.2271181 0.9543057
vt 0.2269497 0.9544182
vt 0.2271146 0.9545831
vt 0.149781 0.9570027
vt 0.1500129 0.9570319
vt 0.1500129 0.9567686
vt 0.149781 0.9568002
vt 0.1500129 0.9570319
vt 0.1502866 0.9570422
vt 0.1502866 0.9567575
vt 0.1500129 0.9567686
vt 0.9517816 0.3291779
vt 0.9520553 0.3291993
vt 0.9520538 0.3277558
vt 0.9517801 0.3277163
vt 0.9520553 0.3291993
vt 0.9522872 0.3292605
vt 0.9522858 0.3278683
vt 0.9520538 0.3277558
vt 0.2302589 0.9621511
vt 0.2302126 0.9619184
vt 0.228627 0.9619184
vt 0.2285807 0.9621511
vt 0.2302126 0.9619184
vt 0.230158 0.9616439
vt 0.2286816 0.9616439
vt 0.228627 0.9619184
vt 0.1502884 0.9537175
vt 0.1500147 0.9537571
vt 0.1500134 0.9551963
vt 0.1502871 0.9551746
vt 0.1500147 0.9537571
vt 0.1497827 0.9538701
vt 0.1497815 0.9552581
vt 0.1500134 0.9551963
vt 0.2252015 0.9570937
vt 0.2254342 0.95714
vt 0.2260411 0.9556751
vt 0.2258438 0.9555433
vt 0.2254342 0.95714
vt 0.2257087 0.9571946
vt 0.2262738 0.9558306
vt 0.2260411 0.9556751
vt 0.3093384 0.9558876
vt 0.3096121 0.9558985
vt 0.3096116 0.9543249
vt 0.3093379 0.9543034
vt 0.3096121 0.9558985
vt 0.309844 0.9559295
vt 0.3098435 0.9543862
vt 0.3096116 0.9543249
vt 0.2257927 0.9602346
vt 0.2260082 0.9601453
vt 0.2254343 0.9587256
vt 0.2252015 0.9587718
vt 0.9517816 0.3326336
vt 0.9520554 0.3326125
vt 0.9520559 0.3310364
vt 0.9517822 0.3310469
vt 0.9520554 0.3326125
vt 0.9522873 0.3325523
vt 0.9522877 0.3310066
vt 0.9520559 0.3310364
vt 0.2329959 0.9603223
vt 0.2327986 0.9601905
vt 0.231725 0.9612826
vt 0.2318899 0.9614474
vt 0.2327986 0.9601905
vt 0.2325659 0.960035
vt 0.2315305 0.961088
vt 0.231725 0.9612826
vt 0.2315271 0.9610903
vt 0.2316323 0.9613445
vt 0.230158 0.9616439
vt 0.2302126 0.9619184
vt 0.1502866 0.9570422
vt 0.1500129 0.9570319
vt 0.1500133 0.9586093
vt 0.150287 0.9586303
vt 0.1500129 0.9570319
vt 0.149781 0.9570027
vt 0.1497814 0.9585498
vt 0.1500133 0.9586093
vt 0.2271181 0.9543057
vt 0.2272073 0.9545212
vt 0.2286271 0.9539472
vt 0.2285808 0.9537145
vt 0.2272073 0.9545212
vt 0.2286817 0.9542218
vt 0.2286271 0.9539472
vt 0.2273126 0.9547753
vt 0.2271146 0.9545831
vt 0.2273092 0.9547776
vt 0.2260411 0.9556751
vt 0.2262738 0.9558306
vt 0.150287 0.9586303
vt 0.1500133 0.9586093
vt 0.1500146 0.9600636
vt 0.1502884 0.9601026
vt 0.1500133 0.9586093
vt 0.1497814 0.9585498
vt 0.1497827 0.9599524
vt 0.1500146 0.9600636
vt 0.2285808 0.9537145
vt 0.2286271 0.9539472
vt 0.2302127 0.9539472
vt 0.2302589 0.9537145
vt 0.2286271 0.9539472
vt 0.2286817 0.9542218
vt 0.230158 0.9542217
vt 0.2302127 0.9539472
vt 0.8753743 0.5932254
vt 0.875648 0.5932148
vt 0.875648 0.5929515
vt 0.8753743 0.5929407
vt 0.875648 0.5932148
vt 0.8758799 0.5931844
vt 0.8758799 0.592982
vt 0.875648 0.5929515
vt 0.2329345 0.9554627
vt 0.2327695 0.9556276
vt 0.2328315 0.9557203
vt 0.2330469 0.9556311
vt 0.3093365 0.9592279
vt 0.3096102 0.9591888
vt 0.3096116 0.957738
vt 0.3093379 0.9577591
vt 0.3096102 0.9591888
vt 0.3098421 0.9590771
vt 0.3098435 0.9576779
vt 0.3096116 0.957738
vt 0.2285807 0.9621511
vt 0.228627 0.9619184
vt 0.2271622 0.9613116
vt 0.2270303 0.9615089
vt 0.228627 0.9619184
vt 0.2286816 0.9616439
vt 0.2273177 0.9610789
vt 0.2271622 0.9613116
vt 0.8753739 0.5913554
vt 0.8756476 0.5913768
vt 0.8756467 0.5899307
vt 0.8753729 0.5898913
vt 0.8756476 0.5913768
vt 0.8758796 0.5914375
vt 0.8758786 0.5900428
vt 0.8756467 0.5899307
vt 0.2336381 0.9570938
vt 0.2334054 0.9571401
vt 0.2334054 0.9587256
vt 0.2336381 0.9587719
vt 0.2334054 0.9571401
vt 0.2331309 0.9571947
vt 0.2331309 0.958671
vt 0.2334054 0.9587256
vt 0.1502871 0.9551746
vt 0.1500134 0.9551963
vt 0.1500129 0.9567686
vt 0.1502866 0.9567575
vt 0.1500134 0.9551963
vt 0.1497815 0.9552581
vt 0.149781 0.9568002
vt 0.1500129 0.9567686
vt 0.2258438 0.9555433
vt 0.2260411 0.9556751
vt 0.2271146 0.9545831
vt 0.2269497 0.9544182
vt 0.3093379 0.9543034
vt 0.3096116 0.9543249
vt 0.3096102 0.9528822
vt 0.3093365 0.9528427
vt 0.3096116 0.9543249
vt 0.3098435 0.9543862
vt 0.3098421 0.9529948
vt 0.3096102 0.9528822
vt 0.2252015 0.9587718
vt 0.2254343 0.9587256
vt 0.2254342 0.95714
vt 0.2252015 0.9570937
vt 0.2254343 0.9587256
vt 0.2257088 0.958671
vt 0.2257087 0.9571946
vt 0.2254342 0.95714
vt 0.8753739 0.5948111
vt 0.8756476 0.5947899
vt 0.875648 0.5932148
vt 0.8753743 0.5932254
vt 0.8756476 0.5947899
vt 0.8758796 0.5947293
vt 0.8758799 0.5931844
vt 0.875648 0.5932148
vt 0.2318093 0.9543568
vt 0.2316775 0.954554
vt 0.2327695 0.9556276
vt 0.2329345 0.9554627
vt 0.2316775 0.954554
vt 0.231522 0.9547868
vt 0.232575 0.9558221
vt 0.2327695 0.9556276
vt 0.2325773 0.9558256
vt 0.2328315 0.9557203
vt 0.2331309 0.9571947
vt 0.2334054 0.9571401
vt 0.9517801 0.3341016
vt 0.9520538 0.3340624
vt 0.9520554 0.3326125
vt 0.9517816 0.3326336
vt 0.9520538 0.3340624
vt 0.9522858 0.3339507
vt 0.9522873 0.3325523
vt 0.9520554 0.3326125
vt 0.2336381 0.9587719
vt 0.2334054 0.9587256
vt 0.2327986 0.9601905
vt 0.2329959 0.9603223
vt 0.2334054 0.9587256
vt 0.2331309 0.958671
vt 0.2325659 0.960035
vt 0.2327986 0.9601905
vt 0.8753729 0.5962766
vt 0.8756467 0.5962373
vt 0.8756476 0.5947899
vt 0.8753739 0.5948111
vt 0.8756467 0.5962373
vt 0.8758786 0.5961252
vt 0.8758796 0.5947293
vt 0.8756476 0.5947899
vt 0.2302589 0.9537145
vt 0.2302127 0.9539472
vt 0.2316775 0.954554
vt 0.2318093 0.9543568
vt 0.2302127 0.9539472
vt 0.230158 0.9542217
vt 0.231522 0.9547868
vt 0.2316775 0.954554
vt 0.2260082 0.9601453
vt 0.2257927 0.9602346
vt 0.2259052 0.9604029
vt 0.2260701 0.960238
vt 0.309844 0.9559295
vt 0.3096121 0.9558985
vt 0.3096121 0.9561617
vt 0.309844 0.9561319
vt 0.3096121 0.9558985
vt 0.3093384 0.9558876
vt 0.3093384 0.9561722
vt 0.3096121 0.9561617
vt 0.8753743 0.5929407
vt 0.875648 0.5929515
vt 0.8756476 0.5913768
vt 0.8753739 0.5913554
vt 0.875648 0.5929515
vt 0.8758799 0.592982
vt 0.8758796 0.5914375
vt 0.8756476 0.5913768
vt 0.2330469 0.9556311
vt 0.2328315 0.9557203
vt 0.2334054 0.9571401
vt 0.2336381 0.9570938
vt 0.9517822 0.3307623
vt 0.9520559 0.3307732
vt 0.9520553 0.3291993
vt 0.9517816 0.3291779
vt 0.9520559 0.3307732
vt 0.9522877 0.3308041
vt 0.9522872 0.3292605
vt 0.9520553 0.3291993
vt 0.2317216 0.96156
vt 0.2316323 0.9613445
vt 0.2302126 0.9619184
vt 0.2302589 0.9621511
vt 0.1502866 0.9570422
vt 0.1505511 0.9570422
vt 0.1505511 0.9567575
vt 0.1502866 0.9567575
vt 0.2481918 0.9595307
vt 0.2492362 0.9605751
vt 0.2506009 0.9611404
vt 0.2476265 0.958166
vt 0.252078 0.9611404
vt 0.2476265 0.9566889
vt 0.2534426 0.9605752
vt 0.2481918 0.9553242
vt 0.2544871 0.9595307
vt 0.2492363 0.9542798
vt 0.2550523 0.958166
vt 0.2506009 0.9537145
vt 0.2550523 0.9566889
vt 0.252078 0.9537145
vt 0.2544871 0.9553242
vt 0.2534426 0.9542798
vt 0.9636493 0.6739098
vt 0.9636493 0.6494513
vt 0.9621994 0.6494508
vt 0.9621994 0.6739094
vt 0.7277901 0.9705521
vt 0.7277901 0.9460935
vt 0.7263436 0.9460931
vt 0.7263436 0.9705517
vt 0.9689803 0.2398199
vt 0.9689803 0.2153613
vt 0.9677526 0.2153621
vt 0.9677526 0.2398207
vt 0.9664958 0.3728662
vt 0.9664958 0.3484076
vt 0.9652671 0.3484067
vt 0.9652671 0.3728653
vt 0.9621987 0.6354607
vt 0.9621987 0.6110021
vt 0.9609678 0.6110009
vt 0.9609678 0.6354595
vt 0.9636484 0.6354612
vt 0.9636484 0.6110026
vt 0.9621987 0.6110021
vt 0.9621987 0.6354607
vt 0.9356312 0.1951702
vt 0.9356312 0.1707116
vt 0.9341802 0.170712
vt 0.9341802 0.1951706
vt 0.9677526 0.2398207
vt 0.9677526 0.2153621
vt 0.9663041 0.2153624
vt 0.9663041 0.239821
vt 0.9392553 0.9655739
vt 0.9392553 0.9411153
vt 0.9378078 0.9411157
vt 0.9378078 0.9655743
vt 0.9368656 0.1951691
vt 0.9368656 0.1707105
vt 0.9356312 0.1707116
vt 0.9356312 0.1951702
vt 0.94048 0.9655727
vt 0.94048 0.9411141
vt 0.9392553 0.9411153
vt 0.9392553 0.9655739
vt 0.9624156 0.7123581
vt 0.9624156 0.6878995
vt 0.9609679 0.6878999
vt 0.9609679 0.7123585
vt 0.7263436 0.9705517
vt 0.7263436 0.9460931
vt 0.7251219 0.9460919
vt 0.7251219 0.9705506
vt 0.9679447 0.3728665
vt 0.9679447 0.3484079
vt 0.9664958 0.3484076
vt 0.9664958 0.3728662
vt 0.9621994 0.6739094
vt 0.9621994 0.6494508
vt 0.9609678 0.6494496
vt 0.9609678 0.6739082
vt 0.2767594 0.9754596
vt 0.2771792 0.9750435
vt 0.2771385 0.9533665
vt 0.2767976 0.9531226
vt 0.9201535 0.1712353
vt 0.9198102 0.1709906
vt 0.9197719 0.1935576
vt 0.9201918 0.1939758
vt 0.6561536 0.9423935
vt 0.656495 0.9421489
vt 0.6565341 0.9093124
vt 0.6561157 0.9093156
vt 0.9051647 0.3501713
vt 0.9046304 0.3510831
vt 0.9204497 0.3510831
vt 0.9199142 0.3501713
vt 0.2946556 0.9758875
vt 0.2942361 0.9754704
vt 0.2776057 0.9754704
vt 0.2771874 0.9758875
vt 0.8332083 0.2003798
vt 0.8336305 0.1999603
vt 0.8336305 0.1833299
vt 0.8332083 0.1829115
vt 0.8626059 0.3824578
vt 0.8621856 0.3820382
vt 0.8621856 0.3976803
vt 0.8626059 0.397262
vt 0.2937516 0.9741277
vt 0.2941684 0.9745442
vt 0.2941323 0.9536061
vt 0.2937897 0.9537061
vt 0.2950453 0.9531226
vt 0.2947036 0.9533665
vt 0.2946625 0.9750435
vt 0.2950836 0.9754596
vt 0.9018676 0.1939758
vt 0.9022884 0.1935576
vt 0.9022496 0.1709906
vt 0.9019058 0.1712353
vt 0.6731458 0.94181
vt 0.6734882 0.9419088
vt 0.6735252 0.9099902
vt 0.6731078 0.9104096
vt 0.9034157 0.3505596
vt 0.9037593 0.3508025
vt 0.903797 0.3170763
vt 0.9033774 0.3170777
vt 0.9188598 0.1926438
vt 0.9192777 0.1930586
vt 0.9192433 0.1714642
vt 0.9188979 0.172059
vt 0.2780531 0.9537061
vt 0.2777098 0.9536061
vt 0.2776734 0.9745442
vt 0.2780914 0.9741277
vt 0.9217015 0.3170777
vt 0.9212832 0.3170763
vt 0.9213206 0.3508025
vt 0.9216633 0.3505596
vt 0.9184044 0.1716239
vt 0.9189397 0.1707105
vt 0.9031203 0.1707105
vt 0.9036548 0.1716239
vt 0.672681 0.8089337
vt 0.6730993 0.8085116
vt 0.6574572 0.8085116
vt 0.6578767 0.8089337
vt 0.6574477 0.9104096
vt 0.6570292 0.9099902
vt 0.657066 0.9419088
vt 0.6574092 0.94181
vt 0.9204078 0.3497359
vt 0.9207525 0.3503265
vt 0.9207881 0.317754
vt 0.9203695 0.3181717
vt 0.6744398 0.9093156
vt 0.6740203 0.9093124
vt 0.6740593 0.9421489
vt 0.6744013 0.9423935
vt 0.3086103 0.7704549
vt 0.3081914 0.770036
vt 0.3081914 0.8023696
vt 0.3086103 0.8019507
vt 0.9031613 0.172059
vt 0.9028165 0.1714642
vt 0.9027826 0.1930586
vt 0.9031996 0.1926438
vt 0.9047093 0.3181717
vt 0.904292 0.317754
vt 0.9043274 0.3503265
vt 0.9046713 0.3497359
vt 0.8477799 0.3972619
vt 0.8481971 0.3976802
vt 0.8481971 0.3820381
vt 0.8477799 0.3824577
vt 0.8472857 0.3824577
vt 0.8468651 0.3820381
vt 0.8468651 0.3976803
vt 0.8472857 0.3972619
vt 0.6726803 0.876299
vt 0.6730986 0.8758768
vt 0.6574565 0.8758768
vt 0.657876 0.876299
vt 0.3167158 0.6880077
vt 0.3174256 0.6543289
vt 0.3170067 0.6543253
vt 0.3171347 0.6880113
vt 0.3164249 0.7216901
vt 0.3168438 0.7216938
vt 0.3161319 0.7556106
vt 0.3165545 0.7551953
vt 0.6574484 0.8430443
vt 0.6570289 0.8426221
vt 0.6570286 0.8749548
vt 0.6574481 0.8745391
vt 0.9199414 0.2840602
vt 0.9203609 0.2836399
vt 0.9047189 0.2836399
vt 0.9051371 0.2840602
vt 0.6744402 0.875633
vt 0.6740203 0.9093124
vt 0.6744398 0.9093156
vt 0.6740207 0.8756298
vt 0.6744406 0.8419504
vt 0.6740211 0.8419471
vt 0.6744409 0.8080297
vt 0.6740214 0.8084453
vt 0.9042898 0.397185
vt 0.9047087 0.3976039
vt 0.9047087 0.3652703
vt 0.9042898 0.3656892
vt 0.8485336 0.1977068
vt 0.8489508 0.1981251
vt 0.8489508 0.182483
vt 0.8485336 0.1829026
vt 0.8480395 0.1829026
vt 0.8476188 0.182483
vt 0.8476188 0.1981251
vt 0.8480395 0.1977068
vt 0.3159308 0.7216858
vt 0.3152226 0.7551838
vt 0.3156378 0.7556063
vt 0.3155119 0.7216823
vt 0.3162217 0.6880034
vt 0.3158028 0.6879998
vt 0.3165125 0.654321
vt 0.3160936 0.6543174
vt 0.8183085 0.2003798
vt 0.8187256 0.1999603
vt 0.8187256 0.1833299
vt 0.8183085 0.1829116
vt 0.8178144 0.1829116
vt 0.8173937 0.1833299
vt 0.8173937 0.1999603
vt 0.8178144 0.2003798
vt 0.9199412 0.2503767
vt 0.9203607 0.2499564
vt 0.9047187 0.2499564
vt 0.9051369 0.2503767
vt 0.6726799 0.9099817
vt 0.6730982 0.9095595
vt 0.6574562 0.9095595
vt 0.6578756 0.9099817
vt 0.9264013 0.6449208
vt 0.9265243 0.611418
vt 0.9261007 0.6110008
vt 0.9268213 0.6449191
vt 0.9266999 0.6786028
vt 0.9271198 0.6786011
vt 0.9269984 0.7122847
vt 0.9274184 0.712283
vt 0.3091044 0.8019507
vt 0.3095234 0.8023696
vt 0.3095234 0.770036
vt 0.3091044 0.7704549
vt 0.848509 0.7924684
vt 0.8489261 0.7928867
vt 0.8489261 0.7772446
vt 0.848509 0.7776642
vt 0.6574488 0.8093616
vt 0.6570293 0.8089395
vt 0.6570289 0.8412721
vt 0.6574484 0.8408565
vt 0.919192 0.3971868
vt 0.9196119 0.3976077
vt 0.9196124 0.3652744
vt 0.9191924 0.3656913
vt 0.919941 0.2166933
vt 0.9203606 0.216273
vt 0.9047185 0.216273
vt 0.9051368 0.2166933
vt 0.2785194 0.9745556
vt 0.2780998 0.9749762
vt 0.2937419 0.9749762
vt 0.2933236 0.9745556
vt 0.007489382 0.9526965
vt 0.007909306 0.9531174
vt 0.007909305 0.9207842
vt 0.007489382 0.9212011
vt 0.8480148 0.7776642
vt 0.8475941 0.7772446
vt 0.8475941 0.7928867
vt 0.8480148 0.7924684
vt 0.9045253 0.7608361
vt 0.9041064 0.7604171
vt 0.9041064 0.7927507
vt 0.9045253 0.7923318
vt 0.9199415 0.3177437
vt 0.9203611 0.3173234
vt 0.9047191 0.3173234
vt 0.9051373 0.3177437
vt 0.9050195 0.7923318
vt 0.9054384 0.7927507
vt 0.9054384 0.7604171
vt 0.9050195 0.7608361
vt 0.9037957 0.3656892
vt 0.9033768 0.3652703
vt 0.9033768 0.3976039
vt 0.9037957 0.397185
vt 0.6726806 0.8426164
vt 0.6730989 0.8421942
vt 0.6574569 0.8421942
vt 0.6578764 0.8426164
vt 0.6574481 0.8767269
vt 0.6570286 0.8763047
vt 0.6570282 0.9086374
vt 0.6574477 0.9082218
vt 0.9199215 0.7923335
vt 0.9203414 0.7927544
vt 0.920342 0.7604212
vt 0.919922 0.7608381
vt 0.2771384 0.9529666
vt 0.2771385 0.9533665
vt 0.2777098 0.9536061
vt 0.2784559 0.9528425
vt 0.2784566 0.9532972
vt 0.9204497 0.3510831
vt 0.9204494 0.3512729
vt 0.9207519 0.351216
vt 0.9213195 0.3512111
vt 0.9213206 0.3508025
vt 0.9207525 0.3503265
vt 0.2933852 0.9528425
vt 0.2933859 0.9532972
vt 0.2941323 0.9536061
vt 0.2947026 0.9529666
vt 0.2947036 0.9533665
vt 0.9043251 0.351216
vt 0.9046301 0.3512729
vt 0.9046304 0.3510831
vt 0.903759 0.3512111
vt 0.9037593 0.3508025
vt 0.9043274 0.3503265
vt 0.9694571 0.2931319
vt 0.9693356 0.292723
vt 0.9689316 0.2928849
vt 0.9690003 0.2933191
vt 0.293679 0.620686
vt 0.2941069 0.6206897
vt 0.2941112 0.6201956
vt 0.2936833 0.6201919
vt 0.9689595 0.2723
vt 0.9694536 0.2723017
vt 0.9694571 0.2718728
vt 0.968963 0.271871
vt 0.8327175 0.182483
vt 0.8327142 0.1829115
vt 0.8332083 0.1829115
vt 0.8332117 0.182483
vt 0.7580873 0.946092
vt 0.7575932 0.9460938
vt 0.7575947 0.9465217
vt 0.7580888 0.94652
vt 0.7581168 0.9671049
vt 0.7577128 0.966943
vt 0.7575932 0.9673528
vt 0.7580504 0.9675403
vt 0.9583774 0.1574401
vt 0.9583778 0.1578701
vt 0.9588719 0.1578708
vt 0.9588715 0.1574408
vt 0.8629145 0.79258
vt 0.8633186 0.7925785
vt 0.8634363 0.7921737
vt 0.8629786 0.7920856
vt 0.294136 0.7700269
vt 0.293679 0.770215
vt 0.2937991 0.7706247
vt 0.294203 0.7704623
vt 0.2941742 0.8020266
vt 0.29368 0.8020254
vt 0.293679 0.8024534
vt 0.2941732 0.8024545
vt 0.006994196 0.9207711
vt 0.006995228 0.9212011
vt 0.007489382 0.9212011
vt 0.007488348 0.9207711
vt 0.8480166 0.792897
vt 0.8485107 0.792897
vt 0.848509 0.7924684
vt 0.8480148 0.7924684
vt 0.9050195 0.7604081
vt 0.9045253 0.7604081
vt 0.9045253 0.7608361
vt 0.9050195 0.7608361
vt 0.9050195 0.7923318
vt 0.9045253 0.7923318
vt 0.9045253 0.7927598
vt 0.9050195 0.7927598
vt 0.9186973 0.3652614
vt 0.9186983 0.3656913
vt 0.9191924 0.3656913
vt 0.9191914 0.3652614
vt 0.3161319 0.7556106
vt 0.3156378 0.7556063
vt 0.3156341 0.7560343
vt 0.3161283 0.7560385
vt 0.8480412 0.1981354
vt 0.8485354 0.1981354
vt 0.8485336 0.1977068
vt 0.8480395 0.1977068
vt 0.3091044 0.7700269
vt 0.3086103 0.7700269
vt 0.3086103 0.7704549
vt 0.3091044 0.7704549
vt 0.8183085 0.1829116
vt 0.8183067 0.182483
vt 0.8178126 0.182483
vt 0.8178144 0.1829116
vt 0.3091044 0.8019507
vt 0.3086103 0.8019507
vt 0.3086103 0.8023787
vt 0.3091044 0.8023787
vt 0.9194269 0.7604081
vt 0.9194279 0.7608381
vt 0.919922 0.7608381
vt 0.919921 0.7604081
vt 0.8472875 0.3976905
vt 0.8477817 0.3976905
vt 0.8477799 0.3972619
vt 0.8472857 0.3972619
vt 0.9042898 0.3652613
vt 0.9037957 0.3652613
vt 0.9037957 0.3656892
vt 0.9042898 0.3656892
vt 0.9042898 0.397185
vt 0.9037957 0.397185
vt 0.9037957 0.397613
vt 0.9042898 0.397613
vt 0.9689316 0.2928849
vt 0.9693356 0.292723
vt 0.9694536 0.2723017
vt 0.9689595 0.2723
vt 0.2785194 0.9745556
vt 0.2780914 0.9741277
vt 0.2776734 0.9745442
vt 0.2780998 0.9749762
vt 0.2771792 0.9750435
vt 0.2777098 0.9536061
vt 0.2771385 0.9533665
vt 0.2776734 0.9745442
vt 0.2780998 0.9749762
vt 0.2776057 0.9754704
vt 0.2942361 0.9754704
vt 0.2937419 0.9749762
vt 0.2941684 0.9745442
vt 0.2946625 0.9750435
vt 0.2947036 0.9533665
vt 0.2941323 0.9536061
vt 0.9188512 0.1934904
vt 0.9192777 0.1930586
vt 0.9188598 0.1926438
vt 0.9184318 0.1930718
vt 0.9184044 0.1716239
vt 0.9188979 0.172059
vt 0.9192433 0.1714642
vt 0.9189397 0.1707105
vt 0.9198102 0.1709906
vt 0.9192433 0.1714642
vt 0.9192777 0.1930586
vt 0.9197719 0.1935576
vt 0.9188512 0.1934904
vt 0.9193453 0.1939845
vt 0.9032091 0.1934904
vt 0.902715 0.1939845
vt 0.9027826 0.1930586
vt 0.9022884 0.1935576
vt 0.9028165 0.1714642
vt 0.9022496 0.1709906
vt 0.2776057 0.9754704
vt 0.2771792 0.9750435
vt 0.2767594 0.9754596
vt 0.2771874 0.9758875
vt 0.2941112 0.6201956
vt 0.2941069 0.6206897
vt 0.3164436 0.6208373
vt 0.3168505 0.6204373
vt 0.3168435 0.6212442
vt 0.3172505 0.6208442
vt 0.3165125 0.654321
vt 0.3170067 0.6543253
vt 0.3162217 0.6880034
vt 0.3167158 0.6880077
vt 0.3159308 0.7216858
vt 0.3164249 0.7216901
vt 0.3156378 0.7556063
vt 0.3161319 0.7556106
vt 0.3168435 0.6212442
vt 0.3164436 0.6208373
vt 0.3161985 0.6210814
vt 0.3165965 0.6214848
vt 0.3174984 0.6206026
vt 0.3170971 0.6201919
vt 0.3168505 0.6204373
vt 0.3172505 0.6208442
vt 0.9197638 0.1944038
vt 0.9201918 0.1939758
vt 0.9197719 0.1935576
vt 0.9193453 0.1939845
vt 0.8626059 0.397262
vt 0.8631001 0.397262
vt 0.8631001 0.3824578
vt 0.8626059 0.3824578
vt 0.2937516 0.9741277
vt 0.2933236 0.9745556
vt 0.2937419 0.9749762
vt 0.2941684 0.9745442
vt 0.9027826 0.1930586
vt 0.9032091 0.1934904
vt 0.9036276 0.1930718
vt 0.9031996 0.1926438
vt 0.2946625 0.9750435
vt 0.2942361 0.9754704
vt 0.2946556 0.9758875
vt 0.2950836 0.9754596
vt 0.8332083 0.1829115
vt 0.8327142 0.1829115
vt 0.8327142 0.2003798
vt 0.8332083 0.2003798
vt 0.9018676 0.1939758
vt 0.9022956 0.1944038
vt 0.902715 0.1939845
vt 0.9022884 0.1935576
vt 0.7580888 0.94652
vt 0.7575947 0.9465217
vt 0.7577128 0.966943
vt 0.7581168 0.9671049
vt 0.9031203 0.1707105
vt 0.9028165 0.1714642
vt 0.9031613 0.172059
vt 0.9036548 0.1716239
vt 0.9265967 0.7451268
vt 0.9261987 0.7455302
vt 0.926443 0.7457728
vt 0.9268429 0.7453657
vt 0.9268501 0.7461726
vt 0.9041064 0.7459255
vt 0.9041108 0.7464196
vt 0.926443 0.7457728
vt 0.9268429 0.7453657
vt 0.92725 0.7457656
vt 0.9269984 0.7122847
vt 0.9265043 0.7122892
vt 0.9266999 0.6786028
vt 0.9262058 0.6786072
vt 0.9264013 0.6449208
vt 0.9259072 0.6449252
vt 0.9261007 0.6110008
vt 0.9256065 0.6110052
vt 0.92725 0.7457656
vt 0.9268501 0.7461726
vt 0.9270976 0.7464196
vt 0.9274988 0.7460088
vt 0.8633974 0.1825726
vt 0.8629394 0.182483
vt 0.8629394 0.1974123
vt 0.8633974 0.1973222
vt 0.2784559 0.9528425
vt 0.2784566 0.9532972
vt 0.2933859 0.9532972
vt 0.2933852 0.9528425
vt 0.9046304 0.3510831
vt 0.9046301 0.3512729
vt 0.9204494 0.3512729
vt 0.9204497 0.3510831
vt 0.6574562 0.9095595
vt 0.6570292 0.9099902
vt 0.6574477 0.9104096
vt 0.6578756 0.9099817
vt 0.9588719 0.1578708
vt 0.9583778 0.1578701
vt 0.9583774 0.1892709
vt 0.9587806 0.1894348
vt 0.656495 0.9421489
vt 0.657066 0.9419088
vt 0.6570292 0.9099902
vt 0.6565341 0.9093124
vt 0.6574562 0.9095595
vt 0.6574562 0.9090654
vt 0.6730982 0.9095595
vt 0.6570282 0.9086374
vt 0.6570286 0.8763047
vt 0.6565344 0.8756298
vt 0.6730982 0.9090654
vt 0.6574565 0.8758768
vt 0.6740203 0.9093124
vt 0.6735252 0.9099902
vt 0.6734882 0.9419088
vt 0.6740593 0.9421489
vt 0.6735262 0.9086374
vt 0.6740207 0.8756298
vt 0.6735265 0.8763047
vt 0.6730986 0.8758768
vt 0.6574565 0.8753827
vt 0.6730986 0.8753827
vt 0.6570286 0.8749548
vt 0.6735265 0.8749548
vt 0.6570289 0.8426221
vt 0.6740211 0.8419471
vt 0.6565348 0.8419471
vt 0.6735269 0.8426221
vt 0.6574569 0.8421942
vt 0.6730989 0.8421942
vt 0.6574569 0.8417001
vt 0.673099 0.8417001
vt 0.6570289 0.8412721
vt 0.6735269 0.8412721
vt 0.6570293 0.8089395
vt 0.6565351 0.8084453
vt 0.6574572 0.8085116
vt 0.6569631 0.8080174
vt 0.6740214 0.8084453
vt 0.6735272 0.8089395
vt 0.6730993 0.8085116
vt 0.6735935 0.8080174
vt 0.9204497 0.3510831
vt 0.9207525 0.3503265
vt 0.9204078 0.3497359
vt 0.9199142 0.3501713
vt 0.9199415 0.3177437
vt 0.9203695 0.3181717
vt 0.9207881 0.317754
vt 0.9203611 0.3173234
vt 0.9212832 0.3170763
vt 0.9207525 0.3503265
vt 0.9213206 0.3508025
vt 0.9207881 0.317754
vt 0.9203611 0.3173234
vt 0.9203611 0.3168292
vt 0.9207891 0.3164013
vt 0.9047191 0.3168292
vt 0.9212831 0.2833928
vt 0.9207889 0.2840679
vt 0.9047191 0.3173234
vt 0.9203609 0.2836399
vt 0.903797 0.3170763
vt 0.9042911 0.3164013
vt 0.904292 0.317754
vt 0.9042909 0.2840679
vt 0.9037593 0.3508025
vt 0.9043274 0.3503265
vt 0.9037968 0.2833928
vt 0.9047189 0.2836399
vt 0.9047189 0.2831458
vt 0.9203609 0.2831458
vt 0.9042909 0.2827178
vt 0.9207889 0.2827178
vt 0.9042907 0.2503844
vt 0.9212829 0.2497094
vt 0.9037966 0.2497094
vt 0.9207887 0.2503844
vt 0.9047187 0.2499564
vt 0.9203607 0.2499564
vt 0.9047187 0.2494623
vt 0.9203607 0.2494623
vt 0.9042907 0.2490343
vt 0.9207887 0.2490343
vt 0.9042906 0.2167009
vt 0.9037964 0.2162068
vt 0.9047185 0.216273
vt 0.9042243 0.2157788
vt 0.9212827 0.2162068
vt 0.9207885 0.2167009
vt 0.9203606 0.216273
vt 0.9208547 0.2157788
vt 0.8629786 0.7920856
vt 0.8634363 0.7921737
vt 0.8633714 0.7772446
vt 0.8629145 0.7773361
vt 0.9043274 0.3503265
vt 0.9046304 0.3510831
vt 0.9051647 0.3501713
vt 0.9046713 0.3497359
vt 0.294203 0.7704623
vt 0.2937991 0.7706247
vt 0.29368 0.8020254
vt 0.2941742 0.8020266
vt 0.6726799 0.9099817
vt 0.6731078 0.9104096
vt 0.6735252 0.9099902
vt 0.6730982 0.9095595
vt 0.9047191 0.3173234
vt 0.904292 0.317754
vt 0.9047093 0.3181717
vt 0.9051373 0.3177437
vt 0.8775826 0.3820381
vt 0.8770884 0.3820381
vt 0.8770884 0.3968424
vt 0.8775826 0.3968424
vt 0.6574569 0.8421942
vt 0.6570289 0.8426221
vt 0.6574484 0.8430443
vt 0.6578764 0.8426164
vt 0.007489382 0.9212011
vt 0.006995228 0.9212011
vt 0.006995228 0.9526965
vt 0.007489382 0.9526965
vt 0.657876 0.874967
vt 0.6574481 0.8745391
vt 0.6570286 0.8749548
vt 0.6574565 0.8753827
vt 0.9203609 0.2831458
vt 0.9207889 0.2827178
vt 0.9203693 0.2823003
vt 0.9199414 0.2827282
vt 0.9199412 0.2503767
vt 0.9203691 0.2508047
vt 0.9207887 0.2503844
vt 0.9203607 0.2499564
vt 0.8480148 0.7924684
vt 0.848509 0.7924684
vt 0.848509 0.7776642
vt 0.8480148 0.7776642
vt 0.6731082 0.8745391
vt 0.6726803 0.874967
vt 0.6730986 0.8753827
vt 0.6735265 0.8749548
vt 0.9042909 0.2827178
vt 0.9047189 0.2831458
vt 0.9051371 0.2827282
vt 0.9047092 0.2823003
vt 0.9050195 0.7608361
vt 0.9045253 0.7608361
vt 0.9045253 0.7923318
vt 0.9050195 0.7923318
vt 0.6726806 0.8426164
vt 0.6731085 0.8430443
vt 0.6735269 0.8426221
vt 0.6730989 0.8421942
vt 0.9047187 0.2499564
vt 0.9042907 0.2503844
vt 0.904709 0.2508047
vt 0.9051369 0.2503767
vt 0.8778799 0.182483
vt 0.8773857 0.182483
vt 0.8773857 0.1972873
vt 0.8778799 0.1972873
vt 0.6574572 0.8085116
vt 0.6570293 0.8089395
vt 0.6574488 0.8093616
vt 0.6578767 0.8089337
vt 0.9191924 0.3656913
vt 0.9186983 0.3656913
vt 0.9186978 0.3971868
vt 0.919192 0.3971868
vt 0.6578764 0.8412844
vt 0.6574484 0.8408565
vt 0.6570289 0.8412721
vt 0.6574569 0.8417001
vt 0.9203607 0.2494623
vt 0.9207887 0.2490343
vt 0.9203691 0.2486168
vt 0.9199412 0.2490448
vt 0.919941 0.2166933
vt 0.920369 0.2171212
vt 0.9207885 0.2167009
vt 0.9203606 0.216273
vt 0.6565447 0.8076017
vt 0.6561168 0.8080297
vt 0.6565351 0.8084453
vt 0.6569631 0.8080174
vt 0.9208547 0.2157788
vt 0.9212827 0.2162068
vt 0.921701 0.2157892
vt 0.921273 0.2153613
vt 0.8480395 0.1977068
vt 0.8485336 0.1977068
vt 0.8485336 0.1829026
vt 0.8480395 0.1829026
vt 0.6731086 0.8408565
vt 0.6726806 0.8412844
vt 0.673099 0.8417001
vt 0.6735269 0.8412721
vt 0.9042907 0.2490343
vt 0.9047187 0.2494623
vt 0.9051369 0.2490448
vt 0.904709 0.2486168
vt 0.3091044 0.7704549
vt 0.3086103 0.7704549
vt 0.3086103 0.8019507
vt 0.3091044 0.8019507
vt 0.672681 0.8089337
vt 0.6731089 0.8093616
vt 0.6735272 0.8089395
vt 0.6730993 0.8085116
vt 0.9047185 0.216273
vt 0.9042906 0.2167009
vt 0.9047089 0.2171212
vt 0.9051368 0.2166933
vt 0.6735935 0.8080174
vt 0.6740214 0.8084453
vt 0.6744409 0.8080297
vt 0.674013 0.8076017
vt 0.9038048 0.2153613
vt 0.9033768 0.2157892
vt 0.9037964 0.2162068
vt 0.9042243 0.2157788
vt 0.8779188 0.7772446
vt 0.8774247 0.7772446
vt 0.8774247 0.7920489
vt 0.8779188 0.7920489
vt 0.8178144 0.2003798
vt 0.8183085 0.2003798
vt 0.8183085 0.1829116
vt 0.8178144 0.1829116
vt 0.6574565 0.8758768
vt 0.6570286 0.8763047
vt 0.6574481 0.8767269
vt 0.657876 0.876299
vt 0.919922 0.7608381
vt 0.9194279 0.7608381
vt 0.9194274 0.7923335
vt 0.9199215 0.7923335
vt 0.6578757 0.9086497
vt 0.6574477 0.9082218
vt 0.6570282 0.9086374
vt 0.6574562 0.9090654
vt 0.9203611 0.3168292
vt 0.9207891 0.3164013
vt 0.9203695 0.3159838
vt 0.9199415 0.3164117
vt 0.9199414 0.2840602
vt 0.9203693 0.2844882
vt 0.9207889 0.2840679
vt 0.9203609 0.2836399
vt 0.8472857 0.3972619
vt 0.8477799 0.3972619
vt 0.8477799 0.3824577
vt 0.8472857 0.3824577
vt 0.6731079 0.9082218
vt 0.6726799 0.9086497
vt 0.6730982 0.9090654
vt 0.6735262 0.9086374
vt 0.9042911 0.3164013
vt 0.9047191 0.3168292
vt 0.9051373 0.3164117
vt 0.9047093 0.3159838
vt 0.9042898 0.3656892
vt 0.9037957 0.3656892
vt 0.9037957 0.397185
vt 0.9042898 0.397185
vt 0.6726803 0.876299
vt 0.6731082 0.8767269
vt 0.6735265 0.8763047
vt 0.6730986 0.8758768
vt 0.9047189 0.2836399
vt 0.9042909 0.2840679
vt 0.9047092 0.2844882
vt 0.9051371 0.2840602
vt 0.900555 0.5793052
vt 0.9000608 0.5793052
vt 0.9000608 0.5941095
vt 0.900555 0.5941095
vt 0.3009133 0.9388541
vt 0.302008 0.9381227
vt 0.2850238 0.9127496
vt 0.2838074 0.9132535
vt 0.278076 0.8778212
vt 0.2767594 0.8778211
vt 0.2850238 0.8428928
vt 0.2838074 0.842389
vt 0.302008 0.8175201
vt 0.3009133 0.8167886
vt 0.1853321 0.8921327
vt 0.1840428 0.8921323
vt 0.1840428 0.9509009
vt 0.1853321 0.9509012
vt 0.08509527 0.9288992
vt 0.05489296 0.923556
vt 0.05489296 0.928893
vt 0.09033043 0.9235633
vt 0.08509527 0.9876677
vt 0.09033043 0.9930058
vt 0.05489296 0.9876615
vt 0.05489296 0.9929985
vt 0.05489296 0.928893
vt 0.05489296 0.923556
vt 0.02484099 0.9235352
vt 0.02484099 0.9288722
vt 0.02484099 0.9876407
vt 0.02484099 0.9929777
vt 0.05489296 0.9929985
vt 0.05489296 0.9876615
vt 0.09052118 0.8454047
vt 0.09052118 0.8400677
vt 0.06032746 0.8400949
vt 0.06032746 0.8454319
vt 0.06032746 0.9042004
vt 0.06032746 0.9095374
vt 0.09052118 0.9095102
vt 0.09052118 0.9041732
vt 0.06032746 0.8454319
vt 0.06032746 0.8400949
vt 0.02484099 0.8401042
vt 0.03008337 0.8454399
vt 0.02484099 0.9095467
vt 0.03008337 0.9042084
vt 0.06032746 0.9095374
vt 0.06032746 0.9042004
vt 0.1840428 0.878144
vt 0.185334 0.8781437
vt 0.185334 0.8193752
vt 0.1840428 0.8193755
vt 0.7321699 0.8356372
vt 0.7503706 0.8107678
vt 0.7492759 0.8100364
vt 0.7333863 0.836141
vt 0.7251219 0.8710699
vt 0.7264385 0.8710699
vt 0.7321699 0.9065026
vt 0.7333863 0.9059988
vt 0.7492759 0.9321035
vt 0.7503706 0.931372
vt 0.8155879 0.441169
vt 0.8860723 0.5759029
vt 0.8860715 0.4143985
vt 0.8155877 0.4143985
vt 0.8173954 0.006994222
vt 0.8173937 0.1684946
vt 0.887879 0.03376403
vt 0.8878793 0.006994214
vt 0.7111334 0.9451319
vt 0.7111335 0.8100649
vt 0.6884293 0.8100365
vt 0.6884293 0.9451035
vt 0.1112016 0.2380875
vt 0.1007852 0.2380875
vt 0.1007854 0.4207014
vt 0.1112017 0.4207014
vt 0.8328766 0.2153613
vt 0.7738505 0.2153613
vt 0.7738506 0.3979752
vt 0.8328768 0.3979752
vt 0.9387934 0.5858369
vt 0.9381194 0.586116
vt 0.9382775 0.5863527
vt 0.9394326 0.5874879
vt 0.9382281 0.5844722
vt 0.9398378 0.5868813
vt 0.9375127 0.5846145
vt 0.9410601 0.588162
vt 0.9382281 0.5829951
vt 0.9412025 0.5874466
vt 0.9375127 0.5828528
vt 0.9428219 0.588162
vt 0.9387934 0.5816305
vt 0.9426795 0.5874466
vt 0.9381869 0.5812252
vt 0.9443234 0.5875552
vt 0.9398378 0.580586
vt 0.9393221 0.5800702
vt 0.9395587 0.5799121
vt 0.9412025 0.5800207
vt 0.9410602 0.5793053
vt 0.9426796 0.5800207
vt 0.9428219 0.5793053
vt 0.9440442 0.580586
vt 0.9444494 0.5799794
vt 0.9440442 0.5868813
vt 0.94456 0.5873971
vt 0.9456952 0.5862421
vt 0.9450886 0.5858368
vt 0.9463693 0.5846145
vt 0.9456539 0.5844722
vt 0.9463693 0.5828528
vt 0.9456539 0.5829951
vt 0.9457626 0.5813513
vt 0.9450886 0.5816304
vt 0.9456044 0.5811146
vt 0.9221814 0.5816923
vt 0.9227419 0.5811318
vt 0.9215774 0.5799888
vt 0.9229138 0.581389
vt 0.921137 0.5806479
vt 0.9199269 0.5793052
vt 0.9227467 0.583057
vt 0.9235242 0.5829024
vt 0.9227467 0.5845341
vt 0.9235242 0.5846888
vt 0.9197723 0.5800827
vt 0.9181405 0.5793052
vt 0.9221814 0.5858988
vt 0.9228405 0.5863392
vt 0.9182952 0.5800827
vt 0.9166272 0.5799155
vt 0.921137 0.5869433
vt 0.9216975 0.5875038
vt 0.9214403 0.5876756
vt 0.9169306 0.5806479
vt 0.91637 0.5800874
vt 0.9152269 0.581252
vt 0.9197723 0.5875085
vt 0.9199269 0.588286
vt 0.915886 0.5816923
vt 0.9145433 0.5829024
vt 0.9182952 0.5875085
vt 0.9181405 0.588286
vt 0.9153208 0.583057
vt 0.9145433 0.5846888
vt 0.9169306 0.5869433
vt 0.9164901 0.5876024
vt 0.9153208 0.5845341
vt 0.9151537 0.5862021
vt 0.915886 0.5858988
vt 0.9153255 0.5864593
vt 0.1685319 0.9382066
vt 0.1700544 0.9375759
vt 0.1700537 0.8215283
vt 0.1685312 0.8208976
vt 0.1699483 0.8208629
vt 0.1699491 0.9382413
vt 0.1696425 0.8202627
vt 0.1696432 0.9388415
vt 0.1691661 0.8197864
vt 0.1691669 0.9393178
vt 0.1685659 0.8194805
vt 0.1685667 0.9396237
vt 0.1679013 0.939729
vt 0.1679006 0.8193752
vt 0.1683866 0.9380612
vt 0.1683859 0.821043
vt 0.1302879 0.9380612
vt 0.1302871 0.821043
vt 0.1307732 0.939729
vt 0.1301425 0.9382066
vt 0.1301078 0.9396237
vt 0.1295076 0.9393178
vt 0.1290312 0.9388415
vt 0.1287254 0.9382413
vt 0.1307724 0.8193752
vt 0.1301418 0.8208976
vt 0.12862 0.9375759
vt 0.1301071 0.8194805
vt 0.1286193 0.8215283
vt 0.1295068 0.8197864
vt 0.1287247 0.8208629
vt 0.1290305 0.8202627
vt 0.2424588 0.9380615
vt 0.2441234 0.9368411
vt 0.2441234 0.8222563
vt 0.2424587 0.8210359
vt 0.2439822 0.8213648
vt 0.2439822 0.9377326
vt 0.2435724 0.8205605
vt 0.2435725 0.9385369
vt 0.2429341 0.8199222
vt 0.2429342 0.9391751
vt 0.2421298 0.8195124
vt 0.2421299 0.939585
vt 0.2412384 0.9397262
vt 0.2412383 0.8193712
vt 0.2424556 0.9380583
vt 0.2424555 0.8210391
vt 0.2043568 0.9380583
vt 0.2043567 0.8210391
vt 0.205574 0.9397262
vt 0.2043536 0.9380615
vt 0.2046825 0.939585
vt 0.2038782 0.9391752
vt 0.20324 0.9385369
vt 0.2028302 0.9377326
vt 0.205574 0.8193712
vt 0.2043535 0.8210359
vt 0.202689 0.9368411
vt 0.2046824 0.8195124
vt 0.2026889 0.8222563
vt 0.2038781 0.8199222
vt 0.2028301 0.8213648
vt 0.2032399 0.8205605
vt 0.1286378 0.5850845
vt 0.1286193 0.6062034
vt 0.3112327 0.6062014
vt 0.1286193 0.4235915
vt 0.1513419 0.5850842
vt 0.1286378 0.4503514
vt 0.3112327 0.4235894
vt 0.1513419 0.551401
vt 0.1513419 0.4503511
vt 0.1513419 0.5177177
vt 0.1513419 0.4840344
vt 0.1334849 0.008099787
vt 0.1332071 0.01158207
vt 0.1361488 0.007563882
vt 0.3184101 0.01158206
vt 0.1312336 0.009608584
vt 0.3154685 0.007563874
vt 0.1297248 0.0118598
vt 0.3181323 0.008099779
vt 0.3203836 0.009608575
vt 0.3218924 0.01185979
vt 0.3224283 0.01452369
vt 0.1291889 0.0145237
vt 0.3184069 0.01158529
vt 0.3224283 0.1938434
vt 0.3184069 0.1967818
vt 0.3184101 0.196785
vt 0.3218924 0.1965073
vt 0.3203836 0.1987585
vt 0.3181324 0.2002673
vt 0.1348439 0.0115853
vt 0.3154685 0.2008032
vt 0.1332071 0.196785
vt 0.1332104 0.1967818
vt 0.1361488 0.2008032
vt 0.1334849 0.2002673
vt 0.1312336 0.1987585
vt 0.1297249 0.1965073
vt 0.129189 0.1938434
vt 0.1332104 0.01321881
vt 0.1332104 0.0115853
vt 0.1343391 0.01166524
vt 0.1332903 0.01271401
vt 0.1338837 0.01189726
vt 0.1335223 0.01225864
vt 0.3202385 0.2179809
vt 0.3182647 0.2199545
vt 0.3217472 0.2202321
vt 0.3179873 0.2164721
vt 0.3153234 0.2159361
vt 0.1332116 0.2199524
vt 0.1361534 0.2159341
vt 0.1334896 0.21647
vt 0.1312384 0.2179787
vt 0.1297296 0.2202299
vt 0.1291937 0.2228938
vt 0.3222831 0.222896
vt 0.1332148 0.2199556
vt 0.3182615 0.2199577
vt 0.1332148 0.4050038
vt 0.3182615 0.405006
vt 0.3182648 0.4050092
vt 0.1332116 0.4050071
vt 0.1291937 0.4020653
vt 0.3222832 0.4020675
vt 0.1297296 0.4047292
vt 0.3217473 0.4047314
vt 0.1312384 0.4069804
vt 0.3202385 0.4069825
vt 0.3179873 0.4084913
vt 0.3153234 0.4090272
vt 0.1334896 0.4084892
vt 0.1361535 0.4090251
vt 0.2103844 9.133957E-08
vt 0 0
vt 0 1
vt 0.2103844 1
vt 0.5 9.082153E-08
vt 0.5 1
vt 0.7896156 9.133957E-08
vt 0.7896156 1
vt 1 9.260594E-08
vt 1 1
vt 0.7400274 0.3282115
vt 0.7553971 0.3282115
vt 0.7553971 0.007552123
vt 0.7400274 0.007552123
vt 0.6944492 0.007552092
vt 0.6790794 0.007552093
vt 0.6790795 0.9924479
vt 0.6944492 0.9924479
vt 0.7249231 0.007552091
vt 0.7095534 0.007552091
vt 0.7095535 0.9924479
vt 0.7249232 0.9924479
vt 0.7553971 0.3433157
vt 0.7400274 0.3433157
vt 0.7400274 0.6639751
vt 0.7553971 0.6639751
vt 0.007552166 0.9924479
vt 0.3282115 0.9924479
vt 0.3282115 0.007552108
vt 0.007552123 0.007552122
vt 0.3433157 0.007552107
vt 0.3433158 0.9924479
vt 0.6639751 0.9924479
vt 0.6639751 0.007552093
vt 0.89136 0.4442165
vt 0.9480551 0.4442165
vt 0.9480551 0.2343408
vt 0.89136 0.2343408
vt 0.4833929 0.7357861
vt 0.4833929 0.6576262
vt 0.2735173 0.6576262
vt 0.2735173 0.7357861
vt 0.8913601 0.2180307
vt 0.9480554 0.2180307
vt 0.9480554 0.008155069
vt 0.8913601 0.008155069
vt 0.991845 0.5320989
vt 0.991845 0.4696816
vt 0.7819694 0.4696816
vt 0.7819694 0.5320989
vt 0.6980937 0.5255072
vt 0.7408971 0.6250595
vt 0.765659 0.5667151
vt 0.6575704 0.5742387
vt 0.6452693 0.4665725
vt 0.5924234 0.5015559
vt 0.6116684 0.3949122
vt 0.550984 0.4131789
vt 0.6001421 0.3166072
vt 0.5367689 0.3166071
vt 0.6116684 0.2383022
vt 0.5509841 0.2200354
vt 0.6452695 0.1666419
vt 0.5924236 0.1316585
vt 0.698094 0.1077074
vt 0.6575707 0.05897581
vt 0.7656592 0.06649937
vt 0.7408974 0.008155048
vt 0.9918451 0.8980517
vt 0.9918451 0.8045806
vt 0.7819694 0.8045806
vt 0.7819694 0.8980517
vt 0.7466445 0.7009385
vt 0.7466445 0.6413696
vt 0.5367689 0.6413696
vt 0.5367689 0.7009385
vt 0.7466445 0.8514383
vt 0.7466445 0.7729997
vt 0.5367688 0.7729997
vt 0.5367688 0.8514383
vt 0.7896388 0.008155053
vt 0.7875844 0.008155053
vt 0.7875844 0.07438028
vt 0.7896388 0.07438028
vt 0.9918451 0.7069679
vt 0.9918451 0.6134968
vt 0.7819694 0.6134968
vt 0.7819694 0.7069679
vt 0.2180308 0.8443864
vt 0.2180307 0.7480184
vt 0.008155102 0.7480185
vt 0.008155123 0.8443864
vt 0.4833929 0.8862859
vt 0.4833929 0.8142247
vt 0.2735173 0.8142247
vt 0.2735173 0.886286
vt 0.4833929 0.9458548
vt 0.4833929 0.8862859
vt 0.2735173 0.886286
vt 0.2735173 0.9458548
vt 0.2180307 0.7480184
vt 0.2180307 0.6602179
vt 0.008155063 0.6602179
vt 0.008155102 0.7480185
vt 0.8169864 0.008155052
vt 0.8149321 0.008155052
vt 0.8149322 0.09908393
vt 0.8169865 0.09908393
vt 0.9918451 0.8045806
vt 0.9918451 0.7069679
vt 0.7819694 0.7069679
vt 0.7819694 0.8045806
vt 0.7466445 0.7729997
vt 0.7466445 0.7009385
vt 0.5367689 0.7009385
vt 0.5367688 0.7729997
vt 0.7466445 0.9295983
vt 0.7466445 0.8514383
vt 0.5367688 0.8514383
vt 0.5367688 0.9295983
vt 0.8673805 0.1357983
vt 0.8694348 0.1357983
vt 0.8694348 0.06690347
vt 0.8673804 0.06690347
vt 0.9918451 0.6134968
vt 0.991845 0.5320989
vt 0.7819694 0.5320989
vt 0.7819694 0.6134968
vt 0.2180308 0.9411439
vt 0.2180308 0.8443864
vt 0.008155123 0.8443864
vt 0.008155093 0.9411439
vt 0.4833929 0.8142247
vt 0.4833929 0.7357861
vt 0.2735173 0.7357861
vt 0.2735173 0.8142247
vt 0.7896388 0.3565701
vt 0.7875845 0.3565701
vt 0.7875845 0.4533714
vt 0.7896388 0.4533714
vt 0.8400328 0.09274075
vt 0.8420871 0.09274075
vt 0.8420871 0.008155053
vt 0.8400328 0.008155053
vt 0.8400328 0.2366276
vt 0.8420871 0.2366276
vt 0.8420871 0.1677328
vt 0.8400328 0.1677328
vt 0.7896388 0.07438028
vt 0.7875844 0.07438028
vt 0.7875845 0.1586782
vt 0.7896388 0.1586782
vt 0.8673804 0.06690347
vt 0.8694348 0.06690347
vt 0.8694348 0.009952029
vt 0.8673804 0.009952029
vt 0.5170906 0.6576261
vt 0.5150362 0.6576261
vt 0.5150362 0.7299348
vt 0.5170906 0.7299348
vt 0.8169865 0.09908393
vt 0.8149322 0.09908393
vt 0.8149322 0.1988852
vt 0.8169865 0.1988852
vt 0.8673804 0.2107904
vt 0.8694348 0.2107904
vt 0.8694348 0.1357983
vt 0.8673805 0.1357983
vt 0.7896388 0.2554796
vt 0.7875845 0.2554796
vt 0.7875845 0.3565701
vt 0.7896388 0.3565701
vt 0.8673805 0.2953762
vt 0.8694348 0.2953762
vt 0.8694348 0.2107904
vt 0.8673804 0.2107904
vt 0.7896388 0.1586782
vt 0.7875845 0.1586782
vt 0.7875845 0.2554796
vt 0.7896388 0.2554796
vt 0.253839 0.6602179
vt 0.2517847 0.6602179
vt 0.2517847 0.7325265
vt 0.253839 0.7325265
vt 0.8400328 0.1677328
vt 0.8420871 0.1677328
vt 0.8420871 0.09274075
vt 0.8400328 0.09274075
vt 0.8169865 0.1988852
vt 0.8149322 0.1988852
vt 0.8149322 0.3057937
vt 0.8169865 0.3057937
vt 0.3067119 0.01597261
vt 0.3041516 0.008155065
vt 0.2735189 0.07735389
vt 0.2805226 0.07511891
vt 0.5094211 0.728626
vt 0.5150362 0.7299348
vt 0.5150362 0.6576261
vt 0.5094211 0.6604195
vt 0.3471405 0.5306652
vt 0.343441 0.526275
vt 0.2735172 0.572117
vt 0.2805207 0.574352
vt 0.8750499 0.2108189
vt 0.8694348 0.2107904
vt 0.8694348 0.2953762
vt 0.8750499 0.2937838
vt 0.2805207 0.574352
vt 0.2735172 0.572117
vt 0.3041494 0.6413161
vt 0.3067097 0.6334985
vt 0.2461696 0.7297332
vt 0.2517847 0.7325265
vt 0.2517847 0.6602179
vt 0.2461696 0.6615266
vt 0.3926237 0.0641085
vt 0.3962101 0.0597364
vt 0.3041516 0.008155065
vt 0.3067119 0.01597261
vt 0.7819694 0.0759526
vt 0.7875844 0.07438028
vt 0.7875844 0.008155053
vt 0.7819693 0.01151022
vt 0.4323209 0.2475479
vt 0.4268133 0.249191
vt 0.437932 0.3247361
vt 0.4436804 0.3247361
vt 0.8477022 0.2379073
vt 0.8420871 0.2366276
vt 0.8420871 0.2935791
vt 0.8477022 0.2953762
vt 0.5004449 0.4224321
vt 0.5058374 0.4240702
vt 0.5204586 0.3247363
vt 0.5148255 0.3247363
vt 0.7819694 0.4523718
vt 0.7875845 0.4533714
vt 0.7875845 0.3565701
vt 0.7819694 0.3562272
vt 0.5004456 0.2270403
vt 0.505838 0.2254023
vt 0.4632163 0.1344976
vt 0.4585259 0.1376353
vt 0.7819694 0.2558225
vt 0.7875845 0.2554796
vt 0.7875845 0.1586782
vt 0.7819694 0.159678
vt 0.347142 0.1188062
vt 0.3434425 0.1231964
vt 0.3944001 0.1800558
vt 0.3992052 0.1769072
vt 0.8477022 0.0927122
vt 0.8420871 0.09274075
vt 0.8420871 0.1677328
vt 0.8477022 0.1683865
vt 0.4323204 0.4019241
vt 0.4268128 0.400281
vt 0.3943991 0.4694159
vt 0.3992042 0.4725646
vt 0.8750499 0.06562389
vt 0.8694348 0.06690347
vt 0.8694348 0.1357983
vt 0.8750499 0.1351448
vt 0.3926219 0.5853632
vt 0.3962083 0.5897353
vt 0.4632149 0.5149746
vt 0.4585245 0.5118369
vt 0.8093171 0.1989175
vt 0.8149322 0.1988852
vt 0.8149322 0.09908393
vt 0.8093171 0.09979335
vt 0.4585245 0.5118369
vt 0.4632149 0.5149746
vt 0.5058374 0.4240702
vt 0.5004449 0.4224321
vt 0.8093171 0.09979335
vt 0.8149322 0.09908393
vt 0.8149321 0.008155052
vt 0.809317 0.009481276
vt 0.4436804 0.3247361
vt 0.437932 0.3247361
vt 0.4268128 0.400281
vt 0.4323204 0.4019241
vt 0.8750499 0.008155019
vt 0.8694348 0.009952029
vt 0.8694348 0.06690347
vt 0.8750499 0.06562389
vt 0.3992052 0.1769072
vt 0.3944001 0.1800558
vt 0.4268133 0.249191
vt 0.4323209 0.2475479
vt 0.8477022 0.1683865
vt 0.8420871 0.1677328
vt 0.8420871 0.2366276
vt 0.8477022 0.2379073
vt 0.5148255 0.3247363
vt 0.5204586 0.3247363
vt 0.505838 0.2254023
vt 0.5004456 0.2270403
vt 0.7819694 0.3562272
vt 0.7875845 0.3565701
vt 0.7875845 0.2554796
vt 0.7819694 0.2558225
vt 0.4585259 0.1376353
vt 0.4632163 0.1344976
vt 0.3962101 0.0597364
vt 0.3926237 0.0641085
vt 0.7819694 0.159678
vt 0.7875845 0.1586782
vt 0.7875844 0.07438028
vt 0.7819694 0.0759526
vt 0.2805226 0.07511891
vt 0.2735189 0.07735389
vt 0.3434425 0.1231964
vt 0.347142 0.1188062
vt 0.8477023 0.009747303
vt 0.8420871 0.008155053
vt 0.8420871 0.09274075
vt 0.8477022 0.0927122
vt 0.3992042 0.4725646
vt 0.3943991 0.4694159
vt 0.343441 0.526275
vt 0.3471405 0.5306652
vt 0.8750499 0.1351448
vt 0.8694348 0.1357983
vt 0.8694348 0.2107904
vt 0.8750499 0.2108189
vt 0.3067097 0.6334985
vt 0.3041494 0.6413161
vt 0.3962083 0.5897353
vt 0.3926219 0.5853632
vt 0.8093171 0.3029484
vt 0.8149322 0.3057937
vt 0.8149322 0.1988852
vt 0.8093171 0.1989175
vt 0.8400328 0.2935791
vt 0.8420871 0.2935791
vt 0.8420871 0.2366276
vt 0.8400328 0.2366276
vt 0.5170906 0.7299348
vt 0.5204586 0.7291497
vt 0.5204586 0.6593016
vt 0.5170906 0.6576261
vt 0.2258361 0.008155043
vt 0.2243052 0.01284421
vt 0.2530108 0.07767969
vt 0.2572071 0.07902028
vt 0.8673804 0.2107904
vt 0.8640124 0.2108076
vt 0.8640124 0.294421
vt 0.8673805 0.2953762
vt 0.1867309 0.526843
vt 0.1845165 0.5294763
vt 0.2530105 0.5743831
vt 0.2572069 0.5730425
vt 0.253839 0.7325265
vt 0.2572071 0.7308511
vt 0.2572071 0.6610029
vt 0.253839 0.6602179
vt 0.2572069 0.5730425
vt 0.2530105 0.5743831
vt 0.2243048 0.6392186
vt 0.2258358 0.6439078
vt 0.7896388 0.07438028
vt 0.7930068 0.07532337
vt 0.7930068 0.01016754
vt 0.7896388 0.008155053
vt 0.1327523 0.06030715
vt 0.1349085 0.06292965
vt 0.2243052 0.01284421
vt 0.2258361 0.008155043
vt 0.8400328 0.2366276
vt 0.8366647 0.2373952
vt 0.8366647 0.2946571
vt 0.8400328 0.2935791
vt 0.1036539 0.2507587
vt 0.1003549 0.2497731
vt 0.08913057 0.3260313
vt 0.09257405 0.3260313
vt 0.7896388 0.4533714
vt 0.7930069 0.4527718
vt 0.7930069 0.3563644
vt 0.7896388 0.3565701
vt 0.0228168 0.4256367
vt 0.02605643 0.4246542
vt 0.01153908 0.3260313
vt 0.008155037 0.3260313
vt 0.7896388 0.2554796
vt 0.7930069 0.2556852
vt 0.7930069 0.159278
vt 0.7896388 0.1586782
vt 0.02281699 0.2264258
vt 0.02605658 0.2274083
vt 0.0683768 0.1371548
vt 0.06555833 0.1352727
vt 0.8400328 0.09274075
vt 0.8366647 0.09272362
vt 0.8366647 0.1681249
vt 0.8400328 0.1677328
vt 0.1867311 0.1252197
vt 0.1845166 0.1225864
vt 0.1330754 0.1799846
vt 0.135953 0.1818732
vt 0.8673804 0.06690347
vt 0.8640124 0.06613594
vt 0.8640124 0.1354063
vt 0.8673805 0.1357983
vt 0.1036537 0.4013039
vt 0.1003547 0.4022895
vt 0.1330753 0.4720781
vt 0.1359528 0.4701895
vt 0.8169865 0.1988852
vt 0.8203546 0.1989045
vt 0.8203546 0.09950949
vt 0.8169865 0.09908393
vt 0.132752 0.5917555
vt 0.1349082 0.589133
vt 0.06837665 0.5149078
vt 0.06555817 0.5167899
vt 0.8169865 0.09908393
vt 0.8203546 0.09950949
vt 0.8203545 0.008950503
vt 0.8169864 0.008155052
vt 0.06555817 0.5167899
vt 0.06837665 0.5149078
vt 0.02605643 0.4246542
vt 0.0228168 0.4256367
vt 0.8673804 0.009952029
vt 0.8640124 0.008874163
vt 0.8640124 0.06613594
vt 0.8673804 0.06690347
vt 0.09257405 0.3260313
vt 0.08913057 0.3260313
vt 0.1003547 0.4022895
vt 0.1036537 0.4013039
vt 0.8400328 0.1677328
vt 0.8366647 0.1681249
vt 0.8366647 0.2373952
vt 0.8400328 0.2366276
vt 0.135953 0.1818732
vt 0.1330754 0.1799846
vt 0.1003549 0.2497731
vt 0.1036539 0.2507587
vt 0.7896388 0.3565701
vt 0.7930069 0.3563644
vt 0.7930069 0.2556852
vt 0.7896388 0.2554796
vt 0.008155037 0.3260313
vt 0.01153908 0.3260313
vt 0.02605658 0.2274083
vt 0.02281699 0.2264258
vt 0.7896388 0.1586782
vt 0.7930069 0.159278
vt 0.7930068 0.07532337
vt 0.7896388 0.07438028
vt 0.06555833 0.1352727
vt 0.0683768 0.1371548
vt 0.1349085 0.06292965
vt 0.1327523 0.06030715
vt 0.8400328 0.008155053
vt 0.8366647 0.009110105
vt 0.8366647 0.09272362
vt 0.8400328 0.09274075
vt 0.2572071 0.07902028
vt 0.2530108 0.07767969
vt 0.1845166 0.1225864
vt 0.1867311 0.1252197
vt 0.8673805 0.1357983
vt 0.8640124 0.1354063
vt 0.8640124 0.2108076
vt 0.8673804 0.2107904
vt 0.1359528 0.4701895
vt 0.1330753 0.4720781
vt 0.1845165 0.5294763
vt 0.1867309 0.526843
vt 0.8169865 0.3057937
vt 0.8203546 0.3040871
vt 0.8203546 0.1989045
vt 0.8169865 0.1988852
vt 0.2258358 0.6439078
vt 0.2243048 0.6392186
vt 0.1349082 0.589133
vt 0.132752 0.5917555
vt 0.1271561 0.176066
vt 0.1330754 0.1799846
vt 0.1845166 0.1225864
vt 0.1799805 0.1171315
vt 0.09355506 0.2477263
vt 0.2530108 0.07767969
vt 0.1003549 0.2497731
vt 0.2475458 0.07592349
vt 0.08202863 0.3260313
vt 0.2243052 0.01284421
vt 0.08913057 0.3260313
vt 0.222784 0.01757917
vt 0.09355491 0.4043363
vt 0.1349085 0.06292965
vt 0.1003547 0.4022895
vt 0.1394573 0.06839994
vt 0.1271559 0.4759966
vt 0.0683768 0.1371548
vt 0.1330753 0.4720781
vt 0.07431018 0.1410826
vt 0.1799803 0.5349313
vt 0.02605658 0.2274083
vt 0.1845165 0.5294763
vt 0.03287075 0.2294595
vt 0.2475456 0.5761393
vt 0.01153908 0.3260313
vt 0.2530105 0.5743831
vt 0.01865543 0.3260313
vt 0.2227837 0.6344836
vt 0.02605643 0.4246542
vt 0.2243048 0.6392186
vt 0.03287064 0.422603
vt 0.139457 0.5836628
vt 0.06837665 0.5149078
vt 0.1349082 0.589133
vt 0.07430995 0.5109801
vt 0.4552738 0.5096848
vt 0.4585245 0.5118369
vt 0.5004449 0.4224321
vt 0.4967107 0.421308
vt 0.5148255 0.3247363
vt 0.3901307 0.5823673
vt 0.3926219 0.5853632
vt 0.5109254 0.3247363
vt 0.5004456 0.2270403
vt 0.3068095 0.6331878
vt 0.3067097 0.6334985
vt 0.2820495 0.5748433
vt 0.2805207 0.574352
vt 0.3496104 0.5336356
vt 0.3471405 0.5306652
vt 0.4024315 0.4747012
vt 0.3992042 0.4725646
vt 0.4360306 0.403041
vt 0.4323204 0.4019241
vt 0.4475564 0.3247361
vt 0.4436804 0.3247361
vt 0.4360311 0.246431
vt 0.4323209 0.2475479
vt 0.4967114 0.2281645
vt 0.4585259 0.1376353
vt 0.4552751 0.1397874
vt 0.3926237 0.0641085
vt 0.4024326 0.1747706
vt 0.3992052 0.1769072
vt 0.3496119 0.1158358
vt 0.347142 0.1188062
vt 0.2820513 0.07462759
vt 0.2805226 0.07511891
vt 0.3068117 0.01628333
vt 0.3067119 0.01597261
vt 0.3901326 0.06710445
vt 0.2354405 0.8121568
vt 0.2354405 0.8121568
vt 0.2354405 0.8121568
vt 0.9558654 0.08719692
vt 0.9558654 0.08719692
vt 0.9558654 0.008333104
vt 0.08798124 0.6885875
vt 0.009506644 0.639612
vt 0.009506644 0.639612
vt 0.9307977 0.08811749
vt 0.9307976 0.008333151
vt 0.9307976 0.008333151
vt 0.4216531 0.9487579
vt 0.4216531 0.9487579
vt 0.4216531 0.869894
vt 0.9434274 0.8091882
vt 0.9434274 0.8091882
vt 0.9434274 0.7295557
vt 0.2521082 0.6389529
vt 0.2521082 0.6389529
vt 0.2521068 0.7994803
vt 0.8516574 0.2251349
vt 0.8516575 0.225135
vt 0.8516575 0.01470151
vt 0.8181816 0.899852
vt 0.8181816 0.899852
vt 0.8181816 0.899852
vt 0.9315495 0.2328936
vt 0.9315495 0.2328936
vt 0.9315495 0.1531093
vt 0.4216546 0.6286676
vt 0.4216533 0.635036
vt 0.4216546 0.6286675
vt 0.4132532 0.6286678
vt 0.4132519 0.6350363
vt 0.4132533 0.6286679
vt 0.818186 0.008333295
vt 0.818188 0.01470292
vt 0.818186 0.008333197
vt 0.8265874 0.2500263
vt 0.8265897 0.2422692
vt 0.8265896 0.2422692
vt 0.8265873 0.008333657
vt 0.8265893 0.01470332
vt 0.8265893 0.01470333
vt 0.2521082 0.6389529
vt 0.2521068 0.6308903
vt 0.2521082 0.6389529
vt 0.8367223 0.899852
vt 0.8367223 0.899852
vt 0.8367223 0.899852
vt 0.4467239 0.6367302
vt 0.4467224 0.6286676
vt 0.4467222 0.6286675
vt 0.2989976 0.5424004
vt 0.2989998 0.5343387
vt 0.2989976 0.5424002
vt 0.2989998 0.7256252
vt 0.298998 0.7192079
vt 0.298998 0.7192079
vt 0.870055 0.899852
vt 0.870055 0.899852
vt 0.870055 0.899852
vt 0.8432575 0.00833338
vt 0.8432561 0.01470181
vt 0.8432575 0.008333413
vt 0.8015153 0.899852
vt 0.8015153 0.899852
vt 0.8015153 0.899852
vt 0.7931161 0.2500259
vt 0.7931184 0.2422687
vt 0.793116 0.2500259
vt 0.8015174 0.2500263
vt 0.8015198 0.2422691
vt 0.8015196 0.2422691
vt 0.2687745 0.6389519
vt 0.2687768 0.6308903
vt 0.2687768 0.6308903
vt 0.2989978 0.3344474
vt 0.299 0.3263856
vt 0.2989977 0.3344474
vt 0.1225885 0.8141151
vt 0.1225867 0.8076978
vt 0.1225867 0.8076978
vt 0.299 0.5176722
vt 0.298998 0.5112548
vt 0.298998 0.5112548
vt 0.913963 0.3036006
vt 0.913963 0.3036006
vt 0.913963 0.3036006
vt 0.7705594 0.2706446
vt 0.7701748 0.2697162
vt 0.7701749 0.2697162
vt 0.9112747 0.4212574
vt 0.9112747 0.4212574
vt 0.9112747 0.4212574
vt 0.7701749 0.2697162
vt 0.7701748 0.2697162
vt 0.769439 0.267939
vt 0.2008279 0.7598103
vt 0.2008279 0.7598104
vt 0.2011335 0.7605467
vt 0.1059204 0.8534431
vt 0.1059204 0.8534431
vt 0.1059206 0.8542392
vt 0.8265896 0.2422692
vt 0.8265897 0.2422692
vt 0.8265893 0.01470333
vt 0.8265893 0.01470332
vt 0.6961021 0.05815075
vt 0.6961021 0.05815085
vt 0.7759261 0.008333148
vt 0.7759261 0.008333148
vt 0.1059186 0.8076978
vt 0.1059186 0.8076978
vt 0.1059204 0.6308903
vt 0.1059204 0.814115
vt 0.2989976 0.5424004
vt 0.2989976 0.5424002
vt 0.298998 0.7192079
vt 0.298998 0.7192079
vt 0.1809925 0.7914177
vt 0.1809925 0.7914176
vt 0.1809926 0.6308903
vt 0.1809925 0.6308903
vt 0.2687745 0.6389519
vt 0.2687745 0.7994857
vt 0.2687745 0.7994857
vt 0.2687763 0.8059031
vt 0.7848491 0.899852
vt 0.7848491 0.899852
vt 0.7848491 0.899852
vt 0.7848491 0.899852
vt 0.7848491 0.899852
vt 0.8015196 0.2422691
vt 0.8015198 0.2422691
vt 0.8015194 0.01470331
vt 0.8015194 0.01470324
vt 0.3162377 0.678485
vt 0.3162377 0.678485
vt 0.3960616 0.6286675
vt 0.3960616 0.6286675
vt 0.9223962 0.008333151
vt 0.9223962 0.008333151
vt 0.9223963 0.08811749
vt 0.9223964 0.08811749
vt 0.1225867 0.8076978
vt 0.1225867 0.8076978
vt 0.1225885 0.6308903
vt 0.1225885 0.6308904
vt 0.2989978 0.3344474
vt 0.2989977 0.3344474
vt 0.298998 0.5112548
vt 0.298998 0.5112548
vt 0.1643247 0.7994804
vt 0.1643247 0.7994803
vt 0.1643262 0.6389529
vt 0.1643262 0.6389529
vt 0.4216546 0.8532276
vt 0.421653 0.8454695
vt 0.4132517 0.8454697
vt 0.4132532 0.8532279
vt 0.8265896 0.2422692
vt 0.8181883 0.2422688
vt 0.818186 0.2500259
vt 0.8265874 0.2500263
vt 0.818186 0.008333197
vt 0.818188 0.01470292
vt 0.8265893 0.01470332
vt 0.8265873 0.008333657
vt 0.4132519 0.6350363
vt 0.4216533 0.635036
vt 0.4216546 0.6286676
vt 0.4132533 0.6286679
vt 0.4467239 0.6367302
vt 0.4467222 0.6286675
vt 0.438321 0.628668
vt 0.4383225 0.6367307
vt 0.1476583 0.6308908
vt 0.139257 0.6308903
vt 0.1392548 0.6389519
vt 0.1476561 0.6389526
vt 0.4467226 0.8199467
vt 0.4467239 0.8135306
vt 0.4383225 0.813531
vt 0.4383212 0.8199471
vt 0.1476564 0.7994863
vt 0.1392551 0.7994857
vt 0.1392569 0.805903
vt 0.1476583 0.8059036
vt 0.8516588 0.2328931
vt 0.8516574 0.2251349
vt 0.8432561 0.2251353
vt 0.8432575 0.2328935
vt 0.8015196 0.2422691
vt 0.7931184 0.2422687
vt 0.7931161 0.2500259
vt 0.8015174 0.2500263
vt 0.7931161 0.008333168
vt 0.7931181 0.01470284
vt 0.8015194 0.01470324
vt 0.8015174 0.00833364
vt 0.8432561 0.01470181
vt 0.8516575 0.01470151
vt 0.8516588 0.00833309
vt 0.8432575 0.008333413
vt 0.4869583 0.6367302
vt 0.4869568 0.6286674
vt 0.4785554 0.628668
vt 0.478557 0.6367306
vt 0.2771782 0.6308908
vt 0.2687768 0.6308903
vt 0.2687745 0.6389519
vt 0.2771759 0.6389525
vt 0.486957 0.8199468
vt 0.4869583 0.8135307
vt 0.4785568 0.8135312
vt 0.4785556 0.8199471
vt 0.2771757 0.7994864
vt 0.2687745 0.7994857
vt 0.2687763 0.8059031
vt 0.2771777 0.8059036
vt 0.4132517 0.8454697
vt 0.421653 0.8454695
vt 0.4216533 0.635036
vt 0.4132519 0.6350363
vt 0.8265893 0.01470332
vt 0.818188 0.01470292
vt 0.8181883 0.2422688
vt 0.8265896 0.2422692
vt 0.818186 0.2500259
vt 0.8181883 0.2422688
vt 0.8181883 0.2422687
vt 0.818186 0.2500259
vt 0.9231482 0.2328936
vt 0.9315495 0.2328936
vt 0.9315495 0.1531093
vt 0.9231482 0.1531093
vt 0.9434274 0.8312619
vt 0.9350261 0.8312619
vt 0.935026 0.9108944
vt 0.9434274 0.9108944
vt 0.1476561 0.6389526
vt 0.1392548 0.6389519
vt 0.1392551 0.7994857
vt 0.1476564 0.7994863
vt 0.4383225 0.813531
vt 0.4467239 0.8135306
vt 0.4467239 0.6367302
vt 0.4383225 0.6367307
vt 0.3965853 0.887046
vt 0.388184 0.887046
vt 0.388184 0.9646879
vt 0.3965854 0.9646879
vt 0.947464 0.08719692
vt 0.9558654 0.08719692
vt 0.9558654 0.008333104
vt 0.947464 0.008333104
vt 0.8432561 0.2251353
vt 0.8516574 0.2251349
vt 0.8516575 0.01470151
vt 0.8432561 0.01470181
vt 0.8015194 0.01470324
vt 0.7931181 0.01470284
vt 0.7931184 0.2422687
vt 0.8015196 0.2422691
vt 0.8015174 0.00833364
vt 0.8015194 0.01470324
vt 0.8015194 0.01470331
vt 0.8015174 0.008333677
vt 0.9223964 0.08811749
vt 0.9307977 0.08811749
vt 0.9307976 0.008333151
vt 0.9223962 0.008333151
vt 0.1643262 0.6389529
vt 0.1643247 0.6308902
vt 0.1643247 0.6308901
vt 0.1643262 0.6389529
vt 0.4869583 0.6367301
vt 0.4869568 0.6286675
vt 0.4869568 0.6286674
vt 0.4869583 0.6367302
vt 0.9434274 0.7295557
vt 0.9350261 0.7295557
vt 0.935026 0.8091882
vt 0.9434274 0.8091882
vt 0.2771759 0.6389525
vt 0.2687745 0.6389519
vt 0.2687745 0.7994857
vt 0.2771757 0.7994864
vt 0.8181816 0.899852
vt 0.8181816 0.899852
vt 0.8181816 0.899852
vt 0.8181816 0.899852
vt 0.4785568 0.8135312
vt 0.4869583 0.8135307
vt 0.4869583 0.6367302
vt 0.478557 0.6367306
vt 0.9566172 0.1552516
vt 0.9482158 0.1552516
vt 0.9482158 0.2328936
vt 0.9566172 0.2328936
vt 0.4132517 0.9487579
vt 0.4216531 0.9487579
vt 0.4216531 0.869894
vt 0.4132517 0.869894
vt 0.31568 0.5923288
vt 0.3156796 0.6120011
vt 0.5845226 0.6120011
vt 0.584523 0.5923289
vt 0.3156663 0.3635728
vt 0.5845093 0.3635729
vt 0.04529825 0.280234
vt 0.008333214 0.2901843
vt 0.01359212 0.3097194
vt 0.05055715 0.2997691
vt 0.2787658 0.2778324
vt 0.2793356 0.2980548
vt 0.2984303 0.2772783
vt 0.2990001 0.2975008
vt 0.2781855 0.257239
vt 0.29785 0.256685
vt 0.2667305 0.1992399
vt 0.28636 0.2005394
vt 0.2704901 0.1424565
vt 0.2901196 0.143756
vt 0.2780096 0.02888966
vt 0.297639 0.0301892
vt 0.2793707 0.008333155
vt 0.2990001 0.009632689
vt 0.6592558 0.008333129
vt 0.6592559 0.2771781
vt 0.6788644 0.2771781
vt 0.6788644 0.008333176
vt 0.8700771 0.3635921
vt 0.8700539 0.3263857
vt 0.6012099 0.3263857
vt 0.6012329 0.3635919
vt 0.5845093 0.3635729
vt 0.5845437 0.3263856
vt 0.3157007 0.3263856
vt 0.3156663 0.3635728
vt 0.870068 0.597045
vt 0.8700771 0.3635921
vt 0.6012329 0.3635919
vt 0.6012239 0.5970449
vt 0.6063331 0.2901841
vt 0.5641092 0.299769
vt 0.6010742 0.3097193
vt 0.569368 0.2802339
vt 0.3353308 0.2980548
vt 0.3359006 0.2778323
vt 0.3156662 0.2975007
vt 0.316236 0.2772782
vt 0.3168162 0.2566849
vt 0.3364808 0.257239
vt 0.3283064 0.2005394
vt 0.3479358 0.1992398
vt 0.3245467 0.143756
vt 0.3441762 0.1424564
vt 0.3170274 0.03018912
vt 0.3366567 0.02888964
vt 0.3156662 0.009632664
vt 0.3352957 0.008333086
vt 0.2771781 0.5940132
vt 0.008333188 0.614224
vt 0.2771781 0.6142239
vt 0.008333188 0.5940132
vt 0.008333188 0.5734318
vt 0.2771781 0.5734318
vt 0.6229995 0.2771772
vt 0.6425895 0.2771819
vt 0.6425896 0.008337726
vt 0.6229994 0.008333172
vt 0.2771782 0.5174873
vt 0.008333188 0.4606459
vt 0.008333283 0.5174873
vt 0.2771781 0.4606459
vt 0.00833314 0.346963
vt 0.2771781 0.346963
vt 0.008333188 0.3263856
vt 0.2771781 0.3263856
vt 0.8700549 0.8044273
vt 0.6012101 0.7477006
vt 0.6012099 0.8044273
vt 0.8700549 0.7477006
vt 0.60121 0.6342471
vt 0.870055 0.6342471
vt 0.6012101 0.6137111
vt 0.8700549 0.6137111
vt 0.8700549 0.8831858
vt 0.8700549 0.8625854
vt 0.60121 0.8625854
vt 0.60121 0.8831858
vt 0.8700549 0.8625854
vt 0.8700549 0.8044273
vt 0.6012099 0.8044273
vt 0.60121 0.8625854
vt 0.2771781 0.5734318
vt 0.2771782 0.5174873
vt 0.008333283 0.5174873
vt 0.008333188 0.5734318
vt 0.7210426 0.3027912
vt 0.7316099 0.2922237
vt 0.7316099 0.2772791
vt 0.706098 0.3027913
vt 0.7210426 0.2667118
vt 0.6955307 0.2922239
vt 0.7060981 0.2667118
vt 0.6955307 0.2772793
vt 0.5174316 0.9591995
vt 0.5174316 0.8871261
vt 0.5036246 0.887046
vt 0.5036246 0.9591195
vt 0.02214017 0.9613983
vt 0.02214017 0.8893208
vt 0.0083332 0.8892688
vt 0.0083332 0.9613463
vt 0.3156663 0.887046
vt 0.3156663 0.9590531
vt 0.3294733 0.9593112
vt 0.3294733 0.8873042
vt 0.5402634 0.887098
vt 0.5402634 0.9591755
vt 0.5540705 0.9591236
vt 0.5540705 0.887046
vt 0.03880638 0.8892689
vt 0.03880638 0.9613464
vt 0.05261344 0.9613983
vt 0.05261344 0.8893208
vt 0.3577107 0.8873042
vt 0.3577107 0.9593112
vt 0.3715177 0.9590531
vt 0.3715177 0.887046
vt 0.5707366 0.8871261
vt 0.5707366 0.9591995
vt 0.5845437 0.9591195
vt 0.5845437 0.887046
vt 0.06927975 0.8893208
vt 0.06927975 0.9613983
vt 0.08308682 0.9613464
vt 0.08308682 0.8892689
vt 0.9280944 0.3978723
vt 0.9112748 0.4045911
vt 0.9280944 0.4045208
vt 0.9112748 0.3979426
vt 0.9280944 0.3263856
vt 0.9112748 0.3264559
vt 0.4551406 0.9080301
vt 0.438321 0.9150211
vt 0.4551406 0.9146721
vt 0.438321 0.9083791
vt 0.4551406 0.8366133
vt 0.438321 0.8369624
vt 0.4790674 0.9083791
vt 0.4622478 0.9146721
vt 0.4790674 0.9150211
vt 0.4622478 0.9080301
vt 0.4790674 0.8369624
vt 0.4622478 0.8366133
vt 0.933829 0.7061707
vt 0.9170093 0.7128894
vt 0.933829 0.7128192
vt 0.9170093 0.7062409
vt 0.933829 0.634684
vt 0.9170093 0.6347542
vt 0.9577558 0.7062409
vt 0.9409362 0.7128192
vt 0.9577558 0.7128894
vt 0.9409362 0.7061707
vt 0.9577558 0.6347542
vt 0.9409362 0.634684
vt 0.9520206 0.5345176
vt 0.935201 0.5412739
vt 0.9520206 0.5411657
vt 0.935201 0.5346258
vt 0.9520206 0.4630349
vt 0.935201 0.4631431
vt 0.7717467 0.3008681
vt 0.7717467 0.2998632
vt 0.7676704 0.2998632
vt 0.7676704 0.3008681
vt 0.9280938 0.5346258
vt 0.9112742 0.5411657
vt 0.9280938 0.5412739
vt 0.9112742 0.5345176
vt 0.9280938 0.4631431
vt 0.9112742 0.4630349
vt 0.9520212 0.3979426
vt 0.9352016 0.4045208
vt 0.9520212 0.4045911
vt 0.9352016 0.3978723
vt 0.9520212 0.3264559
vt 0.9352016 0.3263856
vt 0.9112526 0.8145955
vt 0.9183597 0.8145955
vt 0.918152 0.7349951
vt 0.9117076 0.7349951
vt 0.2251419 0.9285523
vt 0.2315677 0.9111916
vt 0.2251419 0.893831
vt 0.2201165 0.8888054
vt 0.2201164 0.9335778
vt 0.2027563 0.8823796
vt 0.2027561 0.9400037
vt 0.1853959 0.8888054
vt 0.1853957 0.9335779
vt 0.1803705 0.8938311
vt 0.1803704 0.9285523
vt 0.1739446 0.9111918
vt 0.9352016 0.3263856
vt 0.9280944 0.3263856
vt 0.9280944 0.3978723
vt 0.9352016 0.3978723
vt 0.935201 0.4631431
vt 0.9280938 0.4631431
vt 0.9280938 0.5346258
vt 0.935201 0.5346258
vt 0.9409362 0.634684
vt 0.933829 0.634684
vt 0.933829 0.7061707
vt 0.9409362 0.7061707
vt 0.4622478 0.8366133
vt 0.4551406 0.8366133
vt 0.4551406 0.9080301
vt 0.4622478 0.9080301
vt 0.8819562 0.1372941
vt 0.8763625 0.1337013
vt 0.8712646 0.2251695
vt 0.8763625 0.2280092
vt 0.868325 0.2297463
vt 0.8732253 0.2328936
vt 0.8738266 0.232335
vt 0.8759647 0.2290063
vt 0.875039 0.2308262
vt 0.905522 0.08816423
vt 0.8990776 0.08816433
vt 0.8990776 0.09360378
vt 0.905522 0.09360378
vt 0.8819565 0.01192666
vt 0.8763628 0.00833318
vt 0.871265 0.09980631
vt 0.8763628 0.1026467
vt 0.8683249 0.1043828
vt 0.8732252 0.1075308
vt 0.8738265 0.1069722
vt 0.875965 0.1036437
vt 0.8750392 0.1054636
vt 0.9114668 0.8367015
vt 0.9179113 0.8367014
vt 0.9179111 0.8312619
vt 0.9114667 0.831262
vt 0.9112526 0.9162936
vt 0.9183598 0.9162936
vt 0.9179113 0.8367014
vt 0.9114668 0.8367015
vt 0.2020463 0.739068
vt 0.2010413 0.7431441
vt 0.2020463 0.7431441
vt 0.2010413 0.739068
vt 0.203971 0.7388632
vt 0.1991166 0.7388632
vt 0.204766 0.7386591
vt 0.1983216 0.7386591
vt 0.204766 0.7328352
vt 0.1983216 0.7328352
vt 0.204766 0.6308901
vt 0.1976589 0.6308902
vt 0.1978755 0.7107292
vt 0.2043199 0.7107292
vt 0.9057299 0.008333144
vt 0.8986227 0.008333207
vt 0.8990776 0.08816433
vt 0.905522 0.08816423
vt 0.2352351 0.7727929
vt 0.2352351 0.771788
vt 0.2311587 0.771788
vt 0.2311587 0.7727929
vt 0.2006899 0.7843535
vt 0.2006899 0.7853584
vt 0.204766 0.7853584
vt 0.204766 0.7843535
vt 0.6498348 0.3000813
vt 0.6488299 0.3041576
vt 0.6498348 0.3041576
vt 0.6488299 0.3000813
vt 0.6517596 0.2998764
vt 0.6469051 0.2998764
vt 0.6525546 0.2996724
vt 0.6461101 0.2996724
vt 0.6525546 0.2938481
vt 0.6461101 0.2938481
vt 0.6729456 0.3000813
vt 0.6719406 0.3041576
vt 0.6729456 0.3041576
vt 0.6719406 0.3000813
vt 0.6748704 0.2998765
vt 0.6700159 0.2998765
vt 0.6756653 0.2996724
vt 0.6692209 0.2996724
vt 0.6756653 0.2938481
vt 0.6692209 0.2938481
vt 0.6267242 0.3000751
vt 0.6257193 0.3041475
vt 0.6267242 0.3041475
vt 0.6257193 0.3000751
vt 0.6286489 0.2998705
vt 0.6237946 0.2998705
vt 0.6294439 0.2996667
vt 0.6229995 0.2996667
vt 0.6294439 0.2938481
vt 0.6229995 0.2938481
vt 0.2201165 0.8888054
vt 0.2251419 0.893831
vt 0.2812866 0.8375207
vt 0.2767277 0.8329616
vt 0.2043199 0.7107292
vt 0.1978755 0.7107292
vt 0.1978756 0.7161688
vt 0.20432 0.7161688
vt 0.2354405 0.6344838
vt 0.2298469 0.6308903
vt 0.224749 0.7223634
vt 0.2298469 0.7252038
vt 0.2218089 0.7269399
vt 0.2267092 0.7300879
vt 0.2273106 0.7295293
vt 0.229449 0.7262008
vt 0.2285232 0.7280206
vt 0.894608 0.4421656
vt 0.8887342 0.4452794
vt 0.8867434 0.5361451
vt 0.8920603 0.5337402
vt 0.8894624 0.541274
vt 0.894608 0.5385462
vt 0.8870566 0.5371718
vt 0.8889098 0.5406671
vt 0.8878273 0.5390624
vt 0.8878273 0.5390625
vt 0.1803705 0.8938311
vt 0.1853959 0.8888054
vt 0.1293242 0.8329618
vt 0.1247652 0.8375208
vt 0.8257973 0.2986829
vt 0.8257973 0.2986829
vt 0.8257973 0.3027592
vt 0.8257973 0.3027592
vt 0.1059186 0.8307815
vt 0.1059185 0.8307815
vt 0.1059185 0.8348538
vt 0.1059186 0.8348538
vt 0.9117076 0.7349951
vt 0.918152 0.7349951
vt 0.9181521 0.7295556
vt 0.9117076 0.7295556
vt 0.9003432 0.6172993
vt 0.8947538 0.6137112
vt 0.8896598 0.7051687
vt 0.8947538 0.7080043
vt 0.8867213 0.7097461
vt 0.8916178 0.7128894
vt 0.8922188 0.7123305
vt 0.8943561 0.7090012
vt 0.8934308 0.7108213
vt 0.9064817 0.1337991
vt 0.9006127 0.1369088
vt 0.8986225 0.2277641
vt 0.903935 0.2253629
vt 0.9013403 0.2328936
vt 0.9064817 0.2301694
vt 0.8989356 0.2287908
vt 0.9007879 0.2322866
vt 0.899706 0.2306816
vt 0.1853957 0.9335779
vt 0.1803704 0.9285523
vt 0.1247648 0.9849269
vt 0.1293237 0.9894861
vt 0.2251419 0.9285523
vt 0.2201164 0.9335778
vt 0.2767272 0.9894858
vt 0.2812862 0.9849269
vt 0.8945864 0.7295557
vt 0.8887126 0.7326702
vt 0.8867214 0.8235409
vt 0.8920383 0.8211354
vt 0.8894408 0.8286695
vt 0.8945864 0.8259411
vt 0.8870347 0.8245675
vt 0.8888881 0.8280627
vt 0.8878055 0.8264582
vt 0.8878055 0.8264582
vt 0.8946083 0.3263856
vt 0.8887344 0.3295001
vt 0.8867432 0.4203707
vt 0.8920601 0.4179652
vt 0.8894626 0.4254993
vt 0.8946083 0.422771
vt 0.8870565 0.4213974
vt 0.8889099 0.4248926
vt 0.8878273 0.423288
vt 0.1271441 0.8346279
vt 0.1281793 0.8337427
vt 0.1283796 0.8328308
vt 0.1279406 0.8327047
vt 0.1293242 0.8329618
vt 0.1285796 0.8322175
vt 0.1283796 0.8328308
vt 0.1281793 0.8337427
vt 0.1271441 0.8307815
vt 0.1279406 0.8327047
vt 0.1283796 0.8328308
vt 0.1285796 0.8322175
vt 0.1264335 0.8353384
vt 0.1245104 0.836135
vt 0.1246357 0.8365748
vt 0.1255472 0.8363748
vt 0.1225873 0.8353384
vt 0.1240221 0.8367751
vt 0.1246357 0.8365748
vt 0.1245104 0.836135
vt 0.1247652 0.8375208
vt 0.1255472 0.8363748
vt 0.1246357 0.8365748
vt 0.1240221 0.8367751
vt 0.2796234 0.8353383
vt 0.2805072 0.8363745
vt 0.2814194 0.8365747
vt 0.2815465 0.8361349
vt 0.2812866 0.8375207
vt 0.2820322 0.8367749
vt 0.2814194 0.8365747
vt 0.2805072 0.8363745
vt 0.2834696 0.8353382
vt 0.2815465 0.8361349
vt 0.2814194 0.8365747
vt 0.2820322 0.8367749
vt 0.2789128 0.8346277
vt 0.2781162 0.8327045
vt 0.2776754 0.8328307
vt 0.2778751 0.8337424
vt 0.2789128 0.8307815
vt 0.2774749 0.8322173
vt 0.2776754 0.8328307
vt 0.2781162 0.8327045
vt 0.2767277 0.8329616
vt 0.2778751 0.8337424
vt 0.2776754 0.8328307
vt 0.2774749 0.8322173
vt 0.126433 0.9871101
vt 0.1255467 0.9860734
vt 0.1246352 0.9858735
vt 0.1245099 0.9863134
vt 0.1247648 0.9849269
vt 0.1240216 0.9856731
vt 0.1246352 0.9858735
vt 0.1255467 0.9860734
vt 0.1225868 0.9871101
vt 0.1245099 0.9863134
vt 0.1246352 0.9858735
vt 0.1240216 0.9856731
vt 0.1271436 0.9878206
vt 0.1279402 0.9897438
vt 0.1283791 0.9896173
vt 0.1281788 0.9887055
vt 0.1271435 0.991667
vt 0.128579 0.9902306
vt 0.1283791 0.9896173
vt 0.1279402 0.9897438
vt 0.1293237 0.9894861
vt 0.1281788 0.9887055
vt 0.1283791 0.9896173
vt 0.128579 0.9902306
vt 0.2789123 0.9878203
vt 0.2778746 0.9887053
vt 0.277675 0.9896173
vt 0.2781157 0.9897435
vt 0.2767272 0.9894858
vt 0.2774744 0.9902304
vt 0.277675 0.9896173
vt 0.2778746 0.9887053
vt 0.2789123 0.9916667
vt 0.2781157 0.9897435
vt 0.277675 0.9896173
vt 0.2774744 0.9902304
vt 0.2796229 0.9871097
vt 0.281546 0.9863132
vt 0.2814189 0.9858732
vt 0.2805067 0.9860733
vt 0.2834691 0.9871098
vt 0.2820318 0.985673
vt 0.2814189 0.9858732
vt 0.281546 0.9863132
vt 0.2812862 0.9849269
vt 0.2805067 0.9860733
vt 0.2814189 0.9858732
vt 0.2820318 0.985673
vt 0.6755628 0.8998522
vt 0.6763592 0.9017752
vt 0.6768386 0.9017743
vt 0.6769239 0.9012119
vt 0.6755628 0.9036984
vt 0.6769239 0.9023361
vt 0.6768386 0.9017743
vt 0.6763592 0.9017752
vt 0.6774862 0.9017728
vt 0.6769239 0.9012119
vt 0.6768386 0.9017743
vt 0.6769239 0.9023361
vt 0.7154627 0.8998522
vt 0.7135372 0.8998526
vt 0.7132005 0.9003108
vt 0.7135402 0.9006501
vt 0.7127415 0.8998522
vt 0.7127428 0.9006482
vt 0.7132005 0.9003108
vt 0.7135372 0.8998526
vt 0.712745 0.9025739
vt 0.7135402 0.9006501
vt 0.7132005 0.9003108
vt 0.7127428 0.9006482
vt 0.6569759 0.8998521
vt 0.6577724 0.9017752
vt 0.6582509 0.9017751
vt 0.6583355 0.9012129
vt 0.6569759 0.9036984
vt 0.6583356 0.9023371
vt 0.6582509 0.9017751
vt 0.6577724 0.9017752
vt 0.6588965 0.9017749
vt 0.6583355 0.9012129
vt 0.6582509 0.9017751
vt 0.6583356 0.9023371
vt 0.619797 0.9036984
vt 0.6211581 0.9023362
vt 0.6210729 0.9017745
vt 0.6205936 0.9017754
vt 0.6217204 0.9017728
vt 0.6211582 0.901212
vt 0.6210729 0.9017745
vt 0.6211581 0.9023362
vt 0.619797 0.8998522
vt 0.6205936 0.9017754
vt 0.6210729 0.9017745
vt 0.6211582 0.901212
vt 0.7321327 0.9025738
vt 0.7329278 0.9006501
vt 0.7325881 0.9003107
vt 0.7321304 0.9006481
vt 0.7348503 0.899852
vt 0.7329248 0.8998525
vt 0.7325881 0.9003107
vt 0.7329278 0.9006501
vt 0.732129 0.899852
vt 0.7321304 0.9006481
vt 0.7325881 0.9003107
vt 0.7329248 0.8998525
vt 0.696075 0.8998521
vt 0.6947142 0.9012117
vt 0.6947994 0.9017743
vt 0.6952785 0.9017752
vt 0.6941522 0.9017727
vt 0.6947142 0.9023361
vt 0.6947994 0.9017743
vt 0.6947142 0.9012117
vt 0.696075 0.9036984
vt 0.6952785 0.9017752
vt 0.6947994 0.9017743
vt 0.6947142 0.9023361
vt 0.6403095 0.9036984
vt 0.6395129 0.9017753
vt 0.6390338 0.9017744
vt 0.6389487 0.9023362
vt 0.6403095 0.8998522
vt 0.6389486 0.9012119
vt 0.6390338 0.9017744
vt 0.6395129 0.9017753
vt 0.6383865 0.9017729
vt 0.6389487 0.9023362
vt 0.6390338 0.9017744
vt 0.6389486 0.9012119
vt 0.60121 0.9036986
vt 0.6025698 0.9023375
vt 0.6024849 0.9017752
vt 0.6020066 0.9017754
vt 0.6031307 0.9017751
vt 0.6025698 0.9012131
vt 0.6024849 0.9017752
vt 0.6025698 0.9023375
vt 0.60121 0.8998522
vt 0.6020066 0.9017754
vt 0.6024849 0.9017752
vt 0.6025698 0.9012131
vt 0.7482765 0.2704362
vt 0.7490732 0.2723593
vt 0.7494254 0.2720068
vt 0.7490724 0.2704368
vt 0.7509963 0.2731561
vt 0.7509956 0.2723599
vt 0.7494254 0.2720068
vt 0.7490732 0.2723593
vt 0.7509953 0.2704371
vt 0.7494254 0.2720068
vt 0.7509956 0.2723599
vt 0.7490724 0.2704368
vt 0.7490724 0.2694319
vt 0.7509953 0.2694322
vt 0.7494254 0.2678615
vt 0.7509956 0.2675088
vt 0.7482766 0.2694313
vt 0.7490724 0.2694319
vt 0.7494254 0.2678615
vt 0.7490731 0.2675082
vt 0.7509963 0.2667117
vt 0.7490731 0.2675082
vt 0.7494254 0.2678615
vt 0.7509956 0.2675088
vt 0.1997405 0.7642923
vt 0.2012124 0.7657642
vt 0.2014041 0.7653034
vt 0.2004772 0.7639878
vt 0.203294 0.7657642
vt 0.20299 0.7650285
vt 0.2014041 0.7653034
vt 0.2012124 0.7657642
vt 0.2022543 0.7632521
vt 0.2014041 0.7653034
vt 0.20299 0.7650285
vt 0.2004772 0.7639878
vt 0.2000927 0.7630595
vt 0.2018698 0.7623236
vt 0.1998178 0.7614737
vt 0.2011335 0.7605467
vt 0.1993559 0.7633639
vt 0.2000927 0.7630595
vt 0.1998178 0.7614737
vt 0.1993559 0.7612823
vt 0.2008279 0.7598104
vt 0.1993559 0.7612823
vt 0.1998178 0.7614737
vt 0.2011335 0.7605467
vt 0.2354405 0.7494738
vt 0.234644 0.7475506
vt 0.2342915 0.7479041
vt 0.2346445 0.7494745
vt 0.2327208 0.7467542
vt 0.2327214 0.7475514
vt 0.2342915 0.7479041
vt 0.234644 0.7475506
vt 0.2327216 0.7494748
vt 0.2342915 0.7479041
vt 0.2327214 0.7475514
vt 0.2346445 0.7494745
vt 0.2346444 0.7504794
vt 0.2327216 0.7504798
vt 0.2342915 0.7520495
vt 0.2327214 0.7524025
vt 0.2354405 0.7504787
vt 0.2346444 0.7504794
vt 0.2342915 0.7520495
vt 0.234644 0.7524018
vt 0.2327208 0.7531985
vt 0.234644 0.7524018
vt 0.2342915 0.7520495
vt 0.2327214 0.7524025
vt 0.7726882 0.2686743
vt 0.7712162 0.2672024
vt 0.7710249 0.2676641
vt 0.7719517 0.2689798
vt 0.7691346 0.2672024
vt 0.769439 0.267939
vt 0.7710249 0.2676641
vt 0.7712162 0.2672024
vt 0.7701748 0.2697162
vt 0.7710249 0.2676641
vt 0.769439 0.267939
vt 0.7719517 0.2689798
vt 0.7723364 0.2699083
vt 0.7705594 0.2706446
vt 0.7726113 0.2714939
vt 0.7712957 0.2724211
vt 0.7730728 0.2696027
vt 0.7723364 0.2699083
vt 0.7726113 0.2714939
vt 0.7730727 0.2716843
vt 0.771601 0.2731561
vt 0.7730727 0.2716843
vt 0.7726113 0.2714939
vt 0.7712957 0.2724211
vt 0.299 0.7460163
vt 0.2982027 0.7460167
vt 0.2978499 0.7475868
vt 0.2982034 0.7479393
vt 0.2962793 0.746017
vt 0.2962795 0.7479399
vt 0.2978499 0.7475868
vt 0.2982027 0.7460167
vt 0.2962793 0.7450121
vt 0.2982026 0.7450119
vt 0.2978499 0.7434415
vt 0.2962796 0.7430887
vt 0.2962803 0.748736
vt 0.2982034 0.7479393
vt 0.2978499 0.7475868
vt 0.2962795 0.7479399
vt 0.299 0.7450113
vt 0.2982034 0.7430882
vt 0.2978499 0.7434415
vt 0.2982026 0.7450119
vt 0.2962803 0.7422915
vt 0.2962796 0.7430887
vt 0.2978499 0.7434415
vt 0.2982034 0.7430882
vt 0.204766 0.7622106
vt 0.2040308 0.7625159
vt 0.2043055 0.7641016
vt 0.2047659 0.7642921
vt 0.2022543 0.7632521
vt 0.20299 0.7650285
vt 0.2043055 0.7641016
vt 0.2040308 0.7625159
vt 0.2018698 0.7623236
vt 0.2036462 0.7615875
vt 0.2027192 0.7602716
vt 0.2011335 0.7605467
vt 0.203294 0.7657642
vt 0.2047659 0.7642921
vt 0.2043055 0.7641016
vt 0.20299 0.7650285
vt 0.2043814 0.7612821
vt 0.2029095 0.7598103
vt 0.2027192 0.7602716
vt 0.2036462 0.7615875
vt 0.2008279 0.7598103
vt 0.2011335 0.7605467
vt 0.2027192 0.7602716
vt 0.2029095 0.7598103
vt 0.7482765 0.2990667
vt 0.7490736 0.2990673
vt 0.7494263 0.2974969
vt 0.7490729 0.2971435
vt 0.7509969 0.2990674
vt 0.7509967 0.2971441
vt 0.7494263 0.2974969
vt 0.7490736 0.2990673
vt 0.7509969 0.3000724
vt 0.7490736 0.3000723
vt 0.7494265 0.3016423
vt 0.7509969 0.3019953
vt 0.750996 0.2963468
vt 0.7490729 0.2971435
vt 0.7494263 0.2974969
vt 0.7509967 0.2971441
vt 0.7482764 0.3000716
vt 0.7490732 0.3019947
vt 0.7494265 0.3016423
vt 0.7490736 0.3000723
vt 0.7509963 0.3027912
vt 0.7509969 0.3019953
vt 0.7494265 0.3016423
vt 0.7490732 0.3019947
vt 0.7676626 0.2707559
vt 0.7683982 0.2704518
vt 0.7681234 0.2688659
vt 0.7676627 0.2686743
vt 0.7701749 0.2697162
vt 0.769439 0.267939
vt 0.7681234 0.2688659
vt 0.7683982 0.2704518
vt 0.7705594 0.2706446
vt 0.7687829 0.2713803
vt 0.7697099 0.2726957
vt 0.7712957 0.2724211
vt 0.7691346 0.2672024
vt 0.7676627 0.2686743
vt 0.7681234 0.2688659
vt 0.769439 0.267939
vt 0.7680473 0.2716843
vt 0.7695193 0.2731561
vt 0.7697099 0.2726957
vt 0.7687829 0.2713803
vt 0.771601 0.2731561
vt 0.7712957 0.2724211
vt 0.7697099 0.2726957
vt 0.7695193 0.2731561
vt 0.2987908 0.7673253
vt 0.2987908 0.7683302
vt 0.299 0.7696889
vt 0.299 0.7659665
vt 0.1281793 0.8337427
vt 0.1255472 0.8363748
vt 0.1247652 0.8375208
vt 0.1293242 0.8329618
vt 0.2352351 0.771788
vt 0.2352351 0.7727929
vt 0.2354405 0.7741517
vt 0.2354405 0.7704293
vt 0.2805072 0.8363745
vt 0.2778751 0.8337424
vt 0.2767277 0.8329616
vt 0.2812866 0.8375207
vt 0.7717467 0.2998632
vt 0.7717467 0.3008681
vt 0.7719522 0.3022269
vt 0.7719522 0.2985045
vt 0.1255467 0.9860734
vt 0.1281788 0.9887055
vt 0.1293237 0.9894861
vt 0.1247648 0.9849269
vt 0.2006899 0.7853584
vt 0.2006899 0.7843535
vt 0.2004869 0.7829948
vt 0.2004869 0.7867172
vt 0.2778746 0.9887053
vt 0.2805067 0.9860733
vt 0.2812862 0.9849269
vt 0.2767272 0.9894858
vt 0.7490724 0.2704368
vt 0.7490724 0.2694319
vt 0.7482766 0.2694313
vt 0.7482765 0.2704362
vt 0.2004772 0.7639878
vt 0.2000927 0.7630595
vt 0.1993559 0.7633639
vt 0.1997405 0.7642923
vt 0.2346445 0.7494745
vt 0.2346444 0.7504794
vt 0.2354405 0.7504787
vt 0.2354405 0.7494738
vt 0.7719517 0.2689798
vt 0.7723364 0.2699083
vt 0.7730728 0.2696027
vt 0.7726882 0.2686743
vt 0.299 0.7460163
vt 0.299 0.7450113
vt 0.2982026 0.7450119
vt 0.2982027 0.7460167
vt 0.204766 0.7622106
vt 0.2043814 0.7612821
vt 0.2036462 0.7615875
vt 0.2040308 0.7625159
vt 0.7482765 0.2990667
vt 0.7482764 0.3000716
vt 0.7490736 0.3000723
vt 0.7490736 0.2990673
vt 0.7676626 0.2707559
vt 0.7680473 0.2716843
vt 0.7687829 0.2713803
vt 0.7683982 0.2704518
vt 0.1059206 0.8515201
vt 0.1059206 0.8515201
vt 0.1059204 0.8534431
vt 0.1059204 0.8534431
vt 0.6729456 0.3000813
vt 0.6729456 0.3041576
vt 0.6748688 0.3041648
vt 0.6748688 0.3000885
vt 0.7897388 0.2690839
vt 0.7897388 0.2731562
vt 0.791662 0.2731202
vt 0.791662 0.2690479
vt 0.2311587 0.771788
vt 0.2352351 0.771788
vt 0.2352278 0.7698649
vt 0.2311515 0.7698649
vt 0.2354405 0.7954904
vt 0.2354405 0.7914181
vt 0.2335174 0.7913822
vt 0.2335174 0.7954545
vt 0.8867434 0.5579402
vt 0.8867434 0.5620165
vt 0.8886666 0.5620237
vt 0.8886666 0.5579474
vt 0.2987549 0.7654021
vt 0.2946826 0.7654021
vt 0.2947185 0.7673253
vt 0.2987908 0.7673253
vt 0.8886666 0.5970377
vt 0.8886666 0.5929614
vt 0.8867434 0.5929686
vt 0.8867434 0.5970449
vt 0.2946826 0.7702533
vt 0.2987549 0.7702533
vt 0.2987908 0.7683302
vt 0.2947185 0.7683302
vt 0.2352351 0.7727929
vt 0.2311587 0.7727929
vt 0.2311515 0.7747161
vt 0.2352278 0.7747161
vt 0.8072079 0.298683
vt 0.8072079 0.3027591
vt 0.809131 0.3027702
vt 0.809131 0.2986941
vt 0.6719406 0.3041576
vt 0.6719406 0.3000813
vt 0.6700175 0.3000885
vt 0.6700175 0.3041648
vt 0.8102514 0.273145
vt 0.8102514 0.269069
vt 0.8083283 0.2690801
vt 0.8083283 0.2731562
vt 0.7717467 0.3008681
vt 0.7676704 0.3008681
vt 0.7676631 0.3027913
vt 0.7717394 0.3027913
vt 0.7886185 0.2987189
vt 0.7886185 0.3027912
vt 0.7905417 0.3027553
vt 0.7905417 0.298683
vt 0.6488299 0.3041576
vt 0.6488299 0.3000813
vt 0.6469068 0.3000885
vt 0.6469068 0.3041648
vt 0.2989999 0.7910278
vt 0.299 0.7869555
vt 0.2970768 0.7869195
vt 0.2970768 0.7909919
vt 0.2970769 0.8077052
vt 0.2970769 0.8117813
vt 0.299 0.8117702
vt 0.299 0.8076941
vt 0.7717394 0.29794
vt 0.7676631 0.29794
vt 0.7676704 0.2998632
vt 0.7717467 0.2998632
vt 0.6498348 0.3000813
vt 0.6498348 0.3041576
vt 0.651758 0.3041648
vt 0.651758 0.3000885
vt 0.2028428 0.8039479
vt 0.2028428 0.8080239
vt 0.204766 0.8080351
vt 0.204766 0.803959
vt 0.1809925 0.808084
vt 0.1809925 0.8121603
vt 0.1829157 0.8121675
vt 0.1829157 0.8080912
vt 0.1991182 0.7390569
vt 0.1991182 0.7431329
vt 0.2010413 0.7431441
vt 0.2010413 0.739068
vt 0.900546 0.1143464
vt 0.900546 0.1102701
vt 0.8986229 0.1102773
vt 0.8986229 0.1143536
vt 0.2039694 0.7431329
vt 0.2039694 0.7390569
vt 0.2020463 0.739068
vt 0.2020463 0.7431441
vt 0.8867211 0.8453358
vt 0.8867211 0.8494121
vt 0.8886443 0.8494194
vt 0.8886443 0.8453431
vt 0.2006788 0.7872816
vt 0.2047549 0.7872816
vt 0.204766 0.7853584
vt 0.2006899 0.7853584
vt 0.8886445 0.8909118
vt 0.8886445 0.8868355
vt 0.8867213 0.8868427
vt 0.8867213 0.890919
vt 0.2047549 0.7824304
vt 0.2006788 0.7824304
vt 0.2006899 0.7843535
vt 0.204766 0.7843535
vt 0.6257193 0.3041475
vt 0.6257193 0.3000751
vt 0.6237961 0.3001111
vt 0.6237961 0.3041834
vt 0.1016763 0.8933524
vt 0.1016763 0.8892761
vt 0.09975312 0.8892689
vt 0.09975312 0.8933452
vt 0.8886445 0.870162
vt 0.8886445 0.8660856
vt 0.8867213 0.8660929
vt 0.8867213 0.8701692
vt 0.6286473 0.3041834
vt 0.6286473 0.3001111
vt 0.6267242 0.3000751
vt 0.6267242 0.3041475
vt 0.2987908 0.7683302
vt 0.2987908 0.7673253
vt 0.2947185 0.7673253
vt 0.2947185 0.7683302
vt 0.3163658 0.6944197
vt 0.3162377 0.678485
vt 0.3156662 0.68654
vt 0.3165432 0.8633741
vt 0.3169373 0.6863647
vt 0.3171621 0.8549775
vt 0.3954119 0.6373891
vt 0.3960616 0.6286675
vt 0.3176988 0.8614024
vt 0.3170799 0.869799
vt 0.3959857 0.8703797
vt 0.395336 0.8619738
vt 0.3965854 0.8626298
vt 0.3959357 0.854224
vt 0.3965854 0.6350445
vt 0.3959356 0.6437662
vt 0.6962302 0.07408529
vt 0.6961021 0.05815085
vt 0.6955307 0.06620571
vt 0.6964076 0.2430398
vt 0.6968017 0.06603042
vt 0.6970265 0.2346432
vt 0.7752763 0.0170548
vt 0.7759261 0.008333148
vt 0.6975632 0.2410681
vt 0.6969443 0.2494648
vt 0.7758501 0.2500454
vt 0.7752004 0.2416394
vt 0.7764498 0.2422954
vt 0.7758 0.2338896
vt 0.7764498 0.01471018
vt 0.7758 0.02343193
vt 0.8784319 0.2943216
vt 0.8787865 0.3036007
vt 0.885244 0.3006321
vt 0.8602749 0.3036008
vt 0.8885881 0.2833582
vt 0.8634983 0.2948923
vt 0.8972966 0.2865816
vt 0.8462244 0.2915482
vt 0.8880175 0.2684246
vt 0.8972967 0.26807
vt 0.8943282 0.2616124
vt 0.8770543 0.2582684
vt 0.8802778 0.2495598
vt 0.8525351 0.284736
vt 0.843256 0.2850906
vt 0.843256 0.2665789
vt 0.8519645 0.2698023
vt 0.8553087 0.2525284
vt 0.8621207 0.258839
vt 0.8617662 0.2495599
vt 0.504874 0.8619738
vt 0.5042743 0.854224
vt 0.5036246 0.8626298
vt 0.5042743 0.6437662
vt 0.5042242 0.8703798
vt 0.5036246 0.6350446
vt 0.5831301 0.869799
vt 0.5047981 0.6373891
vt 0.5825111 0.8614025
vt 0.5041483 0.6286675
vt 0.5836667 0.8633742
vt 0.5832726 0.6863647
vt 0.5830479 0.8549776
vt 0.5839722 0.6784851
vt 0.5845437 0.6865401
vt 0.5838441 0.6944197
vt 0.0095826 0.8641967
vt 0.008982895 0.8564467
vt 0.00833319 0.8648527
vt 0.00898289 0.6459891
vt 0.008932869 0.8726026
vt 0.008333171 0.6372674
vt 0.08783866 0.8720219
vt 0.009506644 0.639612
vt 0.08721975 0.8636253
vt 0.008856924 0.6308903
vt 0.08837536 0.8655972
vt 0.08798124 0.6885875
vt 0.08775647 0.8572004
vt 0.08868083 0.680708
vt 0.08925232 0.6887628
vt 0.08855273 0.6966425
vt 0 0
vt 0 1
vt 1 1
vt 1 0
vn 0.981525 0 -0.191334
vn 0.981525 0 -0.191334
vn 0.981525 0 -0.191334
vn 0 -0.9814963 -0.1914814
vn 0 -0.9814963 -0.1914814
vn 0 -0.9814963 -0.1914814
vn -0.981525 0 -0.191334
vn -0.981525 0 -0.191334
vn -0.981525 0 -0.191334
vn 0 0.9814752 -0.1915893
vn 0 0.9814752 -0.1915893
vn 0 0.9814752 -0.1915893
vn 0.9815235 0 0.1913419
vn 0.9815235 0 0.1913419
vn 0.9815235 0 0.1913419
vn 0 0.9815081 0.1914209
vn 0 0.9815081 0.1914209
vn 0 0.9815081 0.1914209
vn -0.9815235 0 0.1913419
vn -0.9815235 0 0.1913419
vn -0.9815235 0 0.1913419
vn 0 -0.9815291 0.1913131
vn 0 -0.9815291 0.1913131
vn 0 -0.9815291 0.1913131
vn 0.7019849 0.7033285 0.1120092
vn 0.7019849 0.7033285 0.1120092
vn 0.7019849 0.7033285 0.1120092
vn 0.7019824 0.7033315 -0.1120065
vn 0.7019824 0.7033315 -0.1120065
vn 0.7019824 0.7033315 -0.1120065
vn 0.5732089 0.7357624 0.3606733
vn 0.5732089 0.7357624 0.3606733
vn 0.5732089 0.7357624 0.3606733
vn 0.5732089 0.7357624 -0.3606733
vn 0.5732089 0.7357624 -0.3606733
vn 0.5732089 0.7357624 -0.3606733
vn 0.7372267 0.5722212 0.3592488
vn 0.7372267 0.5722212 0.3592488
vn 0.7372267 0.5722212 0.3592488
vn 0.7372218 0.5722302 -0.3592445
vn 0.7372218 0.5722302 -0.3592445
vn 0.7372218 0.5722302 -0.3592445
vn -1 0 0
vn -1 0 0
vn -1 0 0
vn -1 0 0
vn -1 0 0
vn -1 0 0
vn -1 0 0
vn -1 0 0
vn -1 0 0
vn -1 0 0
vn -1 0 0
vn -1 0 0
vn 0 0 -1
vn 0 0 -1
vn 0 0 -1
vn 0 0 -1
vn 0 -1 0
vn 0 -1 0
vn 0 -1 0
vn 0 -1 0
vn 1 0 0
vn 1 0 0
vn 1 0 0
vn 1 0 0
vn 1 0 0
vn 1 0 0
vn 1 0 0
vn 1 0 0
vn 1 0 0
vn 1 0 0
vn 1 0 0
vn 1 0 0
vn -1 0 0
vn -1 0 0
vn -1 0 0
vn -1 0 0
vn 0 0 -1
vn 0 0 -1
vn 0 0 -1
vn 0 0 -1
vn 0 1 0
vn 0 1 0
vn 0 1 0
vn 0 1 0
vn 0 1 0
vn 0 1 0
vn 0 1 0
vn 0 1 0
vn 0 1 0
vn 0 1 0
vn 0 1 3.668079E-07
vn 0 1 3.133258E-07
vn 0 1 3.133258E-07
vn 0 1 3.133258E-07
vn 0 1 3.133258E-07
vn 0 1 3.133258E-07
vn 0 1 3.133258E-07
vn 0 1 3.133258E-07
vn 0 1 3.668079E-07
vn 0 1 3.133258E-07
vn 0 1 3.668079E-07
vn 0 1 3.133258E-07
vn 0 1 3.668079E-07
vn 0 1 3.668079E-07
vn 0 1 3.133258E-07
vn 0 1 3.133258E-07
vn 0 1 3.133258E-07
vn 0 1 3.133258E-07
vn 0 1 3.133258E-07
vn 0 1 3.133258E-07
vn 0 1 3.133258E-07
vn 0 1 3.133258E-07
vn 0 1 3.133258E-07
vn 0 1 3.133258E-07
vn 0 1 3.133258E-07
vn 0 1 3.133258E-07
vn 0 0 -1
vn 0 0 -1
vn 0 0 -1
vn 0 0 -1
vn 0.9999974 0 0.002293778
vn 0.9999974 0 0.002293778
vn 0.9999974 0 0.002293778
vn 0.9999974 0 0.002293778
vn 0 0 1
vn 0 0 1
vn 0 0 1
vn 0 0 1
vn 0 0.9999974 0.002293912
vn 0 0.9999974 0.002293912
vn 0 0.9999974 0.002293912
vn 0 0.9999974 0.002293912
vn -0.9999974 0 0.002293854
vn -0.9999974 0 0.002293854
vn -0.9999974 0 0.002293854
vn -0.9999974 0 0.002293854
vn 0 0 -1
vn 0 0 -1
vn 0 0 -1
vn 0 0 -1
vn -0.006281874 -1.132575E-07 -0.9999802
vn -0.006281874 -1.132575E-07 -0.9999802
vn -0.006281874 -1.132575E-07 -0.9999802
vn -0.006281874 -1.132575E-07 -0.9999802
vn -0.006281874 -1.132575E-07 -0.9999802
vn -0.006281874 -1.132575E-07 -0.9999802
vn -0.006281874 -1.132575E-07 -0.9999802
vn -0.006281874 -1.132575E-07 -0.9999802
vn -0.006281874 -1.132575E-07 -0.9999802
vn -0.006281874 -1.132575E-07 -0.9999802
vn -0.006281874 -1.132575E-07 -0.9999802
vn 0.7017159 0 -0.7124569
vn 0.7017159 0 -0.7124569
vn 0.7017159 0 -0.7124569
vn 0.7017159 0 -0.7124569
vn 0 0 1
vn 0 0 1
vn 0 0 1
vn 0 0 1
vn 0 0 1
vn 0 0 1
vn 0.9999923 0 -0.003943988
vn 0.9999923 0 -0.003943988
vn 0.9999923 0 -0.003943988
vn 0.9999923 0 -0.003943988
vn 0 0.9999923 -0.003944088
vn 0 0.9999923 -0.003944088
vn 0 0.9999923 -0.003944088
vn 0 0.9999923 -0.003944088
vn 0 1 0
vn 0 1 0
vn 0 1 0
vn 0 1 0
vn 0 0 -1
vn 0 0 -1
vn 0 0 -1
vn 0 0 -1
vn 0 0 -1
vn 0 0 -1
vn 0 0 -1
vn 0 0 -1
vn 1 0 0
vn 1 0 0
vn 1 0 0
vn 1 0 0
vn 1 0 0
vn 1 0 0
vn 1 0 0
vn 1 0 0
vn 1 0 0
vn 1 0 0
vn 1 0 0
vn 1 0 0
vn 1 0 0
vn 1 0 0
vn 1 0 0
vn 1 0 0
vn 1 0 0
vn 1 0 0
vn -1 0 0
vn -1 0 0
vn -1 0 0
vn -1 0 0
vn -1 0 0
vn -1 0 0
vn -1 0 0
vn -1 0 0
vn 0 0 1
vn 0 0 1
vn 0 0 1
vn 0 0 1
vn -0.0008841573 0.9999996 1.665814E-05
vn -0.0008841573 0.9999996 1.665814E-05
vn -0.0008841573 0.9999996 1.665814E-05
vn -0.0008841573 0.9999996 1.665814E-05
vn -1 0 5.662428E-05
vn -1 0 5.662428E-05
vn -1 0 5.662428E-05
vn -1 0 5.662428E-05
vn -0.9807467 0.1950833 0.008854057
vn -0.9807467 0.1950833 0.008854057
vn -0.9807467 0.1950833 0.008854057
vn -0.9807467 0.1950833 0.008854057
vn 0.5555378 -0.8314257 0.01044422
vn 0.5555378 -0.8314257 0.01044422
vn 0.5555378 -0.8314257 0.01044422
vn 0.5555378 -0.8314257 0.01044422
vn -0.1950806 -0.9807473 0.008855469
vn -0.1950806 -0.9807473 0.008855469
vn -0.1950806 -0.9807473 0.008855469
vn -0.1950806 -0.9807473 0.008855469
vn -0.8314261 -0.5555372 0.01044435
vn -0.8314261 -0.5555372 0.01044435
vn -0.8314261 -0.5555372 0.01044435
vn -0.8314261 -0.5555372 0.01044435
vn 0.006615831 -0.9999429 -0.008397277
vn 0.006615831 -0.9999429 -0.008397277
vn 0.006615831 -0.9999429 -0.008397277
vn 0.006615831 -0.9999429 -0.008397277
vn 0.006615831 -0.9999429 -0.008397277
vn 0.006615831 -0.9999429 -0.008397277
vn 0.006615831 -0.9999429 -0.008397277
vn 0.006615831 -0.9999429 -0.008397277
vn -0.9807467 -0.1950833 0.008854023
vn -0.9807467 -0.1950833 0.008854023
vn -0.9807467 -0.1950833 0.008854023
vn -0.9807467 -0.1950833 0.008854023
vn -0.5555373 -0.831426 0.01044372
vn -0.5555373 -0.831426 0.01044372
vn -0.5555373 -0.831426 0.01044372
vn -0.5555373 -0.831426 0.01044372
vn 0 -0.9999716 0.007531
vn 0 -0.9999716 0.007531
vn 0 -0.9999716 0.007531
vn 0 -0.9999716 0.007531
vn 0.1950802 -0.9807473 0.00885603
vn 0.1950802 -0.9807473 0.00885603
vn 0.1950802 -0.9807473 0.00885603
vn 0.1950802 -0.9807473 0.00885603
vn 0.8314263 -0.5555369 0.01044433
vn 0.8314263 -0.5555369 0.01044433
vn 0.8314263 -0.5555369 0.01044433
vn 0.8314263 -0.5555369 0.01044433
vn 0.9999716 0 0.00753057
vn 0.9999716 0 0.00753057
vn 0.9999716 0 0.00753057
vn 0.9999716 0 0.00753057
vn -0.1950805 0.9807473 0.00885605
vn -0.1950805 0.9807473 0.00885605
vn -0.1950805 0.9807473 0.00885605
vn -0.1950805 0.9807473 0.00885605
vn -0.8314261 0.5555372 0.01044434
vn -0.8314261 0.5555372 0.01044434
vn -0.8314261 0.5555372 0.01044434
vn -0.8314261 0.5555372 0.01044434
vn -0.5555375 0.831426 0.01044423
vn -0.5555375 0.831426 0.01044423
vn -0.5555375 0.831426 0.01044423
vn -0.5555375 0.831426 0.01044423
vn 0.9807466 0.195084 0.008854388
vn 0.9807466 0.195084 0.008854388
vn 0.9807466 0.195084 0.008854388
vn 0.9807466 0.195084 0.008854388
vn 0.5555385 0.8314252 0.01044445
vn 0.5555385 0.8314252 0.01044445
vn 0.5555385 0.8314252 0.01044445
vn 0.5555385 0.8314252 0.01044445
vn 0.8314264 0.5555367 0.01044354
vn 0.8314264 0.5555367 0.01044354
vn 0.8314264 0.5555367 0.01044354
vn 0.8314264 0.5555367 0.01044354
vn 0 0.9999716 0.007530673
vn 0 0.9999716 0.007530673
vn 0 0.9999716 0.007530673
vn 0 0.9999716 0.007530673
vn -0.9999716 0 0.007529934
vn -0.9999716 0 0.007529934
vn -0.9999716 0 0.007529934
vn -0.9999716 0 0.007529934
vn 0.9807467 -0.1950831 0.008854047
vn 0.9807467 -0.1950831 0.008854047
vn 0.9807467 -0.1950831 0.008854047
vn 0.9807467 -0.1950831 0.008854047
vn 0.1950803 0.9807473 0.008855524
vn 0.1950803 0.9807473 0.008855524
vn 0.1950803 0.9807473 0.008855524
vn 0.1950803 0.9807473 0.008855524
vn 0 0 1
vn 0 0 1
vn 0 0 1
vn 0 0 1
vn -0.1199467 -0.0006817555 0.9927801
vn -0.1199467 -0.0006817555 0.9927801
vn -0.1199467 -0.0006817555 0.9927801
vn -0.1199467 -0.0006817555 0.9927801
vn -0.3592447 -0.0022534 0.9332407
vn -0.3592447 -0.0022534 0.9332407
vn -0.3592447 -0.0022534 0.9332407
vn -0.3592447 -0.0022534 0.9332407
vn -0.5859854 -0.004403007 0.8103096
vn -0.5859854 -0.004403007 0.8103096
vn -0.5859854 -0.004403007 0.8103096
vn -0.5859854 -0.004403007 0.8103096
vn -0.7833477 -0.006803298 0.6215466
vn -0.7833477 -0.006803298 0.6215466
vn -0.7833477 -0.006803298 0.6215466
vn -0.7833477 -0.006803298 0.6215466
vn -0.0006764575 -0.119951 0.9927796
vn -0.0006764575 -0.119951 0.9927796
vn -0.0006764575 -0.119951 0.9927796
vn -0.0006764575 -0.119951 0.9927796
vn -0.002235914 -0.359262 0.933234
vn -0.002235914 -0.359262 0.933234
vn -0.002235914 -0.359262 0.933234
vn -0.002235914 -0.359262 0.933234
vn -0.004368741 -0.5860049 0.8102958
vn -0.004368741 -0.5860049 0.8102958
vn -0.004368741 -0.5860049 0.8102958
vn -0.004368741 -0.5860049 0.8102958
vn -0.006750275 -0.7833509 0.6215431
vn -0.006750275 -0.7833509 0.6215431
vn -0.006750275 -0.7833509 0.6215431
vn -0.006750275 -0.7833509 0.6215431
vn 0.0008865608 -0.9999781 0.006556415
vn 0.0008865608 -0.9999781 0.006556415
vn 0.0008865608 -0.9999781 0.006556415
vn 0.0008865608 -0.9999781 0.006556415
vn 0.0002054791 -0.9999783 0.00658244
vn 0.0002054791 -0.9999783 0.00658244
vn 0.0002054791 -0.9999783 0.00658244
vn 0.0002054791 -0.9999783 0.00658244
vn 0.0002054791 -0.9999783 0.00658244
vn 0.0002054791 -0.9999783 0.00658244
vn 0 -0.9999783 0.006591335
vn 0 -0.9999783 0.006591335
vn 1 0 0
vn 1 0 0
vn 1 0 0
vn 1 0 0
vn 0 -1 0
vn 0 -1 0
vn 0 -1 0
vn 0 -1 0
vn -1 0 0
vn -1 0 0
vn -1 0 0
vn -1 0 0
vn 1 0 0
vn 1 0 0
vn 1 0 0
vn 1 0 0
vn 0 0 1
vn 0 0 1
vn 0 0 1
vn 0 0 1
vn 1 0 0
vn 1 0 0
vn 1 0 0
vn 1 0 0
vn 0 0 1
vn 0 0 1
vn 0 0 1
vn 0 0 1
vn 0 0 1
vn 0 0 1
vn 0 0 1
vn 0 0 1
vn 0 0 1
vn 0 0 1
vn 0.1564341 0 -0.9876884
vn 0.1564341 0 -0.9876884
vn 0.1564341 0 -0.9876884
vn 0.1564341 0 -0.9876884
vn 0.4539962 0 -0.8910036
vn 0.4539962 0 -0.8910036
vn 0.4539962 0 -0.8910036
vn 0.4539962 0 -0.8910036
vn 0.7071068 0 -0.7071068
vn 0.7071068 0 -0.7071068
vn 0.7071068 0 -0.7071068
vn 0.7071068 0 -0.7071068
vn 0.8910036 0 -0.4539962
vn 0.8910036 0 -0.4539962
vn 0.8910036 0 -0.4539962
vn 0.8910036 0 -0.4539962
vn 0.9876888 0 -0.1564315
vn 0.9876888 0 -0.1564315
vn 0.9876888 0 -0.1564315
vn 0.9876888 0 -0.1564315
vn -0.9876885 0 0.1564335
vn -0.9876885 0 0.1564335
vn -0.9876885 0 0.1564335
vn -0.9876885 0 0.1564335
vn -0.8910036 0 0.4539962
vn -0.8910036 0 0.4539962
vn -0.8910036 0 0.4539962
vn -0.8910036 0 0.4539962
vn -0.7071068 0 0.7071068
vn -0.7071068 0 0.7071068
vn -0.7071068 0 0.7071068
vn -0.7071068 0 0.7071068
vn -0.4539863 0 0.8910087
vn -0.4539863 0 0.8910087
vn -0.4539863 0 0.8910087
vn -0.4539863 0 0.8910087
vn -0.1564586 0 0.9876845
vn -0.1564586 0 0.9876845
vn -0.1564586 0 0.9876845
vn -0.1564586 0 0.9876845
vn 0.9876885 0 0.1564335
vn 0.9876885 0 0.1564335
vn 0.9876885 0 0.1564335
vn 0.9876885 0 0.1564335
vn 0.8910036 0 0.4539962
vn 0.8910036 0 0.4539962
vn 0.8910036 0 0.4539962
vn 0.8910036 0 0.4539962
vn 0.7071068 0 0.7071068
vn 0.7071068 0 0.7071068
vn 0.7071068 0 0.7071068
vn 0.7071068 0 0.7071068
vn 0.4539863 0 0.8910087
vn 0.4539863 0 0.8910087
vn 0.4539863 0 0.8910087
vn 0.4539863 0 0.8910087
vn 0.1564586 0 0.9876845
vn 0.1564586 0 0.9876845
vn 0.1564586 0 0.9876845
vn 0.1564586 0 0.9876845
vn -0.9876888 0 -0.1564315
vn -0.9876888 0 -0.1564315
vn -0.9876888 0 -0.1564315
vn -0.9876888 0 -0.1564315
vn -0.8910036 0 -0.4539962
vn -0.8910036 0 -0.4539962
vn -0.8910036 0 -0.4539962
vn -0.8910036 0 -0.4539962
vn -0.7071068 0 -0.7071068
vn -0.7071068 0 -0.7071068
vn -0.7071068 0 -0.7071068
vn -0.7071068 0 -0.7071068
vn -0.4539962 0 -0.8910036
vn -0.4539962 0 -0.8910036
vn -0.4539962 0 -0.8910036
vn -0.4539962 0 -0.8910036
vn -0.1564341 0 -0.9876884
vn -0.1564341 0 -0.9876884
vn -0.1564341 0 -0.9876884
vn -0.1564341 0 -0.9876884
vn -0.0003838119 -0.9980235 -0.06284061
vn -0.0003838119 -0.9980235 -0.06284061
vn -0.0003838119 -0.9980235 -0.06284061
vn -0.0003838119 -0.9980235 -0.06284061
vn -0.0003838119 -0.9980235 -0.06284061
vn -0.0003838119 -0.9980235 -0.06284061
vn -0.0003838119 -0.9980235 -0.06284061
vn -0.0003838119 -0.9980235 -0.06284061
vn -0.0003838119 -0.9980235 -0.06284061
vn 8.411444E-05 -0.9998331 0.01827129
vn 8.411444E-05 -0.9998331 0.01827129
vn 8.411444E-05 -0.9998331 0.01827129
vn 8.411444E-05 -0.9998331 0.01827129
vn 8.411444E-05 -0.9998331 0.01827129
vn 8.411444E-05 -0.9998331 0.01827129
vn 8.411444E-05 -0.9998331 0.01827129
vn 8.411444E-05 -0.9998331 0.01827129
vn 8.411444E-05 -0.9998331 0.01827129
vn 8.411444E-05 -0.9998331 0.01827129
vn 8.411444E-05 -0.9998331 0.01827129
vn 8.411444E-05 -0.9998331 0.01827129
vn 8.411444E-05 -0.9998331 0.01827129
vn 8.411444E-05 -0.9998331 0.01827129
vn 8.411444E-05 -0.9998331 0.01827129
vn 8.411444E-05 -0.9998331 0.01827129
vn 8.411444E-05 -0.9998331 0.01827129
vn 8.411444E-05 -0.9998331 0.01827129
vn 8.411444E-05 -0.9998331 0.01827129
vn 8.411444E-05 -0.9998331 0.01827129
vn 8.411444E-05 -0.9998331 0.01827129
vn 8.411444E-05 -0.9998331 0.01827129
vn 8.411444E-05 -0.9998331 0.01827129
vn -0.1564288 0 0.9876893
vn -0.1564288 0 0.9876893
vn -0.1564288 0 0.9876893
vn -0.1564288 0 0.9876893
vn -0.453986 0 0.8910088
vn -0.453986 0 0.8910088
vn -0.453986 0 0.8910088
vn -0.453986 0 0.8910088
vn -0.7071091 0 0.7071044
vn -0.7071091 0 0.7071044
vn -0.7071091 0 0.7071044
vn -0.7071091 0 0.7071044
vn -0.8910078 0 0.4539878
vn -0.8910078 0 0.4539878
vn -0.8910078 0 0.4539878
vn -0.8910078 0 0.4539878
vn -0.9876872 0 0.1564415
vn -0.9876872 0 0.1564415
vn -0.9876872 0 0.1564415
vn -0.9876872 0 0.1564415
vn -0.987687 0 -0.156443
vn -0.987687 0 -0.156443
vn -0.987687 0 -0.156443
vn -0.987687 0 -0.156443
vn -0.8910078 0 -0.4539878
vn -0.8910078 0 -0.4539878
vn -0.8910078 0 -0.4539878
vn -0.8910078 0 -0.4539878
vn -0.7071044 0 -0.7071091
vn -0.7071044 0 -0.7071091
vn -0.7071044 0 -0.7071091
vn -0.7071044 0 -0.7071091
vn -0.4539935 0 -0.891005
vn -0.4539935 0 -0.891005
vn -0.4539935 0 -0.891005
vn -0.4539935 0 -0.891005
vn -0.1564288 0 -0.9876893
vn -0.1564288 0 -0.9876893
vn -0.1564288 0 -0.9876893
vn -0.1564288 0 -0.9876893
vn 0.987687 0 -0.156443
vn 0.987687 0 -0.156443
vn 0.987687 0 -0.156443
vn 0.987687 0 -0.156443
vn 0.8910078 0 -0.4539878
vn 0.8910078 0 -0.4539878
vn 0.8910078 0 -0.4539878
vn 0.8910078 0 -0.4539878
vn 0.7071044 0 -0.7071091
vn 0.7071044 0 -0.7071091
vn 0.7071044 0 -0.7071091
vn 0.7071044 0 -0.7071091
vn 0.4539935 0 -0.891005
vn 0.4539935 0 -0.891005
vn 0.4539935 0 -0.891005
vn 0.4539935 0 -0.891005
vn 0.1564288 0 -0.9876893
vn 0.1564288 0 -0.9876893
vn 0.1564288 0 -0.9876893
vn 0.1564288 0 -0.9876893
vn 0.9876872 0 0.1564415
vn 0.9876872 0 0.1564415
vn 0.9876872 0 0.1564415
vn 0.9876872 0 0.1564415
vn 0.8910078 0 0.4539878
vn 0.8910078 0 0.4539878
vn 0.8910078 0 0.4539878
vn 0.8910078 0 0.4539878
vn 0.7071091 0 0.7071044
vn 0.7071091 0 0.7071044
vn 0.7071091 0 0.7071044
vn 0.7071091 0 0.7071044
vn 0.453986 0 0.8910088
vn 0.453986 0 0.8910088
vn 0.453986 0 0.8910088
vn 0.453986 0 0.8910088
vn 0.1564288 0 0.9876893
vn 0.1564288 0 0.9876893
vn 0.1564288 0 0.9876893
vn 0.1564288 0 0.9876893
vn -1.419027E-05 0 -1
vn -1.419027E-05 0 -1
vn -1.419027E-05 0 -1
vn 1.557608E-05 0 -1
vn -8.059576E-06 0 -1
vn -2.92047E-06 0 -1
vn 0 0 -1
vn -0.9874264 -0.1580793 0.0003535062
vn -0.9874264 -0.1580793 0.0003535062
vn -0.9874264 -0.1580793 0.0003535062
vn -0.9874264 -0.1580793 0.0003535062
vn -0.8905331 -0.4549184 0.0002287202
vn -0.8905331 -0.4549184 0.0002287202
vn -0.8905331 -0.4549184 0.0002287202
vn -0.8905331 -0.4549184 0.0002287202
vn -0.7071064 -0.7071072 0.0001773919
vn -0.7071064 -0.7071072 0.0001773919
vn -0.7071064 -0.7071072 0.0001773919
vn -0.7071064 -0.7071072 0.0001773919
vn -0.4549036 -0.8905407 0.0002265149
vn -0.4549036 -0.8905407 0.0002265149
vn -0.4549036 -0.8905407 0.0002265149
vn -0.4549036 -0.8905407 0.0002265149
vn -0.1580666 -0.9874284 0.0003498241
vn -0.1580666 -0.9874284 0.0003498241
vn -0.1580666 -0.9874284 0.0003498241
vn -0.1580666 -0.9874284 0.0003498241
vn -0.9999441 0.006541313 -0.008312004
vn -0.9999441 0.006541313 -0.008312004
vn -0.9999441 0.006541313 -0.008312004
vn -0.9999441 0.006541313 -0.008312004
vn -0.9999441 0.006541313 -0.008312004
vn -0.9999441 0.006541313 -0.008312004
vn -0.9999441 0.006541313 -0.008312004
vn -0.9999441 0.006541313 -0.008312004
vn -0.9669302 -0.1923781 0.1674418
vn -0.9669302 -0.1923781 0.1674418
vn -0.9669302 -0.1923781 0.1674418
vn -0.9669302 -0.1923781 0.1674418
vn -0.8665075 -0.1725617 0.4683878
vn -0.8665075 -0.1725617 0.4683878
vn -0.8665075 -0.1725617 0.4683878
vn -0.8665075 -0.1725617 0.4683878
vn -0.6793737 -0.1355531 0.7211635
vn -0.6793737 -0.1355531 0.7211635
vn -0.6793737 -0.1355531 0.7211635
vn -0.6793737 -0.1355531 0.7211635
vn -0.4263977 -0.08533357 0.9005017
vn -0.4263977 -0.08533357 0.9005017
vn -0.4263977 -0.08533357 0.9005017
vn -0.4263977 -0.08533357 0.9005017
vn -0.1343262 -0.02699628 0.9905694
vn -0.1343262 -0.02699628 0.9905694
vn -0.1343262 -0.02699628 0.9905694
vn -0.1343262 -0.02699628 0.9905694
vn -0.1343262 0.02699628 0.9905694
vn -0.1343262 0.02699628 0.9905694
vn -0.1343262 0.02699628 0.9905694
vn -0.1343262 0.02699628 0.9905694
vn -0.8230946 -0.5500091 0.1414401
vn -0.8230946 -0.5500091 0.1414401
vn -0.8230946 -0.5500091 0.1414401
vn -0.8230946 -0.5500091 0.1414401
vn -0.7611058 -0.5087251 0.4023888
vn -0.7611058 -0.5087251 0.4023888
vn -0.7611058 -0.5087251 0.4023888
vn -0.7611058 -0.5087251 0.4023888
vn -0.6302096 -0.4214377 0.6520936
vn -0.6302096 -0.4214377 0.6520936
vn -0.6302096 -0.4214377 0.6520936
vn -0.6302096 -0.4214377 0.6520936
vn -0.4198221 -0.2809577 0.863025
vn -0.4198221 -0.2809577 0.863025
vn -0.4198221 -0.2809577 0.863025
vn -0.4198221 -0.2809577 0.863025
vn -0.1373289 -0.09202338 0.9862416
vn -0.1373289 -0.09202338 0.9862416
vn -0.1373289 -0.09202338 0.9862416
vn -0.1373289 -0.09202338 0.9862416
vn -0.5500159 -0.8230857 0.1414655
vn -0.5500159 -0.8230857 0.1414655
vn -0.5500159 -0.8230857 0.1414655
vn -0.5500159 -0.8230857 0.1414655
vn -0.5087038 -0.7611333 0.4023636
vn -0.5087038 -0.7611333 0.4023636
vn -0.5087038 -0.7611333 0.4023636
vn -0.5087038 -0.7611333 0.4023636
vn -0.421436 -0.6302059 0.6520983
vn -0.421436 -0.6302059 0.6520983
vn -0.421436 -0.6302059 0.6520983
vn -0.421436 -0.6302059 0.6520983
vn -0.2809559 -0.4198133 0.86303
vn -0.2809559 -0.4198133 0.86303
vn -0.2809559 -0.4198133 0.86303
vn -0.2809559 -0.4198133 0.86303
vn -0.09203587 -0.1373235 0.9862412
vn -0.09203587 -0.1373235 0.9862412
vn -0.09203587 -0.1373235 0.9862412
vn -0.09203587 -0.1373235 0.9862412
vn -0.1923783 -0.9669319 0.1674313
vn -0.1923783 -0.9669319 0.1674313
vn -0.1923783 -0.9669319 0.1674313
vn -0.1923783 -0.9669319 0.1674313
vn -0.1725578 -0.8664851 0.4684309
vn -0.1725578 -0.8664851 0.4684309
vn -0.1725578 -0.8664851 0.4684309
vn -0.1725578 -0.8664851 0.4684309
vn -0.1355613 -0.6793681 0.7211673
vn -0.1355613 -0.6793681 0.7211673
vn -0.1355613 -0.6793681 0.7211673
vn -0.1355613 -0.6793681 0.7211673
vn -0.08532932 -0.426422 0.9004906
vn -0.08532932 -0.426422 0.9004906
vn -0.08532932 -0.426422 0.9004906
vn -0.08532932 -0.426422 0.9004906
vn -0.02699302 -0.1342964 0.9905735
vn -0.02699302 -0.1342964 0.9905735
vn -0.02699302 -0.1342964 0.9905735
vn -0.02699302 -0.1342964 0.9905735
vn 0.02700051 -0.1342964 0.9905733
vn 0.02700051 -0.1342964 0.9905733
vn 0.02700051 -0.1342964 0.9905733
vn 0.02700051 -0.1342964 0.9905733
vn 0.1923847 -0.9669307 0.1674311
vn 0.1923847 -0.9669307 0.1674311
vn 0.1923847 -0.9669307 0.1674311
vn 0.1923847 -0.9669307 0.1674311
vn 0.1725578 -0.8664851 0.4684309
vn 0.1725578 -0.8664851 0.4684309
vn 0.1725578 -0.8664851 0.4684309
vn 0.1725578 -0.8664851 0.4684309
vn 0.1355477 -0.6793694 0.7211686
vn 0.1355477 -0.6793694 0.7211686
vn 0.1355477 -0.6793694 0.7211686
vn 0.1355477 -0.6793694 0.7211686
vn 0.08532932 -0.426422 0.9004906
vn 0.08532932 -0.426422 0.9004906
vn 0.08532932 -0.426422 0.9004906
vn 0.08532932 -0.426422 0.9004906
vn 0.5500159 -0.8230857 0.1414655
vn 0.5500159 -0.8230857 0.1414655
vn 0.5500159 -0.8230857 0.1414655
vn 0.5500159 -0.8230857 0.1414655
vn 0.5087142 -0.7611279 0.4023608
vn 0.5087142 -0.7611279 0.4023608
vn 0.5087142 -0.7611279 0.4023608
vn 0.5087142 -0.7611279 0.4023608
vn 0.4214402 -0.6301894 0.6521115
vn 0.4214402 -0.6301894 0.6521115
vn 0.4214402 -0.6301894 0.6521115
vn 0.4214402 -0.6301894 0.6521115
vn 0.2809559 -0.4198133 0.86303
vn 0.2809559 -0.4198133 0.86303
vn 0.2809559 -0.4198133 0.86303
vn 0.2809559 -0.4198133 0.86303
vn 0.09199988 -0.1373239 0.9862445
vn 0.09199988 -0.1373239 0.9862445
vn 0.09199988 -0.1373239 0.9862445
vn 0.09199988 -0.1373239 0.9862445
vn 0.8231031 -0.5499971 0.141437
vn 0.8231031 -0.5499971 0.141437
vn 0.8231031 -0.5499971 0.141437
vn 0.8231031 -0.5499971 0.141437
vn 0.761094 -0.508736 0.4023973
vn 0.761094 -0.508736 0.4023973
vn 0.761094 -0.508736 0.4023973
vn 0.761094 -0.508736 0.4023973
vn 0.6302279 -0.4214297 0.6520811
vn 0.6302279 -0.4214297 0.6520811
vn 0.6302279 -0.4214297 0.6520811
vn 0.6302279 -0.4214297 0.6520811
vn 0.4197946 -0.2809616 0.8630372
vn 0.4197946 -0.2809616 0.8630372
vn 0.4197946 -0.2809616 0.8630372
vn 0.4197946 -0.2809616 0.8630372
vn 0.1373645 -0.09202292 0.9862367
vn 0.1373645 -0.09202292 0.9862367
vn 0.1373645 -0.09202292 0.9862367
vn 0.1373645 -0.09202292 0.9862367
vn 0.9669302 -0.1923781 0.1674418
vn 0.9669302 -0.1923781 0.1674418
vn 0.9669302 -0.1923781 0.1674418
vn 0.9669302 -0.1923781 0.1674418
vn 0.8665075 -0.1725617 0.4683878
vn 0.8665075 -0.1725617 0.4683878
vn 0.8665075 -0.1725617 0.4683878
vn 0.8665075 -0.1725617 0.4683878
vn 0.6793737 -0.1355531 0.7211635
vn 0.6793737 -0.1355531 0.7211635
vn 0.6793737 -0.1355531 0.7211635
vn 0.6793737 -0.1355531 0.7211635
vn 0.4263977 -0.08533357 0.9005017
vn 0.4263977 -0.08533357 0.9005017
vn 0.4263977 -0.08533357 0.9005017
vn 0.4263977 -0.08533357 0.9005017
vn 0.1343262 -0.02699628 0.9905694
vn 0.1343262 -0.02699628 0.9905694
vn 0.1343262 -0.02699628 0.9905694
vn 0.1343262 -0.02699628 0.9905694
vn 0.1343077 0.02699859 0.9905719
vn 0.1343077 0.02699859 0.9905719
vn 0.1343077 0.02699859 0.9905719
vn 0.1343077 0.02699859 0.9905719
vn -0.1923783 0.9669319 0.1674313
vn -0.1923783 0.9669319 0.1674313
vn -0.1923783 0.9669319 0.1674313
vn -0.1923783 0.9669319 0.1674313
vn -0.1725578 0.8664851 0.4684309
vn -0.1725578 0.8664851 0.4684309
vn -0.1725578 0.8664851 0.4684309
vn -0.1725578 0.8664851 0.4684309
vn -0.1355613 0.6793681 0.7211673
vn -0.1355613 0.6793681 0.7211673
vn -0.1355613 0.6793681 0.7211673
vn -0.1355613 0.6793681 0.7211673
vn -0.08532932 0.426422 0.9004906
vn -0.08532932 0.426422 0.9004906
vn -0.08532932 0.426422 0.9004906
vn -0.08532932 0.426422 0.9004906
vn -0.02700051 0.1342964 0.9905733
vn -0.02700051 0.1342964 0.9905733
vn -0.02700051 0.1342964 0.9905733
vn -0.02700051 0.1342964 0.9905733
vn 0.02700613 0.1343233 0.9905695
vn 0.02700613 0.1343233 0.9905695
vn 0.02700613 0.1343233 0.9905695
vn 0.02700613 0.1343233 0.9905695
vn -0.5500159 0.8230857 0.1414655
vn -0.5500159 0.8230857 0.1414655
vn -0.5500159 0.8230857 0.1414655
vn -0.5500159 0.8230857 0.1414655
vn -0.5087038 0.7611333 0.4023636
vn -0.5087038 0.7611333 0.4023636
vn -0.5087038 0.7611333 0.4023636
vn -0.5087038 0.7611333 0.4023636
vn -0.4214277 0.6301935 0.6521158
vn -0.4214277 0.6301935 0.6521158
vn -0.4214277 0.6301935 0.6521158
vn -0.4214277 0.6301935 0.6521158
vn -0.2809559 0.4198133 0.86303
vn -0.2809559 0.4198133 0.86303
vn -0.2809559 0.4198133 0.86303
vn -0.2809559 0.4198133 0.86303
vn -0.09203587 0.1373235 0.9862412
vn -0.09203587 0.1373235 0.9862412
vn -0.09203587 0.1373235 0.9862412
vn -0.09203587 0.1373235 0.9862412
vn -0.8230946 0.5500091 0.1414401
vn -0.8230946 0.5500091 0.1414401
vn -0.8230946 0.5500091 0.1414401
vn -0.8230946 0.5500091 0.1414401
vn -0.7611058 0.5087251 0.4023888
vn -0.7611058 0.5087251 0.4023888
vn -0.7611058 0.5087251 0.4023888
vn -0.7611058 0.5087251 0.4023888
vn -0.6302096 0.4214377 0.6520936
vn -0.6302096 0.4214377 0.6520936
vn -0.6302096 0.4214377 0.6520936
vn -0.6302096 0.4214377 0.6520936
vn -0.4198221 0.2809577 0.863025
vn -0.4198221 0.2809577 0.863025
vn -0.4198221 0.2809577 0.863025
vn -0.4198221 0.2809577 0.863025
vn -0.1373289 0.09202338 0.9862416
vn -0.1373289 0.09202338 0.9862416
vn -0.1373289 0.09202338 0.9862416
vn -0.1373289 0.09202338 0.9862416
vn -0.9669302 0.1923781 0.1674418
vn -0.9669302 0.1923781 0.1674418
vn -0.9669302 0.1923781 0.1674418
vn -0.9669302 0.1923781 0.1674418
vn -0.8665075 0.1725617 0.4683878
vn -0.8665075 0.1725617 0.4683878
vn -0.8665075 0.1725617 0.4683878
vn -0.8665075 0.1725617 0.4683878
vn -0.6793737 0.1355531 0.7211635
vn -0.6793737 0.1355531 0.7211635
vn -0.6793737 0.1355531 0.7211635
vn -0.6793737 0.1355531 0.7211635
vn -0.4263977 0.08533357 0.9005017
vn -0.4263977 0.08533357 0.9005017
vn -0.4263977 0.08533357 0.9005017
vn -0.4263977 0.08533357 0.9005017
vn 0.9669196 0.1923673 0.1675152
vn 0.9669196 0.1923673 0.1675152
vn 0.9669196 0.1923673 0.1675152
vn 0.9669196 0.1923673 0.1675152
vn 0.8664988 0.1725603 0.4684044
vn 0.8664988 0.1725603 0.4684044
vn 0.8664988 0.1725603 0.4684044
vn 0.8664988 0.1725603 0.4684044
vn 0.6793772 0.1355521 0.7211604
vn 0.6793772 0.1355521 0.7211604
vn 0.6793772 0.1355521 0.7211604
vn 0.6793772 0.1355521 0.7211604
vn 0.4263949 0.08533214 0.9005031
vn 0.4263949 0.08533214 0.9005031
vn 0.4263949 0.08533214 0.9005031
vn 0.4263949 0.08533214 0.9005031
vn 0.8230852 0.5500029 0.1415187
vn 0.8230852 0.5500029 0.1415187
vn 0.8230852 0.5500029 0.1415187
vn 0.8230852 0.5500029 0.1415187
vn 0.7611223 0.5087378 0.4023415
vn 0.7611223 0.5087378 0.4023415
vn 0.7611223 0.5087378 0.4023415
vn 0.7611223 0.5087378 0.4023415
vn 0.6302226 0.4214445 0.6520767
vn 0.6302226 0.4214445 0.6520767
vn 0.6302226 0.4214445 0.6520767
vn 0.6302226 0.4214445 0.6520767
vn 0.4197826 0.2809525 0.8630459
vn 0.4197826 0.2809525 0.8630459
vn 0.4197826 0.2809525 0.8630459
vn 0.4197826 0.2809525 0.8630459
vn 0.1373596 0.09201906 0.9862378
vn 0.1373596 0.09201906 0.9862378
vn 0.1373596 0.09201906 0.9862378
vn 0.1373596 0.09201906 0.9862378
vn 0.5500038 0.8230845 0.1415193
vn 0.5500038 0.8230845 0.1415193
vn 0.5500038 0.8230845 0.1415193
vn 0.5500038 0.8230845 0.1415193
vn 0.5087227 0.7611336 0.4023395
vn 0.5087227 0.7611336 0.4023395
vn 0.5087227 0.7611336 0.4023395
vn 0.5087227 0.7611336 0.4023395
vn 0.4214356 0.6302071 0.6520975
vn 0.4214356 0.6302071 0.6520975
vn 0.4214356 0.6302071 0.6520975
vn 0.4214356 0.6302071 0.6520975
vn 0.28094 0.4197865 0.8630481
vn 0.28094 0.4197865 0.8630481
vn 0.28094 0.4197865 0.8630481
vn 0.28094 0.4197865 0.8630481
vn 0.09204905 0.1373437 0.9862372
vn 0.09204905 0.1373437 0.9862372
vn 0.09204905 0.1373437 0.9862372
vn 0.09204905 0.1373437 0.9862372
vn 0.1923749 0.9669147 0.1675347
vn 0.1923749 0.9669147 0.1675347
vn 0.1923749 0.9669147 0.1675347
vn 0.1923749 0.9669147 0.1675347
vn 0.1725512 0.866486 0.4684314
vn 0.1725512 0.866486 0.4684314
vn 0.1725512 0.866486 0.4684314
vn 0.1725512 0.866486 0.4684314
vn 0.1355619 0.6793643 0.7211706
vn 0.1355619 0.6793643 0.7211706
vn 0.1355619 0.6793643 0.7211706
vn 0.1355619 0.6793643 0.7211706
vn 0.08532932 0.426422 0.9004906
vn 0.08532932 0.426422 0.9004906
vn 0.08532932 0.426422 0.9004906
vn 0.08532932 0.426422 0.9004906
vn -0.9697419 0.1929381 -0.1495845
vn -0.9697419 0.1929381 -0.1495845
vn -0.9697419 0.1929381 -0.1495845
vn -0.9697419 0.1929381 -0.1495845
vn -0.8762013 0.1744821 -0.4492521
vn -0.8762013 0.1744821 -0.4492521
vn -0.8762013 0.1744821 -0.4492521
vn -0.8762013 0.1744821 -0.4492521
vn -0.698154 0.1392901 -0.7022672
vn -0.698154 0.1392901 -0.7022672
vn -0.698154 0.1392901 -0.7022672
vn -0.698154 0.1392901 -0.7022672
vn -0.4547541 0.09095064 -0.8859609
vn -0.4547541 0.09095064 -0.8859609
vn -0.4547541 0.09095064 -0.8859609
vn -0.4547541 0.09095064 -0.8859609
vn -0.1687015 0.0338349 -0.9850863
vn -0.1687015 0.0338349 -0.9850863
vn -0.1687015 0.0338349 -0.9850863
vn -0.1687015 0.0338349 -0.9850863
vn -0.168699 -0.03383441 -0.9850867
vn -0.168699 -0.03383441 -0.9850867
vn -0.168699 -0.03383441 -0.9850867
vn -0.168699 -0.03383441 -0.9850867
vn -0.8254133 0.5515376 -0.1204127
vn -0.8254133 0.5515376 -0.1204127
vn -0.8254133 0.5515376 -0.1204127
vn -0.8254133 0.5515376 -0.1204127
vn -0.7690794 0.5140331 -0.3798509
vn -0.7690794 0.5140331 -0.3798509
vn -0.7690794 0.5140331 -0.3798509
vn -0.7690794 0.5140331 -0.3798509
vn -0.6463847 0.4322528 -0.6287642
vn -0.6463847 0.4322528 -0.6287642
vn -0.6463847 0.4322528 -0.6287642
vn -0.6463847 0.4322528 -0.6287642
vn -0.4465836 0.2988641 -0.8433525
vn -0.4465836 0.2988641 -0.8433525
vn -0.4465836 0.2988641 -0.8433525
vn -0.4465836 0.2988641 -0.8433525
vn -0.1726797 0.1156157 -0.9781691
vn -0.1726797 0.1156157 -0.9781691
vn -0.1726797 0.1156157 -0.9781691
vn -0.1726797 0.1156157 -0.9781691
vn -0.5515485 0.825398 -0.1204677
vn -0.5515485 0.825398 -0.1204677
vn -0.5515485 0.825398 -0.1204677
vn -0.5515485 0.825398 -0.1204677
vn -0.5140441 0.7690921 -0.3798105
vn -0.5140441 0.7690921 -0.3798105
vn -0.5140441 0.7690921 -0.3798105
vn -0.5140441 0.7690921 -0.3798105
vn -0.4322645 0.646387 -0.6287538
vn -0.4322645 0.646387 -0.6287538
vn -0.4322645 0.646387 -0.6287538
vn -0.4322645 0.646387 -0.6287538
vn -0.2988602 0.4465886 -0.8433511
vn -0.2988602 0.4465886 -0.8433511
vn -0.2988602 0.4465886 -0.8433511
vn -0.2988602 0.4465886 -0.8433511
vn -0.1156068 0.1726517 -0.978175
vn -0.1156068 0.1726517 -0.978175
vn -0.1156068 0.1726517 -0.978175
vn -0.1156068 0.1726517 -0.978175
vn -0.1929305 0.9697344 -0.1496429
vn -0.1929305 0.9697344 -0.1496429
vn -0.1929305 0.9697344 -0.1496429
vn -0.1929305 0.9697344 -0.1496429
vn -0.17449 0.8762099 -0.4492321
vn -0.17449 0.8762099 -0.4492321
vn -0.17449 0.8762099 -0.4492321
vn -0.17449 0.8762099 -0.4492321
vn -0.1392779 0.6981727 -0.702251
vn -0.1392779 0.6981727 -0.702251
vn -0.1392779 0.6981727 -0.702251
vn -0.1392779 0.6981727 -0.702251
vn -0.09095819 0.4546916 -0.8859922
vn -0.09095819 0.4546916 -0.8859922
vn -0.09095819 0.4546916 -0.8859922
vn -0.09095819 0.4546916 -0.8859922
vn -0.03383633 0.1686908 -0.9850881
vn -0.03383633 0.1686908 -0.9850881
vn -0.03383633 0.1686908 -0.9850881
vn -0.03383633 0.1686908 -0.9850881
vn 0.03383726 0.1687086 -0.985085
vn 0.03383726 0.1687086 -0.985085
vn 0.03383726 0.1687086 -0.985085
vn 0.03383726 0.1687086 -0.985085
vn 0.1929281 0.9697343 -0.1496462
vn 0.1929281 0.9697343 -0.1496462
vn 0.1929281 0.9697343 -0.1496462
vn 0.1929281 0.9697343 -0.1496462
vn 0.174495 0.8762298 -0.4491914
vn 0.174495 0.8762298 -0.4491914
vn 0.174495 0.8762298 -0.4491914
vn 0.174495 0.8762298 -0.4491914
vn 0.1392849 0.6981504 -0.7022718
vn 0.1392849 0.6981504 -0.7022718
vn 0.1392849 0.6981504 -0.7022718
vn 0.1392849 0.6981504 -0.7022718
vn 0.09095188 0.4546778 -0.886
vn 0.09095188 0.4546778 -0.886
vn 0.09095188 0.4546778 -0.886
vn 0.09095188 0.4546778 -0.886
vn 0.5515345 0.8254069 -0.1204704
vn 0.5515345 0.8254069 -0.1204704
vn 0.5515345 0.8254069 -0.1204704
vn 0.5515345 0.8254069 -0.1204704
vn 0.5140536 0.7690873 -0.3798073
vn 0.5140536 0.7690873 -0.3798073
vn 0.5140536 0.7690873 -0.3798073
vn 0.5140536 0.7690873 -0.3798073
vn 0.4322732 0.6463899 -0.6287448
vn 0.4322732 0.6463899 -0.6287448
vn 0.4322732 0.6463899 -0.6287448
vn 0.4322732 0.6463899 -0.6287448
vn 0.2988404 0.4465939 -0.8433554
vn 0.2988404 0.4465939 -0.8433554
vn 0.2988404 0.4465939 -0.8433554
vn 0.2988404 0.4465939 -0.8433554
vn 0.1156243 0.172665 -0.9781706
vn 0.1156243 0.172665 -0.9781706
vn 0.1156243 0.172665 -0.9781706
vn 0.1156243 0.172665 -0.9781706
vn 0.8254 0.5515562 -0.1204186
vn 0.8254 0.5515562 -0.1204186
vn 0.8254 0.5515562 -0.1204186
vn 0.8254 0.5515562 -0.1204186
vn 0.769091 0.5140219 -0.3798428
vn 0.769091 0.5140219 -0.3798428
vn 0.769091 0.5140219 -0.3798428
vn 0.769091 0.5140219 -0.3798428
vn 0.646382 0.4322604 -0.6287616
vn 0.646382 0.4322604 -0.6287616
vn 0.646382 0.4322604 -0.6287616
vn 0.646382 0.4322604 -0.6287616
vn 0.4465849 0.2988554 -0.8433549
vn 0.4465849 0.2988554 -0.8433549
vn 0.4465849 0.2988554 -0.8433549
vn 0.4465849 0.2988554 -0.8433549
vn 0.1726793 0.1156356 -0.9781668
vn 0.1726793 0.1156356 -0.9781668
vn 0.1726793 0.1156356 -0.9781668
vn 0.1726793 0.1156356 -0.9781668
vn 0.9697403 0.1929415 -0.1495908
vn 0.9697403 0.1929415 -0.1495908
vn 0.9697403 0.1929415 -0.1495908
vn 0.9697403 0.1929415 -0.1495908
vn 0.8762094 0.1744986 -0.4492297
vn 0.8762094 0.1744986 -0.4492297
vn 0.8762094 0.1744986 -0.4492297
vn 0.8762094 0.1744986 -0.4492297
vn 0.6981745 0.1392918 -0.7022465
vn 0.6981745 0.1392918 -0.7022465
vn 0.6981745 0.1392918 -0.7022465
vn 0.6981745 0.1392918 -0.7022465
vn 0.4547315 0.09095281 -0.8859723
vn 0.4547315 0.09095281 -0.8859723
vn 0.4547315 0.09095281 -0.8859723
vn 0.4547315 0.09095281 -0.8859723
vn 0.1687015 0.0338415 -0.9850861
vn 0.1687015 0.0338415 -0.9850861
vn 0.1687015 0.0338415 -0.9850861
vn 0.1687015 0.0338415 -0.9850861
vn 0.1687015 -0.0338349 -0.9850863
vn 0.1687015 -0.0338349 -0.9850863
vn 0.1687015 -0.0338349 -0.9850863
vn 0.1687015 -0.0338349 -0.9850863
vn 0.9697419 -0.1929381 -0.1495845
vn 0.9697419 -0.1929381 -0.1495845
vn 0.9697419 -0.1929381 -0.1495845
vn 0.9697419 -0.1929381 -0.1495845
vn 0.8762013 -0.1744821 -0.4492521
vn 0.8762013 -0.1744821 -0.4492521
vn 0.8762013 -0.1744821 -0.4492521
vn 0.8762013 -0.1744821 -0.4492521
vn 0.698154 -0.1392901 -0.7022672
vn 0.698154 -0.1392901 -0.7022672
vn 0.698154 -0.1392901 -0.7022672
vn 0.698154 -0.1392901 -0.7022672
vn 0.4547541 -0.09095064 -0.8859609
vn 0.4547541 -0.09095064 -0.8859609
vn 0.4547541 -0.09095064 -0.8859609
vn 0.4547541 -0.09095064 -0.8859609
vn 0.8254133 -0.5515376 -0.1204127
vn 0.8254133 -0.5515376 -0.1204127
vn 0.8254133 -0.5515376 -0.1204127
vn 0.8254133 -0.5515376 -0.1204127
vn 0.7690794 -0.5140331 -0.3798509
vn 0.7690794 -0.5140331 -0.3798509
vn 0.7690794 -0.5140331 -0.3798509
vn 0.7690794 -0.5140331 -0.3798509
vn 0.6463847 -0.4322528 -0.6287642
vn 0.6463847 -0.4322528 -0.6287642
vn 0.6463847 -0.4322528 -0.6287642
vn 0.6463847 -0.4322528 -0.6287642
vn 0.4465836 -0.2988641 -0.8433525
vn 0.4465836 -0.2988641 -0.8433525
vn 0.4465836 -0.2988641 -0.8433525
vn 0.4465836 -0.2988641 -0.8433525
vn 0.1726797 -0.1156157 -0.9781691
vn 0.1726797 -0.1156157 -0.9781691
vn 0.1726797 -0.1156157 -0.9781691
vn 0.1726797 -0.1156157 -0.9781691
vn 0.5515485 -0.825398 -0.1204677
vn 0.5515485 -0.825398 -0.1204677
vn 0.5515485 -0.825398 -0.1204677
vn 0.5515485 -0.825398 -0.1204677
vn 0.5140441 -0.7690921 -0.3798105
vn 0.5140441 -0.7690921 -0.3798105
vn 0.5140441 -0.7690921 -0.3798105
vn 0.5140441 -0.7690921 -0.3798105
vn 0.4322645 -0.646387 -0.6287538
vn 0.4322645 -0.646387 -0.6287538
vn 0.4322645 -0.646387 -0.6287538
vn 0.4322645 -0.646387 -0.6287538
vn 0.2988602 -0.4465886 -0.8433511
vn 0.2988602 -0.4465886 -0.8433511
vn 0.2988602 -0.4465886 -0.8433511
vn 0.2988602 -0.4465886 -0.8433511
vn 0.1156068 -0.1726517 -0.978175
vn 0.1156068 -0.1726517 -0.978175
vn 0.1156068 -0.1726517 -0.978175
vn 0.1156068 -0.1726517 -0.978175
vn 0.1929305 -0.9697344 -0.1496429
vn 0.1929305 -0.9697344 -0.1496429
vn 0.1929305 -0.9697344 -0.1496429
vn 0.1929305 -0.9697344 -0.1496429
vn 0.17449 -0.8762099 -0.4492321
vn 0.17449 -0.8762099 -0.4492321
vn 0.17449 -0.8762099 -0.4492321
vn 0.17449 -0.8762099 -0.4492321
vn 0.1392779 -0.6981727 -0.702251
vn 0.1392779 -0.6981727 -0.702251
vn 0.1392779 -0.6981727 -0.702251
vn 0.1392779 -0.6981727 -0.702251
vn 0.09095819 -0.4546916 -0.8859922
vn 0.09095819 -0.4546916 -0.8859922
vn 0.09095819 -0.4546916 -0.8859922
vn 0.09095819 -0.4546916 -0.8859922
vn 0.03383633 -0.1686908 -0.9850881
vn 0.03383633 -0.1686908 -0.9850881
vn 0.03383633 -0.1686908 -0.9850881
vn 0.03383633 -0.1686908 -0.9850881
vn -0.03383633 -0.1686908 -0.9850881
vn -0.03383633 -0.1686908 -0.9850881
vn -0.03383633 -0.1686908 -0.9850881
vn -0.03383633 -0.1686908 -0.9850881
vn -0.1929305 -0.9697344 -0.1496429
vn -0.1929305 -0.9697344 -0.1496429
vn -0.1929305 -0.9697344 -0.1496429
vn -0.1929305 -0.9697344 -0.1496429
vn -0.1744965 -0.8762088 -0.4492317
vn -0.1744965 -0.8762088 -0.4492317
vn -0.1744965 -0.8762088 -0.4492317
vn -0.1744965 -0.8762088 -0.4492317
vn -0.1392779 -0.6981727 -0.702251
vn -0.1392779 -0.6981727 -0.702251
vn -0.1392779 -0.6981727 -0.702251
vn -0.1392779 -0.6981727 -0.702251
vn -0.09095819 -0.4546916 -0.8859922
vn -0.09095819 -0.4546916 -0.8859922
vn -0.09095819 -0.4546916 -0.8859922
vn -0.09095819 -0.4546916 -0.8859922
vn -0.5515485 -0.825398 -0.1204677
vn -0.5515485 -0.825398 -0.1204677
vn -0.5515485 -0.825398 -0.1204677
vn -0.5515485 -0.825398 -0.1204677
vn -0.5140441 -0.7690921 -0.3798105
vn -0.5140441 -0.7690921 -0.3798105
vn -0.5140441 -0.7690921 -0.3798105
vn -0.5140441 -0.7690921 -0.3798105
vn -0.4322645 -0.646387 -0.6287538
vn -0.4322645 -0.646387 -0.6287538
vn -0.4322645 -0.646387 -0.6287538
vn -0.4322645 -0.646387 -0.6287538
vn -0.2988535 -0.4466033 -0.8433458
vn -0.2988535 -0.4466033 -0.8433458
vn -0.2988535 -0.4466033 -0.8433458
vn -0.2988535 -0.4466033 -0.8433458
vn -0.1156068 -0.1726517 -0.978175
vn -0.1156068 -0.1726517 -0.978175
vn -0.1156068 -0.1726517 -0.978175
vn -0.1156068 -0.1726517 -0.978175
vn -0.8254133 -0.5515376 -0.1204127
vn -0.8254133 -0.5515376 -0.1204127
vn -0.8254133 -0.5515376 -0.1204127
vn -0.8254133 -0.5515376 -0.1204127
vn -0.7690794 -0.5140331 -0.3798509
vn -0.7690794 -0.5140331 -0.3798509
vn -0.7690794 -0.5140331 -0.3798509
vn -0.7690794 -0.5140331 -0.3798509
vn -0.6463847 -0.4322528 -0.6287642
vn -0.6463847 -0.4322528 -0.6287642
vn -0.6463847 -0.4322528 -0.6287642
vn -0.6463847 -0.4322528 -0.6287642
vn -0.4465836 -0.2988641 -0.8433525
vn -0.4465836 -0.2988641 -0.8433525
vn -0.4465836 -0.2988641 -0.8433525
vn -0.4465836 -0.2988641 -0.8433525
vn -0.1726797 -0.1156157 -0.9781691
vn -0.1726797 -0.1156157 -0.9781691
vn -0.1726797 -0.1156157 -0.9781691
vn -0.1726797 -0.1156157 -0.9781691
vn -0.9697419 -0.1929381 -0.1495845
vn -0.9697419 -0.1929381 -0.1495845
vn -0.9697419 -0.1929381 -0.1495845
vn -0.9697419 -0.1929381 -0.1495845
vn -0.8762013 -0.1744821 -0.4492521
vn -0.8762013 -0.1744821 -0.4492521
vn -0.8762013 -0.1744821 -0.4492521
vn -0.8762013 -0.1744821 -0.4492521
vn -0.6981574 -0.1392908 -0.7022637
vn -0.6981574 -0.1392908 -0.7022637
vn -0.6981574 -0.1392908 -0.7022637
vn -0.6981574 -0.1392908 -0.7022637
vn -0.4547569 -0.09095121 -0.8859594
vn -0.4547569 -0.09095121 -0.8859594
vn -0.4547569 -0.09095121 -0.8859594
vn -0.4547569 -0.09095121 -0.8859594
vn 0 -0.4025893 -0.9153807
vn 0 -0.4025893 -0.9153807
vn 0 -0.4025893 -0.9153807
vn 0 -0.4025893 -0.9153807
vn 0 -0.6482227 -0.7614508
vn 0 -0.6482227 -0.7614508
vn 0 -0.6482227 -0.7614508
vn 0 -0.6482227 -0.7614508
vn 0 -0.8574033 -0.5146452
vn 0 -0.8574033 -0.5146452
vn 0 -0.8574033 -0.5146452
vn 0 -0.8574033 -0.5146452
vn 0 -0.9837278 -0.179665
vn 0 -0.9837278 -0.179665
vn 0 -0.9837278 -0.179665
vn 0 -0.9837278 -0.179665
vn 0 -0.3769294 0.926242
vn 0 -0.3769294 0.926242
vn 0 -0.3769294 0.926242
vn 0 -0.3769294 0.926242
vn 0 -0.6297594 0.7767903
vn 0 -0.6297594 0.7767903
vn 0 -0.6297594 0.7767903
vn 0 -0.6297594 0.7767903
vn 0 -0.847383 0.5309821
vn 0 -0.847383 0.5309821
vn 0 -0.847383 0.5309821
vn 0 -0.847383 0.5309821
vn 0 -0.9808375 0.1948278
vn 0 -0.9808375 0.1948278
vn 0 -0.9808375 0.1948278
vn 0 -0.9808375 0.1948278
vn -0.9808303 0 0.1948639
vn -0.9808303 0 0.1948639
vn -0.9808303 0 0.1948639
vn -0.9808303 0 0.1948639
vn -0.8473797 0 0.5309874
vn -0.8473797 0 0.5309874
vn -0.8473797 0 0.5309874
vn -0.8473797 0 0.5309874
vn -0.6297812 0 0.7767725
vn -0.6297812 0 0.7767725
vn -0.6297812 0 0.7767725
vn -0.6297812 0 0.7767725
vn -0.3769241 0 0.9262441
vn -0.3769241 0 0.9262441
vn -0.3769241 0 0.9262441
vn -0.3769241 0 0.9262441
vn -0.4026249 0 -0.9153651
vn -0.4026249 0 -0.9153651
vn -0.4026249 0 -0.9153651
vn -0.4026249 0 -0.9153651
vn -0.6482226 0 -0.7614509
vn -0.6482226 0 -0.7614509
vn -0.6482226 0 -0.7614509
vn -0.6482226 0 -0.7614509
vn -0.8574036 0 -0.5146447
vn -0.8574036 0 -0.5146447
vn -0.8574036 0 -0.5146447
vn -0.8574036 0 -0.5146447
vn -0.9837283 0 -0.1796627
vn -0.9837283 0 -0.1796627
vn -0.9837283 0 -0.1796627
vn -0.9837283 0 -0.1796627
vn 0.9808179 1.487201E-07 0.1949264
vn 0.9808179 1.487201E-07 0.1949264
vn 0.9808179 1.487201E-07 0.1949264
vn 0.9808179 1.487201E-07 0.1949264
vn 0.8473879 2.68986E-07 0.5309743
vn 0.8473879 2.68986E-07 0.5309743
vn 0.8473879 2.68986E-07 0.5309743
vn 0.8473879 2.68986E-07 0.5309743
vn 0.6297646 2.617236E-07 0.776786
vn 0.6297646 2.617236E-07 0.776786
vn 0.6297646 2.617236E-07 0.776786
vn 0.6297646 2.617236E-07 0.776786
vn 0.3769465 2.390718E-07 0.9262351
vn 0.3769465 2.390718E-07 0.9262351
vn 0.3769465 2.390718E-07 0.9262351
vn 0.3769465 2.390718E-07 0.9262351
vn 0.4026249 0 -0.9153651
vn 0.4026249 0 -0.9153651
vn 0.4026249 0 -0.9153651
vn 0.4026249 0 -0.9153651
vn 0.6482252 0 -0.7614487
vn 0.6482252 0 -0.7614487
vn 0.6482252 0 -0.7614487
vn 0.6482252 0 -0.7614487
vn 0.8574083 0 -0.5146367
vn 0.8574083 0 -0.5146367
vn 0.8574083 0 -0.5146367
vn 0.8574083 0 -0.5146367
vn 0.9837283 0 -0.1796627
vn 0.9837283 0 -0.1796627
vn 0.9837283 0 -0.1796627
vn 0.9837283 0 -0.1796627
vn 1.441736E-07 0.9808143 0.1949442
vn 1.441736E-07 0.9808143 0.1949442
vn 1.441736E-07 0.9808143 0.1949442
vn 1.441736E-07 0.9808143 0.1949442
vn 2.300684E-07 0.847383 0.5309821
vn 2.300684E-07 0.847383 0.5309821
vn 2.300684E-07 0.847383 0.5309821
vn 2.300684E-07 0.847383 0.5309821
vn 1.980823E-07 0.6297594 0.7767902
vn 1.980823E-07 0.6297594 0.7767902
vn 1.980823E-07 0.6297594 0.7767902
vn 1.980823E-07 0.6297594 0.7767902
vn 1.802384E-07 0.3769475 0.9262345
vn 1.802384E-07 0.3769475 0.9262345
vn 1.802384E-07 0.3769475 0.9262345
vn 1.802384E-07 0.3769475 0.9262345
vn 0 0.4025893 -0.9153807
vn 0 0.4025893 -0.9153807
vn 0 0.4025893 -0.9153807
vn 0 0.4025893 -0.9153807
vn 0 0.6481958 -0.7614738
vn 0 0.6481958 -0.7614738
vn 0 0.6481958 -0.7614738
vn 0 0.6481958 -0.7614738
vn 0 0.8574033 -0.5146452
vn 0 0.8574033 -0.5146452
vn 0 0.8574033 -0.5146452
vn 0 0.8574033 -0.5146452
vn 0 0.9837385 -0.1796067
vn 0 0.9837385 -0.1796067
vn 0 0.9837385 -0.1796067
vn 0 0.9837385 -0.1796067
vn 0 1 0
vn 0 1 0
vn 0 1 0
vn 0 1 0
vn -0.381052 -0.9245536 0
vn -0.381052 -0.9245536 0
vn -0.381052 -0.9245536 0
vn -0.381052 -0.9245536 0
vn 0.001101561 5.850367E-06 0.9999994
vn 0.001101561 5.850367E-06 0.9999994
vn 0.001101561 5.850367E-06 0.9999994
vn 0.001101561 5.850367E-06 0.9999994
vn 0.001100862 0.001097484 0.9999988
vn 0.001100862 0.001097484 0.9999988
vn 0.000116082 0.001499812 0.9999989
vn 0.000116082 0.001499812 0.9999989
vn 5.761711E-06 0.001091576 0.9999994
vn 5.761711E-06 0.001091576 0.9999994
vn 5.761711E-06 0.001091576 0.9999994
vn 5.761711E-06 0.001091576 0.9999994
vn -0.9999783 0.0002015363 0.006582433
vn -0.9999782 0.0008679167 0.006556666
vn -0.9999782 0.0008679167 0.006556666
vn -0.9999783 0.0002015363 0.006582433
vn -0.9999783 0.0002015363 0.006582433
vn -0.9999783 0.0002015363 0.006582433
vn -0.9999783 0.0002015363 0.006582433
vn -0.9999783 0.0002015363 0.006582433
vn -0.9999783 0.0002015363 0.006582433
vn -0.9999783 0.0002015363 0.006582433
vn -0.9999783 0 0.006591325
vn -0.9999783 0 0.006591325
vn -0.9245456 -0.3810712 0
vn -0.9245456 -0.3810712 0
vn -0.9245456 -0.3810712 0
vn -0.9245456 -0.3810712 0
vn 0 1 0
vn 0 1 0
vn 0 1 0
vn 0 1 0
vn 0 0 -1
vn 0 0 -1
vn 0 0 -1
vn 0 0 -1
vn 0 0 -1
vn 0 0 -1
vn 0 0 -1
vn 0 0 -1
vn 0 0 -1
vn 0 0 -1
vn 0 0 -1
vn 0 0 -1
vn 0 0 -1
vn 0 0 -1
vn 0 0 -1
vn 0 0 -1
vn -0.001556995 0.9999986 0.0006405208
vn -0.001556995 0.9999986 0.0006405208
vn -0.001556995 0.9999986 0.0006405208
vn -0.001556995 0.9999986 0.0006405208
vn 0 1 1.146066E-07
vn 0 1 1.146066E-07
vn -1 0 0
vn -1 0 0
vn -1 0 0
vn -1 0 0
vn -0.9999926 -0.003537545 0.001467617
vn -0.9999926 -0.003537545 0.001467617
vn -0.003509992 -0.9999927 0.001451986
vn -0.003509992 -0.9999927 0.001451986
vn -0.003509992 -0.9999927 0.001451986
vn -0.003509992 -0.9999927 0.001451986
vn 0 -1 0
vn 0 -1 0
vn 0.9999986 -0.001569423 0.0006466859
vn 0.9999986 -0.001569423 0.0006466859
vn 0.9999986 -0.001569423 0.0006466859
vn 0.9999986 -0.001569423 0.0006466859
vn 1 7.334912E-06 0
vn 1 7.334912E-06 0
vn 0 -1.805531E-07 -1
vn 0 -1.805537E-07 -1
vn 0 -1.805537E-07 -1
vn 0 -1.805531E-07 -1
vn 0 -1.805531E-07 -1
vn 0 -1.805531E-07 -1
vn 0 -1.805542E-07 -1
vn 0 -1.805542E-07 -1
vn 0 -1.805542E-07 -1
vn 0 -1.805542E-07 -1
vn 0 -1.805528E-07 -1
vn 0 -1.805528E-07 -1
vn 0 -1.805528E-07 -1
vn 0 -1.805528E-07 -1
vn 0 -1.805534E-07 -1
vn 0 -1.805534E-07 -1
vn -0.0917556 -0.9957815 -3.937041E-06
vn -0.0917556 -0.9957815 -3.937041E-06
vn -0.0917556 -0.9957815 -3.937041E-06
vn -0.0917556 -0.9957815 -3.937041E-06
vn 0 0 1
vn 0 0 1
vn 0 0 1
vn 0 0 1
vn 0 0 1
vn 0 0 1
vn 0.001832893 -3.733906E-05 -0.9999983
vn 0.001833351 -0.000759386 -0.999998
vn -0.0007650721 0.001847922 -0.999998
vn -3.618455E-05 0.001847499 -0.9999983
vn -0.0007650721 0.001847922 -0.999998
vn 0.001832893 -3.733906E-05 -0.9999983
vn -3.618455E-05 0.001847499 -0.9999983
vn 0.001832893 -3.733906E-05 -0.9999983
vn 0.001832634 -0.001096434 -0.9999977
vn -0.0001178949 -0.001502883 -0.9999988
vn -0.0001178949 -0.001502883 -0.9999988
vn -3.618455E-05 0.001847499 -0.9999983
vn -3.618455E-05 0.001847499 -0.9999983
vn 1.711872E-06 3.414374E-07 -1
vn -0.001104178 -0.00110508 -0.9999988
vn -3.618455E-05 0.001847499 -0.9999983
vn 1.711872E-06 3.414374E-07 -1
vn -0.00110648 0.001847182 -0.9999977
vn -0.00110648 0.001847182 -0.9999977
vn 1 0 0
vn 1 0 0
vn 1 0 0
vn 1 0 0
vn 0.9999996 -0.0008762616 1.651058E-05
vn 0.9999996 -0.0008762616 1.651058E-05
vn 0.9999996 -0.0008762616 1.651058E-05
vn 0.9999996 -0.0008762616 1.651058E-05
vn 0.05689698 0.9983801 4.896189E-06
vn 0.05689698 0.9983801 4.896189E-06
vn 0.05689698 0.9983801 4.896189E-06
vn 0.05689698 0.9983801 4.896189E-06
vn -0.7071009 -0.7071126 0
vn -0.7071009 -0.7071126 0
vn -0.7071009 -0.7071126 0
vn -0.7071009 -0.7071126 0
vn -0.9957784 -0.09178968 0
vn -0.9957784 -0.09178968 0
vn -0.9957784 -0.09178968 0
vn -0.9957784 -0.09178968 0
vn 0.707088 0.7071255 -3.583283E-06
vn 0.707088 0.7071255 -3.583283E-06
vn 0.707088 0.7071255 -3.583283E-06
vn 0.707088 0.7071255 -3.583283E-06
vn 0.9983786 0.05692105 5.090722E-06
vn 0.9983786 0.05692105 5.090722E-06
vn 0.9983786 0.05692105 5.090722E-06
vn 0.9983786 0.05692105 5.090722E-06
vn -0.8314694 -0.5555706 0
vn -0.8314694 -0.5555706 0
vn -0.8314694 -0.5555706 0
vn -0.8314694 -0.5555706 0
vn -0.8314679 0.5555728 0
vn -0.8314679 0.5555728 0
vn -0.8314679 0.5555728 0
vn -0.8314679 0.5555728 0
vn 0 0 1
vn 0 0 1
vn 0 0 1
vn 0 0 1
vn 0 0 1
vn 0 0 1
vn 3.501401E-06 0 1
vn 3.501401E-06 0 1
vn 3.501401E-06 0 1
vn 3.501401E-06 0 1
vn 0 0 1
vn 0 0 1
vn 0 0 1
vn 0 0 1
vn 0 0 1
vn 0 0 1
vn 0 0 1
vn 0 0 1
vn -3.501401E-06 0 1
vn -3.501401E-06 0 1
vn 0.8314694 0.5555706 0
vn 0.8314694 0.5555706 0
vn 0.8314694 0.5555706 0
vn 0.8314694 0.5555706 0
vn 0.9807853 -0.1950903 0
vn 0.9807853 -0.1950903 0
vn 0.9807853 -0.1950903 0
vn 0.9807853 -0.1950903 0
vn -0.8314695 -0.5555705 0
vn -0.8314695 -0.5555705 0
vn -0.8314695 -0.5555705 0
vn -0.8314695 -0.5555705 0
vn 0.9807853 0.1950903 0
vn 0.9807853 0.1950903 0
vn 0.9807853 0.1950903 0
vn 0.9807853 0.1950903 0
vn -0.5555733 -0.8314676 0
vn -0.5555733 -0.8314676 0
vn -0.5555733 -0.8314676 0
vn -0.5555733 -0.8314676 0
vn 0.9807854 0.1950898 0
vn 0.9807854 0.1950898 0
vn 0.9807854 0.1950898 0
vn 0.9807854 0.1950898 0
vn 0.8314674 -0.5555735 0
vn 0.8314674 -0.5555735 0
vn 0.8314674 -0.5555735 0
vn 0.8314674 -0.5555735 0
vn -0.5555719 -0.8314686 0
vn -0.5555719 -0.8314686 0
vn -0.5555719 -0.8314686 0
vn -0.5555719 -0.8314686 0
vn -0.9807853 0.1950903 0
vn -0.9807853 0.1950903 0
vn -0.9807853 0.1950903 0
vn -0.9807853 0.1950903 0
vn 0.8314694 -0.5555706 0
vn 0.8314694 -0.5555706 0
vn 0.8314694 -0.5555706 0
vn 0.8314694 -0.5555706 0
vn -0.1950889 -0.9807855 0
vn -0.1950889 -0.9807855 0
vn -0.1950889 -0.9807855 0
vn -0.1950889 -0.9807855 0
vn -0.9807861 0.1950859 0
vn -0.9807861 0.1950859 0
vn -0.9807861 0.1950859 0
vn -0.9807861 0.1950859 0
vn -0.9789224 0.204233 0
vn -0.9789224 0.204233 0
vn -0.9789224 0.204233 0
vn -0.9789224 0.204233 0
vn 0.204236 0.9789217 0
vn 0.204236 0.9789217 0
vn 0.204236 0.9789217 0
vn 0.204236 0.9789217 0
vn -0.9789224 -0.204233 0
vn -0.9789224 -0.204233 0
vn -0.9789224 -0.204233 0
vn -0.9789224 -0.204233 0
vn 0.9789216 -0.2042363 0
vn 0.9789216 -0.2042363 0
vn 0.9789216 -0.2042363 0
vn 0.9789216 -0.2042363 0
vn -0.8314697 0.5555702 0
vn -0.8314697 0.5555702 0
vn -0.8314697 0.5555702 0
vn -0.8314697 0.5555702 0
vn 0.5555694 0.8314702 0
vn 0.5555694 0.8314702 0
vn 0.5555694 0.8314702 0
vn 0.5555694 0.8314702 0
vn -0.8314697 -0.5555702 0
vn -0.8314697 -0.5555702 0
vn -0.8314697 -0.5555702 0
vn -0.8314697 -0.5555702 0
vn 0.8314697 -0.5555702 0
vn 0.8314697 -0.5555702 0
vn 0.8314697 -0.5555702 0
vn 0.8314697 -0.5555702 0
vn -0.2042353 -0.9789218 0
vn -0.2042353 -0.9789218 0
vn -0.2042353 -0.9789218 0
vn -0.2042353 -0.9789218 0
vn 0 0 -1
vn 0 0 -1
vn 0 0 -1
vn 0 0 -1
vn 0.0001671123 0 -1
vn 0.0001671123 0 -1
vn 0 0 1
vn 0 0 1
vn 0 0 1
vn 0 0 1
vn 0 0 1
vn 0 0 1
vn 0 0 1
vn 0 0 1
vn 0 0 1
vn 0 0 1
vn 0 0 1
vn 0 0 1
vn 0 0 1
vn 0 0 1
vn 0 0 -1
vn 0 0 -1
vn 0 0 -1
vn 0 0 -1
vn -0.0001671123 0 -1
vn -0.0001671123 0 -1
vn 0 0 1
vn 0 0 1
vn 0 0 1
vn 0 0 1
vn 0 0 1
vn 0 0 1
vn 0 0 1
vn -0.2042353 0.9789218 0
vn -0.2042353 0.9789218 0
vn -0.2042353 0.9789218 0
vn -0.2042353 0.9789218 0
vn 0 0 -1
vn 0 0 -1
vn 0 0 -1
vn 0 0 -1
vn 0.0001671123 0 -1
vn 0.0001671123 0 -1
vn 0 0 1
vn 0 0 1
vn 0 0 1
vn 0 0 1
vn 0 0 1
vn 0 0 1
vn 0 0 1
vn 0.9789216 0.2042363 0
vn 0.9789216 0.2042363 0
vn 0.9789216 0.2042363 0
vn 0.9789216 0.2042363 0
vn -0.0001671123 0 -1
vn -0.0001671123 0 -1
vn -0.0001671123 0 -1
vn -0.0001671123 0 -1
vn 0 0 -1
vn 0 0 -1
vn -1 0 0
vn -1 0 0
vn -1 0 0
vn -1 0 0
vn -0.5555694 -0.8314702 0
vn -0.5555694 -0.8314702 0
vn -0.5555694 -0.8314702 0
vn -0.5555694 -0.8314702 0
vn 0.204236 -0.9789217 0
vn 0.204236 -0.9789217 0
vn 0.204236 -0.9789217 0
vn 0.204236 -0.9789217 0
vn 1 0 0
vn 1 0 0
vn 1 0 0
vn 1 0 0
vn 0 -1 0
vn 0 -1 0
vn 0 -1 0
vn 0 -1 0
vn 0 1 0
vn 0 1 0
vn 0 1 0
vn 0 1 0
vn 0.5555694 -0.8314702 0
vn 0.5555694 -0.8314702 0
vn 0.5555694 -0.8314702 0
vn 0.5555694 -0.8314702 0
vn 0.8314697 0.5555702 0
vn 0.8314697 0.5555702 0
vn 0.8314697 0.5555702 0
vn 0.8314697 0.5555702 0
vn -0.5555694 0.8314702 0
vn -0.5555694 0.8314702 0
vn -0.5555694 0.8314702 0
vn -0.5555694 0.8314702 0
vn -0.2002704 -0.9599456 0.1959498
vn -0.2002704 -0.9599456 0.1959498
vn -0.2002704 -0.9599456 0.1959498
vn -0.2002704 -0.9599456 0.1959498
vn -0.1695506 -0.8128088 0.55731
vn -0.1695506 -0.8128088 0.55731
vn -0.1695506 -0.8128088 0.55731
vn -0.1695506 -0.8128088 0.55731
vn -0.113062 -0.5421479 0.832642
vn -0.113062 -0.5421479 0.832642
vn -0.113062 -0.5421479 0.832642
vn -0.113062 -0.5421479 0.832642
vn -0.0396405 -0.1901509 0.9809543
vn -0.0396405 -0.1901509 0.9809543
vn -0.0396405 -0.1901509 0.9809543
vn -0.0396405 -0.1901509 0.9809543
vn 0.03964143 -0.1901541 0.9809536
vn 0.03964143 -0.1901541 0.9809536
vn 0.03964143 -0.1901541 0.9809536
vn 0.03964143 -0.1901541 0.9809536
vn -0.5448406 -0.8154185 0.1955542
vn -0.5448406 -0.8154185 0.1955542
vn -0.5448406 -0.8154185 0.1955542
vn -0.5448406 -0.8154185 0.1955542
vn -0.4615705 -0.6908042 0.556545
vn -0.4615705 -0.6908042 0.556545
vn -0.4615705 -0.6908042 0.556545
vn -0.4615705 -0.6908042 0.556545
vn -0.3081051 -0.4611324 0.8321227
vn -0.3081051 -0.4611324 0.8321227
vn -0.3081051 -0.4611324 0.8321227
vn -0.3081051 -0.4611324 0.8321227
vn -0.1081181 -0.1618241 0.9808789
vn -0.1081181 -0.1618241 0.9808789
vn -0.1081181 -0.1618241 0.9808789
vn -0.1081181 -0.1618241 0.9808789
vn -0.8154166 -0.5448381 0.195569
vn -0.8154166 -0.5448381 0.195569
vn -0.8154166 -0.5448381 0.195569
vn -0.8154166 -0.5448381 0.195569
vn -0.6908096 -0.461575 0.5565345
vn -0.6908096 -0.461575 0.5565345
vn -0.6908096 -0.461575 0.5565345
vn -0.6908096 -0.461575 0.5565345
vn -0.4611331 -0.3081053 0.8321222
vn -0.4611331 -0.3081053 0.8321222
vn -0.4611331 -0.3081053 0.8321222
vn -0.4611331 -0.3081053 0.8321222
vn -0.1618214 -0.1081158 0.9808796
vn -0.1618214 -0.1081158 0.9808796
vn -0.1618214 -0.1081158 0.9808796
vn -0.1618214 -0.1081158 0.9808796
vn -0.9599457 -0.2002698 0.1959495
vn -0.9599457 -0.2002698 0.1959495
vn -0.9599457 -0.2002698 0.1959495
vn -0.9599457 -0.2002698 0.1959495
vn -0.8128024 -0.1695483 0.5573201
vn -0.8128024 -0.1695483 0.5573201
vn -0.8128024 -0.1695483 0.5573201
vn -0.8128024 -0.1695483 0.5573201
vn -0.5421494 -0.113063 0.8326408
vn -0.5421494 -0.113063 0.8326408
vn -0.5421494 -0.113063 0.8326408
vn -0.5421494 -0.113063 0.8326408
vn -0.1901485 -0.03964053 0.9809548
vn -0.1901485 -0.03964053 0.9809548
vn -0.1901485 -0.03964053 0.9809548
vn -0.1901485 -0.03964053 0.9809548
vn -0.1901485 0.03964053 0.9809548
vn -0.1901485 0.03964053 0.9809548
vn -0.1901485 0.03964053 0.9809548
vn -0.1901485 0.03964053 0.9809548
vn -0.2002704 0.9599456 0.1959498
vn -0.2002704 0.9599456 0.1959498
vn -0.2002704 0.9599456 0.1959498
vn -0.2002704 0.9599456 0.1959498
vn -0.1695503 0.8128089 0.55731
vn -0.1695503 0.8128089 0.55731
vn -0.1695503 0.8128089 0.55731
vn -0.1695503 0.8128089 0.55731
vn -0.1130618 0.5421479 0.832642
vn -0.1130618 0.5421479 0.832642
vn -0.1130618 0.5421479 0.832642
vn -0.1130618 0.5421479 0.832642
vn -0.03964077 0.1901509 0.9809543
vn -0.03964077 0.1901509 0.9809543
vn -0.03964077 0.1901509 0.9809543
vn -0.03964077 0.1901509 0.9809543
vn 0.0396405 0.1901509 0.9809543
vn 0.0396405 0.1901509 0.9809543
vn 0.0396405 0.1901509 0.9809543
vn 0.0396405 0.1901509 0.9809543
vn -0.5448403 0.8154187 0.1955543
vn -0.5448403 0.8154187 0.1955543
vn -0.5448403 0.8154187 0.1955543
vn -0.5448403 0.8154187 0.1955543
vn -0.4615781 0.6908156 0.5565245
vn -0.4615781 0.6908156 0.5565245
vn -0.4615781 0.6908156 0.5565245
vn -0.4615781 0.6908156 0.5565245
vn -0.3081011 0.4611264 0.8321275
vn -0.3081011 0.4611264 0.8321275
vn -0.3081011 0.4611264 0.8321275
vn -0.3081011 0.4611264 0.8321275
vn -0.1081181 0.1618241 0.9808789
vn -0.1081181 0.1618241 0.9808789
vn -0.1081181 0.1618241 0.9808789
vn -0.1081181 0.1618241 0.9808789
vn -0.8154166 0.5448381 0.195569
vn -0.8154166 0.5448381 0.195569
vn -0.8154166 0.5448381 0.195569
vn -0.8154166 0.5448381 0.195569
vn -0.6908096 0.461575 0.5565345
vn -0.6908096 0.461575 0.5565345
vn -0.6908096 0.461575 0.5565345
vn -0.6908096 0.461575 0.5565345
vn -0.4611331 0.3081053 0.8321222
vn -0.4611331 0.3081053 0.8321222
vn -0.4611331 0.3081053 0.8321222
vn -0.4611331 0.3081053 0.8321222
vn -0.1618267 0.1081193 0.9808784
vn -0.1618267 0.1081193 0.9808784
vn -0.1618267 0.1081193 0.9808784
vn -0.1618267 0.1081193 0.9808784
vn -0.9599457 0.2002698 0.1959495
vn -0.9599457 0.2002698 0.1959495
vn -0.9599457 0.2002698 0.1959495
vn -0.9599457 0.2002698 0.1959495
vn -0.8128024 0.1695483 0.5573201
vn -0.8128024 0.1695483 0.5573201
vn -0.8128024 0.1695483 0.5573201
vn -0.8128024 0.1695483 0.5573201
vn -0.5421494 0.113063 0.8326408
vn -0.5421494 0.113063 0.8326408
vn -0.5421494 0.113063 0.8326408
vn -0.5421494 0.113063 0.8326408
vn 0.959945 0.2002697 0.1959532
vn 0.959945 0.2002697 0.1959532
vn 0.959945 0.2002697 0.1959532
vn 0.959945 0.2002697 0.1959532
vn 0.8128024 0.1695483 0.5573201
vn 0.8128024 0.1695483 0.5573201
vn 0.8128024 0.1695483 0.5573201
vn 0.8128024 0.1695483 0.5573201
vn 0.5421494 0.113063 0.8326408
vn 0.5421494 0.113063 0.8326408
vn 0.5421494 0.113063 0.8326408
vn 0.5421494 0.113063 0.8326408
vn 0.1901485 0.03964053 0.9809548
vn 0.1901485 0.03964053 0.9809548
vn 0.1901485 0.03964053 0.9809548
vn 0.1901485 0.03964053 0.9809548
vn 0.1901493 -0.0396407 0.9809545
vn 0.1901493 -0.0396407 0.9809545
vn 0.1901493 -0.0396407 0.9809545
vn 0.1901493 -0.0396407 0.9809545
vn 0.8154166 0.5448381 0.195569
vn 0.8154166 0.5448381 0.195569
vn 0.8154166 0.5448381 0.195569
vn 0.8154166 0.5448381 0.195569
vn 0.6908039 0.4615712 0.5565447
vn 0.6908039 0.4615712 0.5565447
vn 0.6908039 0.4615712 0.5565447
vn 0.6908039 0.4615712 0.5565447
vn 0.4611328 0.3081071 0.8321217
vn 0.4611328 0.3081071 0.8321217
vn 0.4611328 0.3081071 0.8321217
vn 0.4611328 0.3081071 0.8321217
vn 0.1618267 0.1081204 0.9808782
vn 0.1618267 0.1081204 0.9808782
vn 0.1618267 0.1081204 0.9808782
vn 0.1618267 0.1081204 0.9808782
vn 0.5448406 0.8154185 0.1955542
vn 0.5448406 0.8154185 0.1955542
vn 0.5448406 0.8154185 0.1955542
vn 0.5448406 0.8154185 0.1955542
vn 0.4615781 0.6908156 0.5565245
vn 0.4615781 0.6908156 0.5565245
vn 0.4615781 0.6908156 0.5565245
vn 0.4615781 0.6908156 0.5565245
vn 0.3081011 0.4611264 0.8321275
vn 0.3081011 0.4611264 0.8321275
vn 0.3081011 0.4611264 0.8321275
vn 0.3081011 0.4611264 0.8321275
vn 0.1081181 0.1618241 0.9808789
vn 0.1081181 0.1618241 0.9808789
vn 0.1081181 0.1618241 0.9808789
vn 0.1081181 0.1618241 0.9808789
vn 0.2002704 0.9599456 0.1959498
vn 0.2002704 0.9599456 0.1959498
vn 0.2002704 0.9599456 0.1959498
vn 0.2002704 0.9599456 0.1959498
vn 0.169549 0.8128015 0.557321
vn 0.169549 0.8128015 0.557321
vn 0.169549 0.8128015 0.557321
vn 0.169549 0.8128015 0.557321
vn 0.1130622 0.5421464 0.8326429
vn 0.1130622 0.5421464 0.8326429
vn 0.1130622 0.5421464 0.8326429
vn 0.1130622 0.5421464 0.8326429
vn 0.2002704 -0.9599456 0.1959498
vn 0.2002704 -0.9599456 0.1959498
vn 0.2002704 -0.9599456 0.1959498
vn 0.2002704 -0.9599456 0.1959498
vn 0.1695503 -0.8128089 0.55731
vn 0.1695503 -0.8128089 0.55731
vn 0.1695503 -0.8128089 0.55731
vn 0.1695503 -0.8128089 0.55731
vn 0.1130619 -0.5421465 0.8326429
vn 0.1130619 -0.5421465 0.8326429
vn 0.1130619 -0.5421465 0.8326429
vn 0.1130619 -0.5421465 0.8326429
vn 0.5448403 -0.8154187 0.1955543
vn 0.5448403 -0.8154187 0.1955543
vn 0.5448403 -0.8154187 0.1955543
vn 0.5448403 -0.8154187 0.1955543
vn 0.4615705 -0.6908042 0.556545
vn 0.4615705 -0.6908042 0.556545
vn 0.4615705 -0.6908042 0.556545
vn 0.4615705 -0.6908042 0.556545
vn 0.3081051 -0.4611324 0.8321227
vn 0.3081051 -0.4611324 0.8321227
vn 0.3081051 -0.4611324 0.8321227
vn 0.3081051 -0.4611324 0.8321227
vn 0.1081181 -0.1618241 0.9808789
vn 0.1081181 -0.1618241 0.9808789
vn 0.1081181 -0.1618241 0.9808789
vn 0.1081181 -0.1618241 0.9808789
vn 0.8154166 -0.5448381 0.195569
vn 0.8154166 -0.5448381 0.195569
vn 0.8154166 -0.5448381 0.195569
vn 0.8154166 -0.5448381 0.195569
vn 0.6908096 -0.461575 0.5565345
vn 0.6908096 -0.461575 0.5565345
vn 0.6908096 -0.461575 0.5565345
vn 0.6908096 -0.461575 0.5565345
vn 0.4611328 -0.3081071 0.8321217
vn 0.4611328 -0.3081071 0.8321217
vn 0.4611328 -0.3081071 0.8321217
vn 0.4611328 -0.3081071 0.8321217
vn 0.1618214 -0.1081168 0.9808795
vn 0.1618214 -0.1081168 0.9808795
vn 0.1618214 -0.1081168 0.9808795
vn 0.1618214 -0.1081168 0.9808795
vn 0.9599457 -0.2002698 0.1959495
vn 0.9599457 -0.2002698 0.1959495
vn 0.9599457 -0.2002698 0.1959495
vn 0.9599457 -0.2002698 0.1959495
vn 0.8128024 -0.1695483 0.5573201
vn 0.8128024 -0.1695483 0.5573201
vn 0.8128024 -0.1695483 0.5573201
vn 0.8128024 -0.1695483 0.5573201
vn 0.5421494 -0.113063 0.8326408
vn 0.5421494 -0.113063 0.8326408
vn 0.5421494 -0.113063 0.8326408
vn 0.5421494 -0.113063 0.8326408
vn -0.5612053 0 0.8276767
vn -0.5612053 0 0.8276767
vn -0.5612053 0 0.8276767
vn -0.5612053 0 0.8276767
vn -0.8351916 0 0.5499591
vn -0.8351916 0 0.5499591
vn -0.8351916 0 0.5499591
vn -0.8351916 0 0.5499591
vn -0.9813222 0 0.1923717
vn -0.9813222 0 0.1923717
vn -0.9813222 0 0.1923717
vn -0.9813222 0 0.1923717
vn 0 0.5611715 0.8276995
vn 0 0.5611715 0.8276995
vn 0 0.5611715 0.8276995
vn 0 0.5611715 0.8276995
vn 0 0.8351862 0.5499673
vn 0 0.8351862 0.5499673
vn 0 0.8351862 0.5499673
vn 0 0.8351862 0.5499673
vn 0 0.9813237 0.1923637
vn 0 0.9813237 0.1923637
vn 0 0.9813237 0.1923637
vn 0 0.9813237 0.1923637
vn 0.5612053 0 0.8276767
vn 0.5612053 0 0.8276767
vn 0.5612053 0 0.8276767
vn 0.5612053 0 0.8276767
vn 0.8351916 0 0.5499591
vn 0.8351916 0 0.5499591
vn 0.8351916 0 0.5499591
vn 0.8351916 0 0.5499591
vn 0.9813222 0 0.1923717
vn 0.9813222 0 0.1923717
vn 0.9813222 0 0.1923717
vn 0.9813222 0 0.1923717
vn 0 -0.5611539 0.8277115
vn 0 -0.5611539 0.8277115
vn 0 -0.5611539 0.8277115
vn 0 -0.5611539 0.8277115
vn 0 -0.8351979 0.5499495
vn 0 -0.8351979 0.5499495
vn 0 -0.8351979 0.5499495
vn 0 -0.8351979 0.5499495
vn 0 -0.9813197 0.1923844
vn 0 -0.9813197 0.1923844
vn 0 -0.9813197 0.1923844
vn 0 -0.9813197 0.1923844
vn 0 0 -1
vn 0 0 -1
vn 0 0 -1
vn 0 0 -1
vn 0 0 1
vn 0 0 1
vn 0 0 1
vn 0 0 1
vn 0 0 1
vn 0 0 1
vn 0 0 1
vn 0 0 1
vn 0 0 1
vn 0 0 1
vn 0 0 -1
vn 0 0 -1
vn 3.248019E-05 0 -1
vn 3.248019E-05 0 -1
vn 3.248019E-05 0 -1
vn 3.248019E-05 0 -1
vn 0 0 -1
vn 0 0 -1
vn 0 0 -1
vn 0 0 -1
vn -0.9807861 -0.1950859 0
vn -0.9807861 -0.1950859 0
vn -0.9807861 -0.1950859 0
vn -0.9807861 -0.1950859 0
vn 1.275706E-05 0 -1
vn 1.275706E-05 0 -1
vn 1.275706E-05 0 -1
vn 1.275706E-05 0 -1
vn 0 0 1
vn 0 0 1
vn 0 0 1
vn 0 0 1
vn 0 0 1
vn 0 0 1
vn 0 0 1
vn 0 0 1
vn 0 0 -1
vn 0 0 -1
vn 0 0 -1
vn 0 0 -1
vn 0 0 -1
vn 0 0 -1
vn 0 0 -1
vn 0 0 -1
vn 0 0 -1
vn 0 0 -1
vn -1.275706E-05 0 -1
vn -1.275706E-05 0 -1
vn -1.275706E-05 0 -1
vn -1.275706E-05 0 -1
vn 0 0 -1
vn 0 0 -1
vn 0 0 -1
vn 0 0 -1
vn -3.248441E-05 0 -1
vn -3.248441E-05 0 -1
vn 0 0 -1
vn 0 0 -1
vn 0 0 -1
vn 0 0 -1
vn 0.5555733 0.8314676 0
vn 0.5555733 0.8314676 0
vn 0.5555733 0.8314676 0
vn 0.5555733 0.8314676 0
vn 0.8314674 0.5555735 0
vn 0.8314674 0.5555735 0
vn 0.8314674 0.5555735 0
vn 0.8314674 0.5555735 0
vn 0 0 -1
vn 0 0 -1
vn 0 0 -1
vn 0 0 -1
vn 0 0 1
vn 0 0 1
vn 0 0 1
vn 0 0 1
vn 0 0 -1
vn 0 0 -1
vn 0 0 -1
vn 0 0 -1
vn 0 0 -1
vn 0 0 -1
vn 0 0 -1
vn 0 0 -1
vn 0 0 -1
vn 0 0 -1
vn 0 0 1
vn 0 0 1
vn 0 0 1
vn 0 0 1
vn 0 0 1
vn 0 0 1
vn 0 0 1
vn 0 0 1
vn 0 0 1
vn 0 0 1
vn -0.9807853 -0.1950903 0
vn -0.9807853 -0.1950903 0
vn -0.9807853 -0.1950903 0
vn -0.9807853 -0.1950903 0
vn 0 0 1
vn 0 0 1
vn 0 0 1
vn 0 0 1
vn 0.9807854 -0.1950898 0
vn 0.9807854 -0.1950898 0
vn 0.9807854 -0.1950898 0
vn 0.9807854 -0.1950898 0
vn 0 -1 0
vn 0 -1 0
vn 0 -1 0
vn 0 -1 0
vn 1 0 0
vn 1 0 0
vn 1 0 0
vn 1 0 0
vn -1 0 0
vn -1 0 0
vn -1 0 0
vn -1 0 0
vn 0 1 0
vn 0 1 0
vn 0 1 0
vn 0 1 0
vn -0.1884542 -0.982082 0
vn -0.1884542 -0.982082 0
vn -0.1884542 -0.982082 0
vn -0.1884542 -0.982082 0
vn -0.5555701 -0.8314697 0
vn -0.5555701 -0.8314697 0
vn -0.5555701 -0.8314697 0
vn -0.5555701 -0.8314697 0
vn -0.8314698 -0.55557 0
vn -0.8314698 -0.55557 0
vn -0.8314698 -0.55557 0
vn -0.8314698 -0.55557 0
vn -0.9820822 -0.1884532 0
vn -0.9820822 -0.1884532 0
vn -0.9820822 -0.1884532 0
vn -0.9820822 -0.1884532 0
vn -0.1884542 0.982082 0
vn -0.1884542 0.982082 0
vn -0.1884542 0.982082 0
vn -0.1884542 0.982082 0
vn -0.5555701 0.8314697 0
vn -0.5555701 0.8314697 0
vn -0.5555701 0.8314697 0
vn -0.5555701 0.8314697 0
vn -0.8314698 0.55557 0
vn -0.8314698 0.55557 0
vn -0.8314698 0.55557 0
vn -0.8314698 0.55557 0
vn -0.9820822 0.1884532 0
vn -0.9820822 0.1884532 0
vn -0.9820822 0.1884532 0
vn -0.9820822 0.1884532 0
vn 0.9820822 0.1884532 0
vn 0.9820822 0.1884532 0
vn 0.9820822 0.1884532 0
vn 0.9820822 0.1884532 0
vn 0.8314698 0.55557 0
vn 0.8314698 0.55557 0
vn 0.8314698 0.55557 0
vn 0.8314698 0.55557 0
vn 0.5555701 0.8314697 0
vn 0.5555701 0.8314697 0
vn 0.5555701 0.8314697 0
vn 0.5555701 0.8314697 0
vn 0.1884542 0.982082 0
vn 0.1884542 0.982082 0
vn 0.1884542 0.982082 0
vn 0.1884542 0.982082 0
vn 0.1884542 -0.982082 0
vn 0.1884542 -0.982082 0
vn 0.1884542 -0.982082 0
vn 0.1884542 -0.982082 0
vn 0.5555701 -0.8314697 0
vn 0.5555701 -0.8314697 0
vn 0.5555701 -0.8314697 0
vn 0.5555701 -0.8314697 0
vn 0.8314698 -0.55557 0
vn 0.8314698 -0.55557 0
vn 0.8314698 -0.55557 0
vn 0.8314698 -0.55557 0
vn 0.9820822 -0.1884532 0
vn 0.9820822 -0.1884532 0
vn 0.9820822 -0.1884532 0
vn 0.9820822 -0.1884532 0
vn 0.5555738 0.8314672 0
vn 0.5555738 0.8314672 0
vn 0.5555738 0.8314672 0
vn 0.5555738 0.8314672 0
vn -0.1950889 0.9807855 0
vn -0.1950889 0.9807855 0
vn -0.1950889 0.9807855 0
vn -0.1950889 0.9807855 0
vn 0.1950896 0.9807854 0
vn 0.1950896 0.9807854 0
vn 0.1950896 0.9807854 0
vn 0.1950896 0.9807854 0
vn -0.1950888 0.9807856 0
vn -0.1950888 0.9807856 0
vn -0.1950888 0.9807856 0
vn -0.1950888 0.9807856 0
vn 0.195088 0.9807858 0
vn 0.195088 0.9807858 0
vn 0.195088 0.9807858 0
vn 0.195088 0.9807858 0
vn -0.5555733 0.8314676 0
vn -0.5555733 0.8314676 0
vn -0.5555733 0.8314676 0
vn -0.5555733 0.8314676 0
vn 0.1950896 -0.9807854 0
vn 0.1950896 -0.9807854 0
vn 0.1950896 -0.9807854 0
vn 0.1950896 -0.9807854 0
vn -0.5555719 0.8314686 0
vn -0.5555719 0.8314686 0
vn -0.5555719 0.8314686 0
vn -0.5555719 0.8314686 0
vn 0.195088 -0.9807858 0
vn 0.195088 -0.9807858 0
vn 0.195088 -0.9807858 0
vn 0.195088 -0.9807858 0
vn -0.8314694 0.5555706 0
vn -0.8314694 0.5555706 0
vn -0.8314694 0.5555706 0
vn -0.8314694 0.5555706 0
vn 0.5555733 -0.8314676 0
vn 0.5555733 -0.8314676 0
vn 0.5555733 -0.8314676 0
vn 0.5555733 -0.8314676 0
vn -0.8314695 0.5555705 0
vn -0.8314695 0.5555705 0
vn -0.8314695 0.5555705 0
vn -0.8314695 0.5555705 0
vn -0.1950888 -0.9807856 0
vn -0.1950888 -0.9807856 0
vn -0.1950888 -0.9807856 0
vn -0.1950888 -0.9807856 0
vn 0.5555738 -0.8314672 0
vn 0.5555738 -0.8314672 0
vn 0.5555738 -0.8314672 0
vn 0.5555738 -0.8314672 0
vn -0.1911891 -0.9619658 0.1951115
vn -0.1911891 -0.9619658 0.1951115
vn -0.1911891 -0.9619658 0.1951115
vn -0.1911891 -0.9619658 0.1951115
vn -0.1618883 -0.8155503 0.5555806
vn -0.1618883 -0.8155503 0.5555806
vn -0.1618883 -0.8155503 0.5555806
vn -0.1618883 -0.8155503 0.5555806
vn -0.1080651 -0.5449869 0.8314512
vn -0.1080651 -0.5449869 0.8314512
vn -0.1080651 -0.5449869 0.8314512
vn -0.1080651 -0.5449869 0.8314512
vn -0.03790173 -0.1913843 0.9807832
vn -0.03790173 -0.1913843 0.9807832
vn -0.03790173 -0.1913843 0.9807832
vn -0.03790173 -0.1913843 0.9807832
vn -0.1911881 -0.9619662 -0.1951109
vn -0.1911881 -0.9619662 -0.1951109
vn -0.1911881 -0.9619662 -0.1951109
vn -0.1911881 -0.9619662 -0.1951109
vn -0.1618935 -0.8155612 -0.5555632
vn -0.1618935 -0.8155612 -0.5555632
vn -0.1618935 -0.8155612 -0.5555632
vn -0.1618935 -0.8155612 -0.5555632
vn -0.1080563 -0.5449865 -0.8314527
vn -0.1080563 -0.5449865 -0.8314527
vn -0.1080563 -0.5449865 -0.8314527
vn -0.1080563 -0.5449865 -0.8314527
vn -0.03789865 -0.1913853 -0.980783
vn -0.03789865 -0.1913853 -0.980783
vn -0.03789865 -0.1913853 -0.980783
vn -0.03789865 -0.1913853 -0.980783
vn 0.03789865 -0.1913843 -0.9807832
vn 0.03789865 -0.1913843 -0.9807832
vn 0.03789865 -0.1913843 -0.9807832
vn 0.03789865 -0.1913843 -0.9807832
vn -0.5448554 -0.8155212 0.1950843
vn -0.5448554 -0.8155212 0.1950843
vn -0.5448554 -0.8155212 0.1950843
vn -0.5448554 -0.8155212 0.1950843
vn -0.4618572 -0.6914115 0.5555521
vn -0.4618572 -0.6914115 0.5555521
vn -0.4618572 -0.6914115 0.5555521
vn -0.4618572 -0.6914115 0.5555521
vn -0.308564 -0.4619933 0.8314749
vn -0.308564 -0.4619933 0.8314749
vn -0.308564 -0.4619933 0.8314749
vn -0.308564 -0.4619933 0.8314749
vn -0.1083428 -0.162248 0.9807841
vn -0.1083428 -0.162248 0.9807841
vn -0.1083428 -0.162248 0.9807841
vn -0.1083428 -0.162248 0.9807841
vn -0.5448483 -0.8155257 -0.1950852
vn -0.5448483 -0.8155257 -0.1950852
vn -0.5448483 -0.8155257 -0.1950852
vn -0.5448483 -0.8155257 -0.1950852
vn -0.4618608 -0.6914017 -0.5555613
vn -0.4618608 -0.6914017 -0.5555613
vn -0.4618608 -0.6914017 -0.5555613
vn -0.4618608 -0.6914017 -0.5555613
vn -0.3085728 -0.4619945 -0.8314709
vn -0.3085728 -0.4619945 -0.8314709
vn -0.3085728 -0.4619945 -0.8314709
vn -0.3085728 -0.4619945 -0.8314709
vn -0.1083429 -0.1622439 -0.9807848
vn -0.1083429 -0.1622439 -0.9807848
vn -0.1083429 -0.1622439 -0.9807848
vn -0.1083429 -0.1622439 -0.9807848
vn -0.8155156 -0.5448527 0.1951149
vn -0.8155156 -0.5448527 0.1951149
vn -0.8155156 -0.5448527 0.1951149
vn -0.8155156 -0.5448527 0.1951149
vn -0.6914104 -0.4618591 0.5555518
vn -0.6914104 -0.4618591 0.5555518
vn -0.6914104 -0.4618591 0.5555518
vn -0.6914104 -0.4618591 0.5555518
vn -0.4620067 -0.3085689 0.8314657
vn -0.4620067 -0.3085689 0.8314657
vn -0.4620067 -0.3085689 0.8314657
vn -0.4620067 -0.3085689 0.8314657
vn -0.1622415 -0.1083402 0.9807854
vn -0.1622415 -0.1083402 0.9807854
vn -0.1622415 -0.1083402 0.9807854
vn -0.1622415 -0.1083402 0.9807854
vn -0.8155205 -0.5448463 -0.1951123
vn -0.8155205 -0.5448463 -0.1951123
vn -0.8155205 -0.5448463 -0.1951123
vn -0.8155205 -0.5448463 -0.1951123
vn -0.6913984 -0.4618618 -0.5555646
vn -0.6913984 -0.4618618 -0.5555646
vn -0.6913984 -0.4618618 -0.5555646
vn -0.6913984 -0.4618618 -0.5555646
vn -0.4620133 -0.3085767 -0.831459
vn -0.4620133 -0.3085767 -0.831459
vn -0.4620133 -0.3085767 -0.831459
vn -0.4620133 -0.3085767 -0.831459
vn -0.1622289 -0.1083405 -0.9807875
vn -0.1622289 -0.1083405 -0.9807875
vn -0.1622289 -0.1083405 -0.9807875
vn -0.1622289 -0.1083405 -0.9807875
vn -0.9619722 -0.1911888 0.1950803
vn -0.9619722 -0.1911888 0.1950803
vn -0.9619722 -0.1911888 0.1950803
vn -0.9619722 -0.1911888 0.1950803
vn -0.8155621 -0.1618922 0.5555621
vn -0.8155621 -0.1618922 0.5555621
vn -0.8155621 -0.1618922 0.5555621
vn -0.8155621 -0.1618922 0.5555621
vn -0.5449828 -0.1080643 0.831454
vn -0.5449828 -0.1080643 0.831454
vn -0.5449828 -0.1080643 0.831454
vn -0.5449828 -0.1080643 0.831454
vn -0.1913919 -0.03790261 0.9807816
vn -0.1913919 -0.03790261 0.9807816
vn -0.1913919 -0.03790261 0.9807816
vn -0.1913919 -0.03790261 0.9807816
vn -0.9619716 -0.1911894 -0.1950825
vn -0.9619716 -0.1911894 -0.1950825
vn -0.9619716 -0.1911894 -0.1950825
vn -0.9619716 -0.1911894 -0.1950825
vn -0.8155683 -0.161884 -0.5555555
vn -0.8155683 -0.161884 -0.5555555
vn -0.8155683 -0.161884 -0.5555555
vn -0.8155683 -0.161884 -0.5555555
vn -0.5449885 -0.1080614 -0.8314508
vn -0.5449885 -0.1080614 -0.8314508
vn -0.5449885 -0.1080614 -0.8314508
vn -0.5449885 -0.1080614 -0.8314508
vn -0.1913958 -0.03790054 -0.9807809
vn -0.1913958 -0.03790054 -0.9807809
vn -0.1913958 -0.03790054 -0.9807809
vn -0.1913958 -0.03790054 -0.9807809
vn -0.1913958 0.03790054 -0.9807809
vn -0.1913958 0.03790054 -0.9807809
vn -0.1913958 0.03790054 -0.9807809
vn -0.1913958 0.03790054 -0.9807809
vn -0.1911892 0.9619719 -0.1950808
vn -0.1911892 0.9619719 -0.1950808
vn -0.1911892 0.9619719 -0.1950808
vn -0.1911892 0.9619719 -0.1950808
vn -0.1618906 0.8155469 -0.555585
vn -0.1618906 0.8155469 -0.555585
vn -0.1618906 0.8155469 -0.555585
vn -0.1618906 0.8155469 -0.555585
vn -0.1080562 0.5449879 -0.8314517
vn -0.1080562 0.5449879 -0.8314517
vn -0.1080562 0.5449879 -0.8314517
vn -0.1080562 0.5449879 -0.8314517
vn -0.03789865 0.1913853 -0.980783
vn -0.03789865 0.1913853 -0.980783
vn -0.03789865 0.1913853 -0.980783
vn -0.03789865 0.1913853 -0.980783
vn 0.03789865 0.1913843 -0.9807832
vn 0.03789865 0.1913843 -0.9807832
vn 0.03789865 0.1913843 -0.9807832
vn 0.03789865 0.1913843 -0.9807832
vn -0.1911903 0.9619717 0.1950815
vn -0.1911903 0.9619717 0.1950815
vn -0.1911903 0.9619717 0.1950815
vn -0.1911903 0.9619717 0.1950815
vn -0.1618889 0.8155503 0.5555806
vn -0.1618889 0.8155503 0.5555806
vn -0.1618889 0.8155503 0.5555806
vn -0.1618889 0.8155503 0.5555806
vn -0.1080651 0.5449869 0.8314512
vn -0.1080651 0.5449869 0.8314512
vn -0.1080651 0.5449869 0.8314512
vn -0.1080651 0.5449869 0.8314512
vn -0.03790122 0.1913843 0.9807832
vn -0.03790122 0.1913843 0.9807832
vn -0.03790122 0.1913843 0.9807832
vn -0.03790122 0.1913843 0.9807832
vn -0.544845 0.8155207 -0.1951154
vn -0.544845 0.8155207 -0.1951154
vn -0.544845 0.8155207 -0.1951154
vn -0.544845 0.8155207 -0.1951154
vn -0.4618608 0.6914017 -0.5555613
vn -0.4618608 0.6914017 -0.5555613
vn -0.4618608 0.6914017 -0.5555613
vn -0.4618608 0.6914017 -0.5555613
vn -0.3085728 0.4619945 -0.8314709
vn -0.3085728 0.4619945 -0.8314709
vn -0.3085728 0.4619945 -0.8314709
vn -0.3085728 0.4619945 -0.8314709
vn -0.1083478 0.1622382 -0.9807851
vn -0.1083478 0.1622382 -0.9807851
vn -0.1083478 0.1622382 -0.9807851
vn -0.1083478 0.1622382 -0.9807851
vn -0.544852 0.8155162 0.1951144
vn -0.544852 0.8155162 0.1951144
vn -0.544852 0.8155162 0.1951144
vn -0.544852 0.8155162 0.1951144
vn -0.4618572 0.6914115 0.5555521
vn -0.4618572 0.6914115 0.5555521
vn -0.4618572 0.6914115 0.5555521
vn -0.4618572 0.6914115 0.5555521
vn -0.308564 0.4619933 0.8314749
vn -0.308564 0.4619933 0.8314749
vn -0.308564 0.4619933 0.8314749
vn -0.308564 0.4619933 0.8314749
vn -0.1083392 0.1622426 0.9807854
vn -0.1083392 0.1622426 0.9807854
vn -0.1083392 0.1622426 0.9807854
vn -0.1083392 0.1622426 0.9807854
vn -0.8155255 0.5448496 -0.1950821
vn -0.8155255 0.5448496 -0.1950821
vn -0.8155255 0.5448496 -0.1950821
vn -0.8155255 0.5448496 -0.1950821
vn -0.6913861 0.4618536 -0.5555866
vn -0.6913861 0.4618536 -0.5555866
vn -0.6913861 0.4618536 -0.5555866
vn -0.6913861 0.4618536 -0.5555866
vn -0.462007 0.3085725 -0.8314641
vn -0.462007 0.3085725 -0.8314641
vn -0.462007 0.3085725 -0.8314641
vn -0.462007 0.3085725 -0.8314641
vn -0.1622316 0.1083423 -0.9807869
vn -0.1622316 0.1083423 -0.9807869
vn -0.1622316 0.1083423 -0.9807869
vn -0.1622316 0.1083423 -0.9807869
vn -0.8155206 0.5448561 0.1950847
vn -0.8155206 0.5448561 0.1950847
vn -0.8155206 0.5448561 0.1950847
vn -0.8155206 0.5448561 0.1950847
vn -0.6913981 0.461851 0.5555739
vn -0.6913981 0.461851 0.5555739
vn -0.6913981 0.461851 0.5555739
vn -0.6913981 0.461851 0.5555739
vn -0.4620067 0.3085689 0.8314657
vn -0.4620067 0.3085689 0.8314657
vn -0.4620067 0.3085689 0.8314657
vn -0.4620067 0.3085689 0.8314657
vn -0.162247 0.1083439 0.9807842
vn -0.162247 0.1083439 0.9807842
vn -0.162247 0.1083439 0.9807842
vn -0.162247 0.1083439 0.9807842
vn -0.9619716 0.1911894 -0.1950825
vn -0.9619716 0.1911894 -0.1950825
vn -0.9619716 0.1911894 -0.1950825
vn -0.9619716 0.1911894 -0.1950825
vn -0.8155683 0.161884 -0.5555555
vn -0.8155683 0.161884 -0.5555555
vn -0.8155683 0.161884 -0.5555555
vn -0.8155683 0.161884 -0.5555555
vn -0.5449849 0.1080607 -0.8314531
vn -0.5449849 0.1080607 -0.8314531
vn -0.5449849 0.1080607 -0.8314531
vn -0.5449849 0.1080607 -0.8314531
vn -0.9619722 0.1911888 0.1950803
vn -0.9619722 0.1911888 0.1950803
vn -0.9619722 0.1911888 0.1950803
vn -0.9619722 0.1911888 0.1950803
vn -0.8155586 0.1618915 0.5555676
vn -0.8155586 0.1618915 0.5555676
vn -0.8155586 0.1618915 0.5555676
vn -0.8155586 0.1618915 0.5555676
vn -0.5449792 0.1080636 0.8314566
vn -0.5449792 0.1080636 0.8314566
vn -0.5449792 0.1080636 0.8314566
vn -0.5449792 0.1080636 0.8314566
vn -0.1913934 0.03790292 0.9807813
vn -0.1913934 0.03790292 0.9807813
vn -0.1913934 0.03790292 0.9807813
vn -0.1913934 0.03790292 0.9807813
vn 0.9619712 0.1911916 -0.1950824
vn 0.9619712 0.1911916 -0.1950824
vn 0.9619712 0.1911916 -0.1950824
vn 0.9619712 0.1911916 -0.1950824
vn 0.8155643 0.1618867 -0.5555607
vn 0.8155643 0.1618867 -0.5555607
vn 0.8155643 0.1618867 -0.5555607
vn 0.8155643 0.1618867 -0.5555607
vn 0.544985 0.1080595 -0.8314533
vn 0.544985 0.1080595 -0.8314533
vn 0.544985 0.1080595 -0.8314533
vn 0.544985 0.1080595 -0.8314533
vn 0.1913974 0.03789982 -0.9807807
vn 0.1913974 0.03789982 -0.9807807
vn 0.1913974 0.03789982 -0.9807807
vn 0.1913974 0.03789982 -0.9807807
vn 0.1913958 -0.03789952 -0.980781
vn 0.1913958 -0.03789952 -0.980781
vn 0.1913958 -0.03789952 -0.980781
vn 0.1913958 -0.03789952 -0.980781
vn 0.9619716 0.191192 0.1950802
vn 0.9619716 0.191192 0.1950802
vn 0.9619716 0.191192 0.1950802
vn 0.9619716 0.191192 0.1950802
vn 0.815562 0.1618932 0.555562
vn 0.815562 0.1618932 0.555562
vn 0.815562 0.1618932 0.555562
vn 0.815562 0.1618932 0.555562
vn 0.5449791 0.1080637 0.8314565
vn 0.5449791 0.1080637 0.8314565
vn 0.5449791 0.1080637 0.8314565
vn 0.5449791 0.1080637 0.8314565
vn 0.1913919 0.03790261 0.9807816
vn 0.1913919 0.03790261 0.9807816
vn 0.1913919 0.03790261 0.9807816
vn 0.1913919 0.03790261 0.9807816
vn 0.8155254 0.5448498 -0.1950821
vn 0.8155254 0.5448498 -0.1950821
vn 0.8155254 0.5448498 -0.1950821
vn 0.8155254 0.5448498 -0.1950821
vn 0.6913869 0.4618515 -0.5555874
vn 0.6913869 0.4618515 -0.5555874
vn 0.6913869 0.4618515 -0.5555874
vn 0.6913869 0.4618515 -0.5555874
vn 0.4620133 0.3085767 -0.831459
vn 0.4620133 0.3085767 -0.831459
vn 0.4620133 0.3085767 -0.831459
vn 0.4620133 0.3085767 -0.831459
vn 0.1622344 0.1083441 -0.9807862
vn 0.1622344 0.1083441 -0.9807862
vn 0.1622344 0.1083441 -0.9807862
vn 0.1622344 0.1083441 -0.9807862
vn 0.8155209 0.5448555 0.1950848
vn 0.8155209 0.5448555 0.1950848
vn 0.8155209 0.5448555 0.1950848
vn 0.8155209 0.5448555 0.1950848
vn 0.6913987 0.4618494 0.5555744
vn 0.6913987 0.4618494 0.5555744
vn 0.6913987 0.4618494 0.5555744
vn 0.6913987 0.4618494 0.5555744
vn 0.462 0.308567 0.83147
vn 0.462 0.308567 0.83147
vn 0.462 0.308567 0.83147
vn 0.462 0.308567 0.83147
vn 0.1622442 0.1083421 0.9807848
vn 0.1622442 0.1083421 0.9807848
vn 0.1622442 0.1083421 0.9807848
vn 0.1622442 0.1083421 0.9807848
vn 0.5448451 0.8155205 -0.1951154
vn 0.5448451 0.8155205 -0.1951154
vn 0.5448451 0.8155205 -0.1951154
vn 0.5448451 0.8155205 -0.1951154
vn 0.4618613 0.691401 -0.5555618
vn 0.4618613 0.691401 -0.5555618
vn 0.4618613 0.691401 -0.5555618
vn 0.4618613 0.691401 -0.5555618
vn 0.3085728 0.4619946 -0.8314709
vn 0.3085728 0.4619946 -0.8314709
vn 0.3085728 0.4619946 -0.8314709
vn 0.3085728 0.4619946 -0.8314709
vn 0.1083392 0.1622384 -0.9807861
vn 0.1083392 0.1622384 -0.9807861
vn 0.1083392 0.1622384 -0.9807861
vn 0.1083392 0.1622384 -0.9807861
vn 0.5448535 0.8155151 0.1951149
vn 0.5448535 0.8155151 0.1951149
vn 0.5448535 0.8155151 0.1951149
vn 0.5448535 0.8155151 0.1951149
vn 0.4618578 0.6914104 0.5555529
vn 0.4618578 0.6914104 0.5555529
vn 0.4618578 0.6914104 0.5555529
vn 0.4618578 0.6914104 0.5555529
vn 0.3085638 0.4619944 0.8314743
vn 0.3085638 0.4619944 0.8314743
vn 0.3085638 0.4619944 0.8314743
vn 0.3085638 0.4619944 0.8314743
vn 0.1083392 0.1622426 0.9807854
vn 0.1083392 0.1622426 0.9807854
vn 0.1083392 0.1622426 0.9807854
vn 0.1083392 0.1622426 0.9807854
vn 0.1911889 0.9619721 -0.1950805
vn 0.1911889 0.9619721 -0.1950805
vn 0.1911889 0.9619721 -0.1950805
vn 0.1911889 0.9619721 -0.1950805
vn 0.1618906 0.815547 -0.5555848
vn 0.1618906 0.815547 -0.5555848
vn 0.1618906 0.815547 -0.5555848
vn 0.1618906 0.815547 -0.5555848
vn 0.1080563 0.5449873 -0.8314521
vn 0.1080563 0.5449873 -0.8314521
vn 0.1080563 0.5449873 -0.8314521
vn 0.1080563 0.5449873 -0.8314521
vn 0.1911902 0.9619717 0.1950813
vn 0.1911902 0.9619717 0.1950813
vn 0.1911902 0.9619717 0.1950813
vn 0.1911902 0.9619717 0.1950813
vn 0.1618885 0.81555 0.555581
vn 0.1618885 0.81555 0.555581
vn 0.1618885 0.81555 0.555581
vn 0.1618885 0.81555 0.555581
vn 0.1080652 0.5449869 0.8314512
vn 0.1080652 0.5449869 0.8314512
vn 0.1080652 0.5449869 0.8314512
vn 0.1080652 0.5449869 0.8314512
vn 0.03790173 0.1913833 0.9807833
vn 0.03790173 0.1913833 0.9807833
vn 0.03790173 0.1913833 0.9807833
vn 0.03790173 0.1913833 0.9807833
vn 0.1911877 -0.9619662 -0.1951106
vn 0.1911877 -0.9619662 -0.1951106
vn 0.1911877 -0.9619662 -0.1951106
vn 0.1911877 -0.9619662 -0.1951106
vn 0.1618906 -0.815547 -0.5555848
vn 0.1618906 -0.815547 -0.5555848
vn 0.1618906 -0.815547 -0.5555848
vn 0.1618906 -0.815547 -0.5555848
vn 0.1080563 -0.5449873 -0.8314521
vn 0.1080563 -0.5449873 -0.8314521
vn 0.1080563 -0.5449873 -0.8314521
vn 0.1080563 -0.5449873 -0.8314521
vn 0.191189 -0.9619659 0.1951114
vn 0.191189 -0.9619659 0.1951114
vn 0.191189 -0.9619659 0.1951114
vn 0.191189 -0.9619659 0.1951114
vn 0.1618918 -0.8155642 0.5555593
vn 0.1618918 -0.8155642 0.5555593
vn 0.1618918 -0.8155642 0.5555593
vn 0.1618918 -0.8155642 0.5555593
vn 0.1080652 -0.5449869 0.8314512
vn 0.1080652 -0.5449869 0.8314512
vn 0.1080652 -0.5449869 0.8314512
vn 0.1080652 -0.5449869 0.8314512
vn 0.03790122 -0.1913833 0.9807833
vn 0.03790122 -0.1913833 0.9807833
vn 0.03790122 -0.1913833 0.9807833
vn 0.03790122 -0.1913833 0.9807833
vn 0.5448484 -0.8155256 -0.1950853
vn 0.5448484 -0.8155256 -0.1950853
vn 0.5448484 -0.8155256 -0.1950853
vn 0.5448484 -0.8155256 -0.1950853
vn 0.4618613 -0.691401 -0.5555618
vn 0.4618613 -0.691401 -0.5555618
vn 0.4618613 -0.691401 -0.5555618
vn 0.4618613 -0.691401 -0.5555618
vn 0.3085728 -0.4619946 -0.8314709
vn 0.3085728 -0.4619946 -0.8314709
vn 0.3085728 -0.4619946 -0.8314709
vn 0.3085728 -0.4619946 -0.8314709
vn 0.1083514 -0.1622437 -0.9807839
vn 0.1083514 -0.1622437 -0.9807839
vn 0.1083514 -0.1622437 -0.9807839
vn 0.1083514 -0.1622437 -0.9807839
vn 0.5448568 -0.81552 0.1950848
vn 0.5448568 -0.81552 0.1950848
vn 0.5448568 -0.81552 0.1950848
vn 0.5448568 -0.81552 0.1950848
vn 0.4618578 -0.6914104 0.5555529
vn 0.4618578 -0.6914104 0.5555529
vn 0.4618578 -0.6914104 0.5555529
vn 0.4618578 -0.6914104 0.5555529
vn 0.3085638 -0.4619944 0.8314743
vn 0.3085638 -0.4619944 0.8314743
vn 0.3085638 -0.4619944 0.8314743
vn 0.3085638 -0.4619944 0.8314743
vn 0.1083428 -0.162248 0.9807841
vn 0.1083428 -0.162248 0.9807841
vn 0.1083428 -0.162248 0.9807841
vn 0.1083428 -0.162248 0.9807841
vn 0.8155204 -0.5448465 -0.1951123
vn 0.8155204 -0.5448465 -0.1951123
vn 0.8155204 -0.5448465 -0.1951123
vn 0.8155204 -0.5448465 -0.1951123
vn 0.6913992 -0.4618597 -0.5555653
vn 0.6913992 -0.4618597 -0.5555653
vn 0.6913992 -0.4618597 -0.5555653
vn 0.6913992 -0.4618597 -0.5555653
vn 0.4620133 -0.3085767 -0.831459
vn 0.4620133 -0.3085767 -0.831459
vn 0.4620133 -0.3085767 -0.831459
vn 0.4620133 -0.3085767 -0.831459
vn 0.1622289 -0.1083405 -0.9807875
vn 0.1622289 -0.1083405 -0.9807875
vn 0.1622289 -0.1083405 -0.9807875
vn 0.1622289 -0.1083405 -0.9807875
vn 0.8155159 -0.5448522 0.195115
vn 0.8155159 -0.5448522 0.195115
vn 0.8155159 -0.5448522 0.195115
vn 0.8155159 -0.5448522 0.195115
vn 0.691411 -0.4618576 0.5555524
vn 0.691411 -0.4618576 0.5555524
vn 0.691411 -0.4618576 0.5555524
vn 0.691411 -0.4618576 0.5555524
vn 0.4620062 -0.3085713 0.8314649
vn 0.4620062 -0.3085713 0.8314649
vn 0.4620062 -0.3085713 0.8314649
vn 0.4620062 -0.3085713 0.8314649
vn 0.1622415 -0.1083402 0.9807854
vn 0.1622415 -0.1083402 0.9807854
vn 0.1622415 -0.1083402 0.9807854
vn 0.1622415 -0.1083402 0.9807854
vn 0.9619712 -0.1911916 -0.1950824
vn 0.9619712 -0.1911916 -0.1950824
vn 0.9619712 -0.1911916 -0.1950824
vn 0.9619712 -0.1911916 -0.1950824
vn 0.8155678 -0.1618874 -0.5555552
vn 0.8155678 -0.1618874 -0.5555552
vn 0.8155678 -0.1618874 -0.5555552
vn 0.8155678 -0.1618874 -0.5555552
vn 0.5449886 -0.1080602 -0.8314508
vn 0.5449886 -0.1080602 -0.8314508
vn 0.5449886 -0.1080602 -0.8314508
vn 0.5449886 -0.1080602 -0.8314508
vn 0.9619716 -0.191192 0.1950802
vn 0.9619716 -0.191192 0.1950802
vn 0.9619716 -0.191192 0.1950802
vn 0.9619716 -0.191192 0.1950802
vn 0.815562 -0.1618932 0.555562
vn 0.815562 -0.1618932 0.555562
vn 0.815562 -0.1618932 0.555562
vn 0.815562 -0.1618932 0.555562
vn 0.5449828 -0.1080644 0.831454
vn 0.5449828 -0.1080644 0.831454
vn 0.5449828 -0.1080644 0.831454
vn 0.5449828 -0.1080644 0.831454
vn 0.1913919 -0.03790261 0.9807816
vn 0.1913919 -0.03790261 0.9807816
vn 0.1913919 -0.03790261 0.9807816
vn 0.1913919 -0.03790261 0.9807816
vn 0.198752 0 -0.9800498
vn 0.198752 0 -0.9800498
vn 0.198752 0 -0.9800498
vn 0.198752 0 -0.9800498
vn 0.5630121 0 -0.8264487
vn 0.5630121 0 -0.8264487
vn 0.5630121 0 -0.8264487
vn 0.5630121 0 -0.8264487
vn 0.8363211 0 -0.5482399
vn 0.8363211 0 -0.5482399
vn 0.8363211 0 -0.5482399
vn 0.8363211 0 -0.5482399
vn 0 -0.1987655 -0.980047
vn 0 -0.1987655 -0.980047
vn 0 -0.1987655 -0.980047
vn 0 -0.1987655 -0.980047
vn 0 -0.5630684 -0.8264102
vn 0 -0.5630684 -0.8264102
vn 0 -0.5630684 -0.8264102
vn 0 -0.5630684 -0.8264102
vn 0 -0.8364497 -0.5480436
vn 0 -0.8364497 -0.5480436
vn 0 -0.8364497 -0.5480436
vn 0 -0.8364497 -0.5480436
vn -0.198752 0 -0.9800498
vn -0.198752 0 -0.9800498
vn -0.198752 0 -0.9800498
vn -0.198752 0 -0.9800498
vn -0.5630121 0 -0.8264487
vn -0.5630121 0 -0.8264487
vn -0.5630121 0 -0.8264487
vn -0.5630121 0 -0.8264487
vn -0.8363211 0 -0.5482399
vn -0.8363211 0 -0.5482399
vn -0.8363211 0 -0.5482399
vn -0.8363211 0 -0.5482399
vn 0 0.1987739 -0.9800454
vn 0 0.1987739 -0.9800454
vn 0 0.1987739 -0.9800454
vn 0 0.1987739 -0.9800454
vn 0 0.5630507 -0.8264224
vn 0 0.5630507 -0.8264224
vn 0 0.5630507 -0.8264224
vn 0 0.5630507 -0.8264224
vn 0 0.8364391 -0.5480599
vn 0 0.8364391 -0.5480599
vn 0 0.8364391 -0.5480599
vn 0 0.8364391 -0.5480599
vn 0.8363267 0 0.5482313
vn 0.8363267 0 0.5482313
vn 0.8363267 0 0.5482313
vn 0.8363267 0 0.5482313
vn -0.5629942 0 -0.8264608
vn -0.5629942 0 -0.8264608
vn -0.5629942 0 -0.8264608
vn -0.5629942 0 -0.8264608
vn 0 -0.8364391 -0.5480599
vn 0 -0.8364391 -0.5480599
vn 0 -0.8364391 -0.5480599
vn 0 -0.8364391 -0.5480599
vn 0 -0.5630507 -0.8264224
vn 0 -0.5630507 -0.8264224
vn 0 -0.5630507 -0.8264224
vn 0 -0.5630507 -0.8264224
vn 0.5629942 0 -0.8264608
vn 0.5629942 0 -0.8264608
vn 0.5629942 0 -0.8264608
vn 0.5629942 0 -0.8264608
vn -0.8363338 0 0.5482206
vn -0.8363338 0 0.5482206
vn -0.8363338 0 0.5482206
vn -0.8363338 0 0.5482206
vn 0 0.5630684 -0.8264102
vn 0 0.5630684 -0.8264102
vn 0 0.5630684 -0.8264102
vn 0 0.5630684 -0.8264102
vn 0 -0.8364497 0.5480436
vn 0 -0.8364497 0.5480436
vn 0 -0.8364497 0.5480436
vn 0 -0.8364497 0.5480436
vn -1 0 0
vn -1 0 0
vn -1 0 0
vn -1 0 0
vn 0.2035724 0.9790599 0
vn 0.2035724 0.9790599 0
vn 0.2035724 0.9790599 0
vn 0.2035724 0.9790599 0
vn 0.9790607 -0.2035684 0
vn 0.9790607 -0.2035684 0
vn 0.9790607 -0.2035684 0
vn 0.9790607 -0.2035684 0
vn -0.8314698 -0.5555699 0
vn -0.8314698 -0.5555699 0
vn -0.8314698 -0.5555699 0
vn -0.8314698 -0.5555699 0
vn 0 0 1
vn 0 0 1
vn 0 0 1
vn 0 0 1
vn 0 0 1
vn 0 0 1
vn 0.8314698 -0.5555699 0
vn 0.8314698 -0.5555699 0
vn 0.8314698 -0.5555699 0
vn 0.8314698 -0.5555699 0
vn -0.2035724 0.9790599 0
vn -0.2035724 0.9790599 0
vn -0.2035724 0.9790599 0
vn -0.2035724 0.9790599 0
vn -0.2035724 -0.9790599 0
vn -0.2035724 -0.9790599 0
vn -0.2035724 -0.9790599 0
vn -0.2035724 -0.9790599 0
vn 0 0 1
vn 0 0 1
vn 0 0 1
vn 0 0 1
vn 0 0 1
vn 0 0 1
vn 0.0001509662 0 -1
vn 0.0001509662 0 -1
vn 0.0001509662 0 -1
vn 0.0001509662 0 -1
vn -0.0001509662 0 -1
vn -0.0001509662 0 -1
vn -0.0001509662 0 -1
vn -0.5555689 0.8314705 0
vn -0.5555689 0.8314705 0
vn -0.5555689 0.8314705 0
vn -0.5555689 0.8314705 0
vn 0 0 -1
vn 0 0 -1
vn 0 0 -1
vn 0 0 -1
vn 0 0 -1
vn 0 0 -1
vn 0 0 -1
vn 0 0 1
vn 0 0 1
vn 0 0 1
vn 0 0 1
vn 0 0 1
vn 0 0 1
vn 0 0 -1
vn 0 0 -1
vn 0 0 -1
vn 0 0 -1
vn 0 0 -1
vn 0 0 -1
vn 0 0 -1
vn -0.5555689 -0.8314705 0
vn -0.5555689 -0.8314705 0
vn -0.5555689 -0.8314705 0
vn -0.5555689 -0.8314705 0
vn -0.8314698 0.5555699 0
vn -0.8314698 0.5555699 0
vn -0.8314698 0.5555699 0
vn -0.8314698 0.5555699 0
vn -0.0001509662 0 -1
vn -0.0001509662 0 -1
vn -0.0001509662 0 -1
vn -0.0001509662 0 -1
vn 0.0001509662 0 -1
vn 0.0001509662 0 -1
vn 0.0001509662 0 -1
vn 0 0 1
vn 0 0 1
vn 0 0 1
vn 0 0 1
vn 0 0 1
vn 0 0 1
vn -0.9790607 0.2035684 0
vn -0.9790607 0.2035684 0
vn -0.9790607 0.2035684 0
vn -0.9790607 0.2035684 0
vn 0.5555689 0.8314705 0
vn 0.5555689 0.8314705 0
vn 0.5555689 0.8314705 0
vn 0.5555689 0.8314705 0
vn 0 1 0
vn 0 1 0
vn 0 1 0
vn 0 1 0
vn -0.9790607 -0.2035684 0
vn -0.9790607 -0.2035684 0
vn -0.9790607 -0.2035684 0
vn -0.9790607 -0.2035684 0
vn 0.5555689 -0.8314705 0
vn 0.5555689 -0.8314705 0
vn 0.5555689 -0.8314705 0
vn 0.5555689 -0.8314705 0
vn 0.9790607 0.2035684 0
vn 0.9790607 0.2035684 0
vn 0.9790607 0.2035684 0
vn 0.9790607 0.2035684 0
vn 0.2035724 -0.9790599 0
vn 0.2035724 -0.9790599 0
vn 0.2035724 -0.9790599 0
vn 0.2035724 -0.9790599 0
vn 0.8314698 0.5555699 0
vn 0.8314698 0.5555699 0
vn 0.8314698 0.5555699 0
vn 0.8314698 0.5555699 0
vn 0 -1 0
vn 0 -1 0
vn 0 -1 0
vn 0 -1 0
vn -0.9813266 0 -0.192349
vn -0.9813266 0 -0.192349
vn -0.9813266 0 -0.192349
vn -0.9813266 0 -0.192349
vn -0.8351911 0 -0.54996
vn -0.8351911 0 -0.54996
vn -0.8351911 0 -0.54996
vn -0.8351911 0 -0.54996
vn -0.5612147 0 -0.8276703
vn -0.5612147 0 -0.8276703
vn -0.5612147 0 -0.8276703
vn -0.5612147 0 -0.8276703
vn -0.1996206 0.9600838 -0.1959356
vn -0.1996206 0.9600838 -0.1959356
vn -0.1996206 0.9600838 -0.1959356
vn -0.1996206 0.9600838 -0.1959356
vn -0.1689994 0.8129172 -0.5573193
vn -0.1689994 0.8129172 -0.5573193
vn -0.1689994 0.8129172 -0.5573193
vn -0.1689994 0.8129172 -0.5573193
vn -0.1127054 0.5422671 -0.8326126
vn -0.1127054 0.5422671 -0.8326126
vn -0.1127054 0.5422671 -0.8326126
vn -0.1127054 0.5422671 -0.8326126
vn -0.03951295 0.1901688 -0.980956
vn -0.03951295 0.1901688 -0.980956
vn -0.03951295 0.1901688 -0.980956
vn -0.03951295 0.1901688 -0.980956
vn 0.03951367 0.1901722 -0.9809552
vn 0.03951367 0.1901722 -0.9809552
vn 0.03951367 0.1901722 -0.9809552
vn 0.03951367 0.1901722 -0.9809552
vn 0.5612147 0 -0.8276703
vn 0.5612147 0 -0.8276703
vn 0.5612147 0 -0.8276703
vn 0.5612147 0 -0.8276703
vn 0.8351911 0 -0.54996
vn 0.8351911 0 -0.54996
vn 0.8351911 0 -0.54996
vn 0.8351911 0 -0.54996
vn 0.9813266 0 -0.192349
vn 0.9813266 0 -0.192349
vn 0.9813266 0 -0.192349
vn 0.9813266 0 -0.192349
vn -0.8154115 0.54484 -0.195585
vn -0.8154115 0.54484 -0.195585
vn -0.8154115 0.54484 -0.195585
vn -0.8154115 0.54484 -0.195585
vn -0.6907914 0.4615534 -0.5565749
vn -0.6907914 0.4615534 -0.5565749
vn -0.6907914 0.4615534 -0.5565749
vn -0.6907914 0.4615534 -0.5565749
vn -0.4611201 0.3080961 -0.8321328
vn -0.4611201 0.3080961 -0.8321328
vn -0.4611201 0.3080961 -0.8321328
vn -0.4611201 0.3080961 -0.8321328
vn -0.1617896 0.1081025 -0.9808863
vn -0.1617896 0.1081025 -0.9808863
vn -0.1617896 0.1081025 -0.9808863
vn -0.1617896 0.1081025 -0.9808863
vn 0.8154141 0.5448365 -0.1955838
vn 0.8154141 0.5448365 -0.1955838
vn 0.8154141 0.5448365 -0.1955838
vn 0.8154141 0.5448365 -0.1955838
vn 0.6907858 0.4615592 -0.556577
vn 0.6907858 0.4615592 -0.556577
vn 0.6907858 0.4615592 -0.556577
vn 0.6907858 0.4615592 -0.556577
vn 0.4611204 0.3080942 -0.8321334
vn 0.4611204 0.3080942 -0.8321334
vn 0.4611204 0.3080942 -0.8321334
vn 0.4611204 0.3080942 -0.8321334
vn 0.1618101 0.1081041 -0.9808828
vn 0.1618101 0.1081041 -0.9808828
vn 0.1618101 0.1081041 -0.9808828
vn 0.1618101 0.1081041 -0.9808828
vn 0.1996206 0.9600838 -0.1959356
vn 0.1996206 0.9600838 -0.1959356
vn 0.1996206 0.9600838 -0.1959356
vn 0.1996206 0.9600838 -0.1959356
vn 0.1690011 0.8129251 -0.5573074
vn 0.1690011 0.8129251 -0.5573074
vn 0.1690011 0.8129251 -0.5573074
vn 0.1690011 0.8129251 -0.5573074
vn 0.1127054 0.5422671 -0.8326126
vn 0.1127054 0.5422671 -0.8326126
vn 0.1127054 0.5422671 -0.8326126
vn 0.1127054 0.5422671 -0.8326126
vn -0.9600832 -0.1996211 -0.1959382
vn -0.9600832 -0.1996211 -0.1959382
vn -0.9600832 -0.1996211 -0.1959382
vn -0.9600832 -0.1996211 -0.1959382
vn -0.8129197 -0.1690009 -0.5573153
vn -0.8129197 -0.1690009 -0.5573153
vn -0.8129197 -0.1690009 -0.5573153
vn -0.8129197 -0.1690009 -0.5573153
vn -0.5422558 -0.1127017 -0.8326206
vn -0.5422558 -0.1127017 -0.8326206
vn -0.5422558 -0.1127017 -0.8326206
vn -0.5422558 -0.1127017 -0.8326206
vn -0.1901684 -0.03951406 -0.980956
vn -0.1901684 -0.03951406 -0.980956
vn -0.1978497 0 -0.9802324
vn -0.1978497 0 -0.9802324
vn -0.1978497 0 -0.9802324
vn -0.1978497 0 -0.9802324
vn -0.1901675 0.03951389 -0.9809561
vn -0.1901675 0.03951389 -0.9809561
vn 0.9600832 -0.1996211 -0.1959382
vn 0.9600832 -0.1996211 -0.1959382
vn 0.9600832 -0.1996211 -0.1959382
vn 0.9600832 -0.1996211 -0.1959382
vn 0.8129197 -0.1690009 -0.5573153
vn 0.8129197 -0.1690009 -0.5573153
vn 0.8129197 -0.1690009 -0.5573153
vn 0.8129197 -0.1690009 -0.5573153
vn 0.5422558 -0.1127017 -0.8326206
vn 0.5422558 -0.1127017 -0.8326206
vn 0.5422558 -0.1127017 -0.8326206
vn 0.5422558 -0.1127017 -0.8326206
vn 0.197846 0 -0.9802331
vn 0.1901675 -0.03951389 -0.9809561
vn 0.1901675 -0.03951389 -0.9809561
vn 0.197846 0 -0.9802331
vn 0.197846 0 -0.9802331
vn 0.197846 0 -0.9802331
vn 0.1901684 0.03951406 -0.980956
vn 0.1901684 0.03951406 -0.980956
vn 0.8154115 -0.54484 -0.195585
vn 0.8154115 -0.54484 -0.195585
vn 0.8154115 -0.54484 -0.195585
vn 0.8154115 -0.54484 -0.195585
vn 0.6907901 -0.4615566 -0.5565739
vn 0.6907901 -0.4615566 -0.5565739
vn 0.6907901 -0.4615566 -0.5565739
vn 0.6907901 -0.4615566 -0.5565739
vn 0.4611204 -0.3080942 -0.8321334
vn 0.4611204 -0.3080942 -0.8321334
vn 0.4611204 -0.3080942 -0.8321334
vn 0.4611204 -0.3080942 -0.8321334
vn 0.1617925 -0.1081044 -0.9808856
vn 0.1617925 -0.1081044 -0.9808856
vn 0.1617925 -0.1081044 -0.9808856
vn 0.1617925 -0.1081044 -0.9808856
vn 0 -0.9813237 -0.1923636
vn 0 -0.9813237 -0.1923636
vn 0 -0.9813237 -0.1923636
vn 0 -0.9813237 -0.1923636
vn 0 -0.8352025 -0.5499426
vn 0 -0.8352025 -0.5499426
vn 0 -0.8352025 -0.5499426
vn 0 -0.8352025 -0.5499426
vn 0 -0.5612147 -0.8276703
vn 0 -0.5612147 -0.8276703
vn 0 -0.5612147 -0.8276703
vn 0 -0.5612147 -0.8276703
vn -0.5448388 0.8154197 -0.1955543
vn -0.5448388 0.8154197 -0.1955543
vn -0.5448388 0.8154197 -0.1955543
vn -0.5448388 0.8154197 -0.1955543
vn -0.4615592 0.6907858 -0.556577
vn -0.4615592 0.6907858 -0.556577
vn -0.4615592 0.6907858 -0.556577
vn -0.4615592 0.6907858 -0.556577
vn -0.3080978 0.461111 -0.8321372
vn -0.3080978 0.461111 -0.8321372
vn -0.3080978 0.461111 -0.8321372
vn -0.3080978 0.461111 -0.8321372
vn -0.1080923 0.1617997 -0.9808858
vn -0.1080923 0.1617997 -0.9808858
vn -0.1080923 0.1617997 -0.9808858
vn -0.1080923 0.1617997 -0.9808858
vn -0.5448372 -0.8154171 -0.1955695
vn -0.5448372 -0.8154171 -0.1955695
vn -0.5448372 -0.8154171 -0.1955695
vn -0.5448372 -0.8154171 -0.1955695
vn -0.4615592 -0.6907858 -0.556577
vn -0.4615592 -0.6907858 -0.556577
vn -0.4615592 -0.6907858 -0.556577
vn -0.4615592 -0.6907858 -0.556577
vn -0.3080945 -0.4611188 -0.8321342
vn -0.3080945 -0.4611188 -0.8321342
vn -0.3080945 -0.4611188 -0.8321342
vn -0.3080945 -0.4611188 -0.8321342
vn -0.1081031 -0.1618024 -0.9808841
vn -0.1081031 -0.1618024 -0.9808841
vn -0.1081031 -0.1618024 -0.9808841
vn -0.1081031 -0.1618024 -0.9808841
vn 0.9600824 0.1996209 -0.1959423
vn 0.9600824 0.1996209 -0.1959423
vn 0.9600824 0.1996209 -0.1959423
vn 0.9600824 0.1996209 -0.1959423
vn 0.8129197 0.1690009 -0.5573153
vn 0.8129197 0.1690009 -0.5573153
vn 0.8129197 0.1690009 -0.5573153
vn 0.8129197 0.1690009 -0.5573153
vn 0.5422578 0.1127021 -0.8326192
vn 0.5422578 0.1127021 -0.8326192
vn 0.5422578 0.1127021 -0.8326192
vn 0.5422578 0.1127021 -0.8326192
vn 0.5448406 0.8154182 -0.1955549
vn 0.5448406 0.8154182 -0.1955549
vn 0.5448406 0.8154182 -0.1955549
vn 0.5448406 0.8154182 -0.1955549
vn 0.4615605 0.6907838 -0.5565786
vn 0.4615605 0.6907838 -0.5565786
vn 0.4615605 0.6907838 -0.5565786
vn 0.4615605 0.6907838 -0.5565786
vn 0.3080942 0.4611204 -0.8321334
vn 0.3080942 0.4611204 -0.8321334
vn 0.3080942 0.4611204 -0.8321334
vn 0.3080942 0.4611204 -0.8321334
vn 0.1081012 0.1617996 -0.9808849
vn 0.1081012 0.1617996 -0.9808849
vn 0.1081012 0.1617996 -0.9808849
vn 0.1081012 0.1617996 -0.9808849
vn 0.1996206 -0.9600838 -0.1959356
vn 0.1996206 -0.9600838 -0.1959356
vn 0.1996206 -0.9600838 -0.1959356
vn 0.1996206 -0.9600838 -0.1959356
vn 0.1690027 -0.812933 -0.5572953
vn 0.1690027 -0.812933 -0.5572953
vn 0.1690027 -0.812933 -0.5572953
vn 0.1690027 -0.812933 -0.5572953
vn 0.1127021 -0.5422511 -0.8326236
vn 0.1127021 -0.5422511 -0.8326236
vn 0.1127021 -0.5422511 -0.8326236
vn 0.1127021 -0.5422511 -0.8326236
vn 0.03951438 -0.1901756 -0.9809545
vn 0.03951438 -0.1901756 -0.9809545
vn 0 -0.1978716 -0.980228
vn 0 -0.1978716 -0.980228
vn 0 -0.1978716 -0.980228
vn 0 -0.1978716 -0.980228
vn -0.03951438 -0.1901756 -0.9809545
vn -0.03951438 -0.1901756 -0.9809545
vn -0.8154141 -0.5448365 -0.1955838
vn -0.8154141 -0.5448365 -0.1955838
vn -0.8154141 -0.5448365 -0.1955838
vn -0.8154141 -0.5448365 -0.1955838
vn -0.6907871 -0.461556 -0.5565781
vn -0.6907871 -0.461556 -0.5565781
vn -0.6907871 -0.461556 -0.5565781
vn -0.6907871 -0.461556 -0.5565781
vn -0.4611201 -0.3080961 -0.8321328
vn -0.4611201 -0.3080961 -0.8321328
vn -0.4611201 -0.3080961 -0.8321328
vn -0.4611201 -0.3080961 -0.8321328
vn -0.1618101 -0.1081041 -0.9808828
vn -0.1618101 -0.1081041 -0.9808828
vn -0.1618101 -0.1081041 -0.9808828
vn -0.1618101 -0.1081041 -0.9808828
vn 0.5448406 -0.8154182 -0.1955549
vn 0.5448406 -0.8154182 -0.1955549
vn 0.5448406 -0.8154182 -0.1955549
vn 0.5448406 -0.8154182 -0.1955549
vn 0.4615605 -0.6907838 -0.5565786
vn 0.4615605 -0.6907838 -0.5565786
vn 0.4615605 -0.6907838 -0.5565786
vn 0.4615605 -0.6907838 -0.5565786
vn 0.3081063 -0.4611258 -0.8321259
vn 0.3081063 -0.4611258 -0.8321259
vn 0.3081063 -0.4611258 -0.8321259
vn 0.3081063 -0.4611258 -0.8321259
vn 0.1080942 -0.1618026 -0.9808851
vn 0.1080942 -0.1618026 -0.9808851
vn 0.1080942 -0.1618026 -0.9808851
vn 0.1080942 -0.1618026 -0.9808851
vn 0 0.5612147 -0.8276703
vn 0 0.5612147 -0.8276703
vn 0 0.5612147 -0.8276703
vn 0 0.5612147 -0.8276703
vn 0 0.8351886 -0.5499635
vn 0 0.8351886 -0.5499635
vn 0 0.8351886 -0.5499635
vn 0 0.8351886 -0.5499635
vn 0 0.9813237 -0.1923636
vn 0 0.9813237 -0.1923636
vn 0 0.9813237 -0.1923636
vn 0 0.9813237 -0.1923636
vn -0.1996206 -0.9600838 -0.1959356
vn -0.1996206 -0.9600838 -0.1959356
vn -0.1996206 -0.9600838 -0.1959356
vn -0.1996206 -0.9600838 -0.1959356
vn -0.1690027 -0.812933 -0.5572953
vn -0.1690027 -0.812933 -0.5572953
vn -0.1690027 -0.812933 -0.5572953
vn -0.1690027 -0.812933 -0.5572953
vn -0.1127021 -0.5422511 -0.8326236
vn -0.1127021 -0.5422511 -0.8326236
vn -0.1127021 -0.5422511 -0.8326236
vn -0.1127021 -0.5422511 -0.8326236
vn -0.9600832 0.1996211 -0.1959382
vn -0.9600832 0.1996211 -0.1959382
vn -0.9600832 0.1996211 -0.1959382
vn -0.9600832 0.1996211 -0.1959382
vn -0.8129216 0.1690013 -0.5573123
vn -0.8129216 0.1690013 -0.5573123
vn -0.8129216 0.1690013 -0.5573123
vn -0.8129216 0.1690013 -0.5573123
vn -0.5422578 0.1127021 -0.8326192
vn -0.5422578 0.1127021 -0.8326192
vn -0.5422578 0.1127021 -0.8326192
vn -0.5422578 0.1127021 -0.8326192
vn 1 0 0
vn 1 0 0
vn 1 0 0
vn 1 0 0
vn 1.769657E-07 0 1
vn 1.769657E-07 0 1
vn 1.769657E-07 0 1
vn 1.769657E-07 0 1
vn 1.769657E-07 0 1
vn 1.769657E-07 0 1
vn 1.769657E-07 0 1
vn 1.769657E-07 0 1
vn 1.769657E-07 0 1
vn 1.769657E-07 0 1
vn 1.769657E-07 0 1
vn 1.769657E-07 0 1
vn 1.769657E-07 0 1
vn 1.769657E-07 0 1
vn 1.769657E-07 0 1
vn 1.769657E-07 0 1
vn -0.1950881 0.9807857 0
vn -0.1950881 0.9807857 0
vn -0.1950881 0.9807857 0
vn -0.1950881 0.9807857 0
vn 0.9807851 0.1950909 0
vn 0.9807851 0.1950909 0
vn 0.9807851 0.1950909 0
vn 0.9807851 0.1950909 0
vn -0.5555723 -0.8314683 0
vn -0.5555723 -0.8314683 0
vn -0.5555723 -0.8314683 0
vn -0.5555723 -0.8314683 0
vn 0.5555723 -0.8314683 0
vn 0.5555723 -0.8314683 0
vn 0.5555723 -0.8314683 0
vn 0.5555723 -0.8314683 0
vn -0.8314679 -0.5555728 0
vn -0.8314679 -0.5555728 0
vn -0.8314679 -0.5555728 0
vn -0.8314679 -0.5555728 0
vn -0.9807858 -0.1950877 0
vn -0.9807858 -0.1950877 0
vn -0.9807858 -0.1950877 0
vn -0.9807858 -0.1950877 0
vn 0.9807851 -0.1950909 0
vn 0.9807851 -0.1950909 0
vn 0.9807851 -0.1950909 0
vn 0.9807851 -0.1950909 0
vn -0.1950881 -0.9807857 0
vn -0.1950881 -0.9807857 0
vn -0.1950881 -0.9807857 0
vn -0.1950881 -0.9807857 0
vn 0.1950887 0.9807856 0
vn 0.1950887 0.9807856 0
vn 0.1950887 0.9807856 0
vn 0.1950887 0.9807856 0
vn 0.8314695 -0.5555705 0
vn 0.8314695 -0.5555705 0
vn 0.8314695 -0.5555705 0
vn 0.8314695 -0.5555705 0
vn 0.5555723 0.8314683 0
vn 0.5555723 0.8314683 0
vn 0.5555723 0.8314683 0
vn 0.5555723 0.8314683 0
vn -0.9807858 0.1950877 0
vn -0.9807858 0.1950877 0
vn -0.9807858 0.1950877 0
vn -0.9807858 0.1950877 0
vn 0.8314695 0.5555705 0
vn 0.8314695 0.5555705 0
vn 0.8314695 0.5555705 0
vn 0.8314695 0.5555705 0
vn 0.1950887 -0.9807856 0
vn 0.1950887 -0.9807856 0
vn 0.1950887 -0.9807856 0
vn 0.1950887 -0.9807856 0
vn -0.5555723 0.8314683 0
vn -0.5555723 0.8314683 0
vn -0.5555723 0.8314683 0
vn -0.5555723 0.8314683 0
vn -0.004412039 0.7545165 -0.6562662
vn -0.004412039 0.7545165 -0.6562662
vn -0.004412039 0.7545165 -0.6562662
vn -0.004412039 0.7545165 -0.6562662
vn -0.004295183 -0.7533696 -0.6575832
vn -0.004295183 -0.7533696 -0.6575832
vn -0.004295183 -0.7533696 -0.6575832
vn -0.004295183 -0.7533696 -0.6575832
vn 0.753897 -0.003019794 -0.6569858
vn 0.753897 -0.003019794 -0.6569858
vn 0.753897 -0.003019794 -0.6569858
vn 0.753897 -0.003019794 -0.6569858
vn -0.9238799 0.3826826 0
vn -0.9238799 0.3826826 0
vn -0.9238799 0.3826826 0
vn -0.9238799 0.3826826 0
vn 0.7070965 0.707117 0
vn 0.7070965 0.707117 0
vn 0.7070965 0.707117 0
vn 0.7070965 0.707117 0
vn 0.7070965 -0.707117 0
vn 0.7070965 -0.707117 0
vn 0.7070965 -0.707117 0
vn 0.7070965 -0.707117 0
vn -0.7070981 -0.7071155 1.40934E-07
vn -0.7070981 -0.7071155 1.40934E-07
vn -0.7070981 -0.7071155 1.40934E-07
vn -0.7070981 -0.7071155 1.40934E-07
vn -0.004715017 0.756615 -0.6538436
vn -0.004715017 0.756615 -0.6538436
vn -0.004715017 0.756615 -0.6538436
vn -0.004715017 0.756615 -0.6538436
vn -0.004412195 0.7545189 0.6562634
vn -0.004412195 0.7545189 0.6562634
vn -0.004412195 0.7545189 0.6562634
vn -0.004412195 0.7545189 0.6562634
vn -0.004295267 -0.7533697 0.6575832
vn -0.004295267 -0.7533697 0.6575832
vn -0.004295267 -0.7533697 0.6575832
vn -0.004295267 -0.7533697 0.6575832
vn 0.7561068 -0.003116268 -0.6544408
vn 0.7561068 -0.003116268 -0.6544408
vn 0.7561068 -0.003116268 -0.6544408
vn 0.7561068 -0.003116268 -0.6544408
vn -0.753149 -0.002963152 0.6578434
vn -0.753149 -0.002963152 0.6578434
vn -0.753149 -0.002963152 0.6578434
vn -0.753149 -0.002963152 0.6578434
vn -0.004575138 -0.7539415 0.6569256
vn -0.004575138 -0.7539415 0.6569256
vn -0.004575138 -0.7539415 0.6569256
vn -0.004575138 -0.7539415 0.6569256
vn -0.004714794 0.7566091 0.6538504
vn -0.004714794 0.7566091 0.6538504
vn -0.004714794 0.7566091 0.6538504
vn -0.004714794 0.7566091 0.6538504
vn -0.7531427 -0.002963184 -0.6578506
vn -0.7531427 -0.002963184 -0.6578506
vn -0.7531427 -0.002963184 -0.6578506
vn -0.7531427 -0.002963184 -0.6578506
vn 0.3826809 -0.9238806 0
vn 0.3826809 -0.9238806 0
vn 0.3826809 -0.9238806 0
vn 0.3826809 -0.9238806 0
vn 0.7071073 -0.7071062 0
vn 0.7071073 -0.7071062 0
vn 0.7071073 -0.7071062 0
vn 0.7071073 -0.7071062 0
vn 0.7561001 -0.003116305 0.6544486
vn 0.7561001 -0.003116305 0.6544486
vn 0.7561001 -0.003116305 0.6544486
vn 0.7561001 -0.003116305 0.6544486
vn -0.7543105 -0.003053515 0.6565107
vn -0.7543105 -0.003053515 0.6565107
vn -0.7543105 -0.003053515 0.6565107
vn -0.7543105 -0.003053515 0.6565107
vn 0.7539061 -0.003019887 0.6569752
vn 0.7539061 -0.003019887 0.6569752
vn 0.7539061 -0.003019887 0.6569752
vn 0.7539061 -0.003019887 0.6569752
vn 0.7071151 0 -0.7070985
vn 0.7071151 0 -0.7070985
vn 0.7071151 0 -0.7070985
vn 0.7071151 0 -0.7070985
vn -0.004574865 -0.7539415 -0.6569256
vn -0.004574865 -0.7539415 -0.6569256
vn -0.004574865 -0.7539415 -0.6569256
vn -0.004574865 -0.7539415 -0.6569256
vn -0.7543105 -0.003053515 -0.6565107
vn -0.7543105 -0.003053515 -0.6565107
vn -0.7543105 -0.003053515 -0.6565107
vn -0.7543105 -0.003053515 -0.6565107
vn 0.7071073 0.7071062 0
vn 0.7071073 0.7071062 0
vn 0.7071073 0.7071062 0
vn 0.7071073 0.7071062 0
vn -0.7071073 0.7071062 0
vn -0.7071073 0.7071062 0
vn -0.7071073 0.7071062 0
vn -0.7071073 0.7071062 0
vn 0.7071086 -0.7071049 0
vn 0.7071086 -0.7071049 0
vn 0.7071086 -0.7071049 0
vn 0.7071086 -0.7071049 0
vn -0.7071111 0 -0.7071024
vn -0.7071112 0 -0.7071024
vn -0.7071112 0 -0.7071024
vn -0.7071111 0 -0.7071024
vn -0.7071111 0 -0.7071024
vn -0.7071111 0 -0.7071024
vn -0.7071099 0 -0.7071036
vn -0.7071099 0 -0.7071036
vn 0.7071019 0 0.7071117
vn 0.7071019 0 0.7071117
vn 0.7071019 0 0.7071117
vn 0.7071019 0 0.7071117
vn -0.7071086 -0.7071049 0
vn -0.7071086 -0.7071049 0
vn -0.7071086 -0.7071049 0
vn -0.7071086 -0.7071049 0
vn 0.7071049 0 0.7071087
vn 0.7071049 0 0.7071086
vn 0.7071049 0 0.7071086
vn 0.7071049 0 0.7071087
vn 0.7071049 0 0.7071087
vn 0.7071049 0 0.7071087
vn 0.7071037 0 0.7071099
vn 0.7071037 0 0.7071099
vn -0.7071085 0 -0.7071051
vn -0.7071085 0 -0.7071051
vn -0.7071085 0 -0.7071051
vn -0.7071085 0 -0.7071051
vn 0.7071073 0.7071062 0
vn 0.7071073 0.7071062 0
vn 0.7071073 0.7071062 0
vn 0.7071073 0.7071062 0
vn -0.7071073 0.7071062 0
vn -0.7071073 0.7071062 0
vn -0.7071073 0.7071062 0
vn -0.7071073 0.7071062 0
vn 0.7071111 0 -0.7071024
vn 0.7071099 0 -0.7071036
vn 0.7071099 0 -0.7071036
vn 0.7071111 0 -0.7071024
vn 0.7071111 0 -0.7071024
vn 0.7071111 0 -0.7071024
vn 0.7071112 0 -0.7071024
vn 0.7071112 0 -0.7071024
vn 0.7071128 0.7071008 0
vn 0.7071128 0.7071008 0
vn 0.7071128 0.7071008 0
vn 0.7071128 0.7071008 0
vn -0.7071066 0.7071069 0
vn -0.7071066 0.7071069 0
vn -0.7071066 0.7071069 0
vn -0.7071066 0.7071069 0
vn -0.7071073 -0.7071062 0
vn -0.7071073 -0.7071062 0
vn -0.7071073 -0.7071062 0
vn -0.7071073 -0.7071062 0
vn 0.7071073 -0.7071062 0
vn 0.7071073 -0.7071062 0
vn 0.7071073 -0.7071062 0
vn 0.7071073 -0.7071062 0
vn -0.7071049 0 0.7071087
vn -0.7071037 0 0.7071099
vn -0.7071037 0 0.7071099
vn -0.7071049 0 0.7071087
vn -0.7071049 0 0.7071087
vn -0.7071049 0 0.7071087
vn -0.7071049 0 0.7071086
vn -0.7071049 0 0.7071086
vn -0.7071151 0 -0.7070985
vn -0.7071151 0 -0.7070985
vn -0.7071151 0 -0.7070985
vn -0.7071151 0 -0.7070985
vn 0.707109 0.7071046 0
vn 0.707109 0.7071046 0
vn 0.707109 0.7071046 0
vn 0.707109 0.7071046 0
vn 0.7071019 0 0.7071117
vn 0.7071019 0 0.7071117
vn 0.7071019 0 0.7071117
vn 0.7071019 0 0.7071117
vn -0.7071019 0 0.7071117
vn -0.7071019 0 0.7071117
vn -0.7071019 0 0.7071117
vn -0.7071019 0 0.7071117
vn -0.7071073 -0.7071062 0
vn -0.7071073 -0.7071062 0
vn -0.7071073 -0.7071062 0
vn -0.7071073 -0.7071062 0
vn -0.7070979 0.7071157 0
vn -0.7070979 0.7071157 0
vn -0.7070979 0.7071157 0
vn -0.7070979 0.7071157 0
vn -0.7071019 0 0.7071117
vn -0.7071019 0 0.7071117
vn -0.7071019 0 0.7071117
vn -0.7071019 0 0.7071117
vn -0.7071091 0.7071045 0
vn -0.7071091 0.7071045 0
vn -0.7071091 0.7071045 0
vn -0.7071091 0.7071045 0
vn 0.7071085 0 -0.7071051
vn 0.7071085 0 -0.7071051
vn 0.7071085 0 -0.7071051
vn 0.7071085 0 -0.7071051
vn -0.7071073 -0.7071062 0
vn -0.7071073 -0.7071062 0
vn -0.7071073 -0.7071062 0
vn -0.7071073 -0.7071062 0
vn -0.7071151 0 -0.7070985
vn -0.7071151 0 -0.7070985
vn -0.7071151 0 -0.7070985
vn -0.7071151 0 -0.7070985
vn 0.7071151 0 -0.7070985
vn 0.7071151 0 -0.7070985
vn 0.7071151 0 -0.7070985
vn 0.7071151 0 -0.7070985
vn 0.7071073 -0.7071062 0
vn 0.7071073 -0.7071062 0
vn 0.7071073 -0.7071062 0
vn 0.7071073 -0.7071062 0
vn 0.7071019 0 0.7071117
vn 0.7071019 0 0.7071117
vn 0.7071019 0 0.7071117
vn 0.7071019 0 0.7071117
vn -0.7071019 0 0.7071117
vn -0.7071019 0 0.7071117
vn -0.7071019 0 0.7071117
vn -0.7071019 0 0.7071117
vn 0.7019849 0.7033285 0.1120092
vn 0.7019849 0.7033285 0.1120092
vn 0.7019849 0.7033285 0.1120092
vn 0.7019849 0.7033285 0.1120092
vn 0.7019849 0.7033285 0.1120092
vn -0.6984411 -0.6938107 -0.1755182
vn -0.6984411 -0.6938107 -0.1755182
vn -0.6984411 -0.6938107 -0.1755182
vn -0.6984411 -0.6938107 -0.1755182
vn -0.6984411 -0.6938107 -0.1755182
vn -0.6984411 -0.6938107 -0.1755182
vn 0.7019824 0.7033315 -0.1120065
vn 0.7019824 0.7033315 -0.1120065
vn 0.7019824 0.7033315 -0.1120065
vn 0.7019824 0.7033315 -0.1120065
vn 0.7019824 0.7033315 -0.1120065
vn -0.6984434 -0.6938088 0.1755171
vn -0.6984434 -0.6938088 0.1755171
vn -0.6984434 -0.6938088 0.1755171
vn -0.6984434 -0.6938088 0.1755171
vn -0.6984434 -0.6938088 0.1755171
vn -0.6984434 -0.6938088 0.1755171
vn 0.6893688 -0.2100959 0.6932751
vn 0.6893688 -0.2100959 0.6932751
vn 0.6893688 -0.2100959 0.6932751
vn 0.6893688 -0.2100959 0.6932751
vn 0.7071036 0 -0.70711
vn 0.7071036 0 -0.70711
vn 0.7071036 0 -0.70711
vn 0.7071036 0 -0.70711
vn -0.7071068 0 0.7071068
vn -0.7071068 0 0.7071068
vn -0.7071068 0 0.7071068
vn -0.7071068 0 0.7071068
vn 0.7071036 0 0.70711
vn 0.7071036 0 0.70711
vn 0.7071036 0 0.70711
vn 0.7071036 0 0.70711
vn -0.7071068 0 -0.7071068
vn -0.7071068 0 -0.7071068
vn -0.7071068 0 -0.7071068
vn -0.7071068 0 -0.7071068
vn 0.6893635 -0.2100964 -0.6932802
vn 0.6893635 -0.2100964 -0.6932802
vn 0.6893635 -0.2100964 -0.6932802
vn 0.6893635 -0.2100964 -0.6932802
vn 0 -0.7071068 0.7071068
vn 0 -0.7071068 0.7071068
vn 0 -0.7071068 0.7071068
vn 0 -0.7071068 0.7071068
vn -0.2100959 0.6893688 0.6932751
vn -0.2100959 0.6893688 0.6932751
vn -0.2100959 0.6893688 0.6932751
vn -0.2100959 0.6893688 0.6932751
vn -0.2100829 0.6893708 -0.6932771
vn -0.2100829 0.6893708 -0.6932771
vn -0.2100829 0.6893708 -0.6932771
vn -0.2100829 0.6893708 -0.6932771
vn 0 -0.7071068 -0.7071068
vn 0 -0.7071068 -0.7071068
vn 0 -0.7071068 -0.7071068
vn 0 -0.7071068 -0.7071068
vn 0 -0.7071084 0.7071052
vn 0 -0.7071084 0.7071052
vn 0 -0.7071084 0.7071052
vn 0 -0.7071084 0.7071052
vn -6.490573E-06 0.7071089 0.7071047
vn -6.490573E-06 0.7071089 0.7071047
vn -6.490573E-06 0.7071089 0.7071047
vn -6.490573E-06 0.7071089 0.7071047
vn 0 0.7071089 -0.7071047
vn 0 0.7071089 -0.7071047
vn 0 0.7071089 -0.7071047
vn 0 0.7071089 -0.7071047
vn 0 -0.7071084 -0.7071052
vn 0 -0.7071084 -0.7071052
vn 0 -0.7071084 -0.7071052
vn 0 -0.7071084 -0.7071052
vn 0 -0.70711 0.7071036
vn 0 -0.70711 0.7071036
vn 0 -0.70711 0.7071036
vn 0 -0.70711 0.7071036
vn 0 0.7071068 -0.7071068
vn 0 0.7071068 -0.7071068
vn 0 0.7071068 -0.7071068
vn 0 0.7071068 -0.7071068
vn 0 0.7071084 0.7071052
vn 0 0.7071084 0.7071052
vn 0 0.7071084 0.7071052
vn 0 0.7071084 0.7071052
vn 0 0.7071084 -0.7071052
vn 0 0.7071084 -0.7071052
vn 0 0.7071084 -0.7071052
vn 0 0.7071084 -0.7071052
vn 0 0.7071068 0.7071068
vn 0 0.7071068 0.7071068
vn 0 0.7071068 0.7071068
vn 0 0.7071068 0.7071068
vn 0 -0.70711 -0.7071036
vn 0 -0.70711 -0.7071036
vn 0 -0.70711 -0.7071036
vn 0 -0.70711 -0.7071036
vn -6.490572E-06 -0.7071088 0.7071047
vn -6.490572E-06 -0.7071088 0.7071047
vn -6.490572E-06 -0.7071088 0.7071047
vn -6.490572E-06 -0.7071088 0.7071047
vn 0 0.7071068 0.7071068
vn 0 0.7071068 0.7071068
vn 0 0.7071068 0.7071068
vn 0 0.7071068 0.7071068
vn 0 0.7071068 -0.7071068
vn 0 0.7071068 -0.7071068
vn 0 0.7071068 -0.7071068
vn 0 0.7071068 -0.7071068
vn -1.298114E-05 -0.7071088 -0.7071047
vn -1.298114E-05 -0.7071088 -0.7071047
vn -1.298114E-05 -0.7071088 -0.7071047
vn -1.298114E-05 -0.7071088 -0.7071047
vn -0.001863921 0.0003391608 0.9999982
vn -0.001863921 0.0003391608 0.9999982
vn -0.001863921 0.0003391608 0.9999982
vn -0.001863921 0.0003391608 0.9999982
vn -0.4088387 0.817775 0.4050864
vn -0.4088387 0.817775 0.4050864
vn -0.4088387 0.817775 0.4050864
vn -0.4088387 0.817775 0.4050864
vn -0.007594239 0.9999609 -0.004522307
vn -0.009973047 0.9999503 -0.000109437
vn -0.009973047 0.9999503 -0.000109437
vn -0.007594239 0.9999609 -0.004522307
vn -0.007594239 0.9999609 -0.004522307
vn -0.007594239 0.9999609 -0.004522307
vn -0.007606578 0.9999608 0.004540658
vn -0.007606578 0.9999608 0.004540658
vn -0.007606578 0.9999608 0.004540658
vn -0.007606578 0.9999608 0.004540658
vn -0.009972667 0.9999503 9.849378E-05
vn -0.009972667 0.9999503 9.849378E-05
vn -0.4088078 -0.8177043 0.4052602
vn -0.4088078 -0.8177043 0.4052602
vn -0.4088078 -0.8177043 0.4052602
vn -0.4088078 -0.8177043 0.4052602
vn 0.2037246 -0.9273572 0.3138551
vn 0.2037246 -0.9273572 0.3138551
vn 0.2037246 -0.9273572 0.3138551
vn 0.2037246 -0.9273572 0.3138551
vn -0.009517577 -0.9999545 -0.0006150474
vn -0.009517577 -0.9999545 -0.0006150474
vn -0.007183758 -0.9999651 -0.004284977
vn -0.007183758 -0.9999651 -0.004284977
vn -0.007183758 -0.9999651 -0.004284977
vn -0.007183758 -0.9999651 -0.004284977
vn -0.007177392 -0.9999651 0.004280398
vn -0.007177392 -0.9999651 0.004280398
vn -0.007177392 -0.9999651 0.004280398
vn -0.007177392 -0.9999651 0.004280398
vn -0.009517495 -0.9999545 0.0006150474
vn -0.009517495 -0.9999545 0.0006150474
vn 0.405143 0.8177508 -0.4088311
vn 0.405143 0.8177508 -0.4088311
vn 0.405143 0.8177508 -0.4088311
vn 0.405143 0.8177508 -0.4088311
vn -0.001695942 0.0007622564 -0.9999982
vn -0.001695942 0.0007622564 -0.9999982
vn 0 0 -1
vn 0 0 -1
vn 0 0 -1
vn 0 0 -1
vn 0.0005156669 -0.001148473 -0.9999992
vn 0.0005156669 -0.001148473 -0.9999992
vn 0 0 -1
vn 0 0 -1
vn 0 0 -1
vn 0 0 -1
vn 0 0 -1
vn 0 0 -1
vn 0.4965189 0.4978613 -0.7110578
vn 0.4965189 0.4978613 -0.7110578
vn 0.4965189 0.4978613 -0.7110578
vn 0.4965189 0.4978613 -0.7110578
vn -0.4979385 -0.4967368 -0.7108515
vn -0.4979385 -0.4967368 -0.7108515
vn -0.4979385 -0.4967368 -0.7108515
vn -0.4979385 -0.4967368 -0.7108515
vn 0.4053166 -0.8176802 -0.4088002
vn 0.4053166 -0.8176802 -0.4088002
vn 0.4053166 -0.8176802 -0.4088002
vn 0.4053166 -0.8176802 -0.4088002
vn -1 0 0
vn -1 0 0
vn -1 0 0
vn -1 0 0
vn -0.4088497 0.8177705 -0.4050841
vn -0.4088497 0.8177705 -0.4050841
vn -0.4088497 0.8177705 -0.4050841
vn -0.4088497 0.8177705 -0.4050841
vn -0.4088123 -0.8177043 -0.4052557
vn -0.4088123 -0.8177043 -0.4052557
vn -0.4088123 -0.8177043 -0.4052557
vn -0.4088123 -0.8177043 -0.4052557
vn 0.4051459 0.8177478 0.408834
vn 0.4051459 0.8177478 0.408834
vn 0.4051459 0.8177478 0.408834
vn 0.4051459 0.8177478 0.408834
vn 1 0 0
vn 1 0 0
vn 1 0 0
vn 1 0 0
vn 0.4053158 -0.8176876 0.4087861
vn 0.4053158 -0.8176876 0.4087861
vn 0.4053158 -0.8176876 0.4087861
vn 0.4053158 -0.8176876 0.4087861
vn -0.001863921 0.0003391608 -0.9999982
vn -0.001863921 0.0003391608 -0.9999982
vn -0.001863921 0.0003391608 -0.9999982
vn -0.001863921 0.0003391608 -0.9999982
vn 0.2037211 -0.9273559 -0.313861
vn 0.2037211 -0.9273559 -0.313861
vn 0.2037211 -0.9273559 -0.313861
vn 0.2037211 -0.9273559 -0.313861
vn 0.4965118 0.4978683 0.7110577
vn 0.4965118 0.4978683 0.7110577
vn 0.4965118 0.4978683 0.7110577
vn 0.4965118 0.4978683 0.7110577
vn 0 0 1
vn -0.001695918 0.0007622564 0.9999982
vn -0.001695918 0.0007622564 0.9999982
vn 0 0 1
vn 0 0 1
vn 0 0 1
vn 0.0005156669 -0.001148473 0.9999992
vn 0.0005156669 -0.001148473 0.9999992
vn 0 0 1
vn 0 0 1
vn 0 0 1
vn 0 0 1
vn 0 0 1
vn 0 0 1
vn -0.4979514 -0.4967358 0.7108431
vn -0.4979514 -0.4967358 0.7108431
vn -0.4979514 -0.4967358 0.7108431
vn -0.4979514 -0.4967358 0.7108431
vn 0.9238855 -0.382669 0
vn 0.9238855 -0.382669 0
vn 0.9238855 -0.382669 0
vn 0.9238855 -0.382669 0
vn 0.7071073 0.7071063 0
vn 0.7071073 0.7071063 0
vn 0.7071073 0.7071063 0
vn 0.7071073 0.7071063 0
vn -0.7071009 -0.7071127 0
vn -0.7071009 -0.7071127 0
vn -0.7071009 -0.7071127 0
vn -0.7071009 -0.7071127 0
vn 0.8173414 -0.4086486 0.406152
vn 0.8173414 -0.4086486 0.406152
vn 0.8173414 -0.4086486 0.406152
vn 0.8173414 -0.4086486 0.406152
vn 0.0002110104 -0.001214048 0.9999993
vn 0.0002110104 -0.001214048 0.9999993
vn 0.0002110104 -0.001214048 0.9999993
vn 0.0002110104 -0.001214048 0.9999993
vn 0.999977 -0.006699553 0.001088012
vn 0.999977 -0.006699553 0.001088012
vn 0.9999957 -0.002834583 -0.0007596317
vn 0.9999957 -0.002834583 -0.0007596317
vn 0.9999957 -0.002834583 -0.0007596317
vn 0.9999957 -0.002834583 -0.0007596317
vn 0.9999957 -0.002837222 0.0007596256
vn 0.9999957 -0.002834583 -0.0007596317
vn 1 0 0
vn 1 0 0
vn 0.9999957 -0.002837222 0.0007596256
vn 1 0 0
vn 0.9999957 -0.002837222 0.0007596256
vn 0.9999957 -0.002837222 0.0007596256
vn 0.999977 -0.006699875 -0.001082855
vn 0.999977 -0.006699875 -0.001082855
vn 0.9999957 -0.002837222 0.0007596256
vn 1 -2.665728E-06 0
vn 1 -2.665728E-06 0
vn 1 -2.665728E-06 0
vn 1 0 0
vn 1 -2.665728E-06 0
vn 1 0 0
vn 1 -2.665728E-06 0
vn 1 2.66575E-06 0
vn 1 0 0
vn 1 2.66575E-06 0
vn 1 0 0
vn 1 2.66575E-06 0
vn 1 0 0
vn 1 2.66575E-06 0
vn 1 0 0
vn 1 2.66575E-06 0
vn 1 0 0
vn 1 0 0
vn 1 0 0
vn 1 0 0
vn 1 0 0
vn 1 0 0
vn 1 0 0
vn 1 0 0
vn 1 0 0
vn -0.9279223 0.2039026 0.3120639
vn -0.9279223 0.2039026 0.3120639
vn -0.9279223 0.2039026 0.3120639
vn -0.9279223 0.2039026 0.3120639
vn -0.8173119 -0.4086294 0.4062305
vn -0.8173119 -0.4086294 0.4062305
vn -0.8173119 -0.4086294 0.4062305
vn -0.8173119 -0.4086294 0.4062305
vn -0.9999959 -0.002730935 -0.0007311024
vn -0.9999787 -0.006490359 0.0007192295
vn -0.9999787 -0.006490359 0.0007192295
vn -0.9999959 -0.002730935 -0.0007311024
vn -0.9999959 -0.002730935 -0.0007311024
vn -0.9999959 -0.002730935 -0.0007311024
vn -0.9999959 -0.002730935 -0.0007311024
vn -0.9999959 -0.002730906 0.0007310946
vn -1 0 0
vn -1 0 0
vn -0.9999959 -0.002730906 0.0007310946
vn -1 0 0
vn -0.9999959 -0.002730906 0.0007310946
vn -0.9999959 -0.002730906 0.0007310946
vn -0.9999959 -0.002730906 0.0007310946
vn -1 0 0
vn -0.9999787 -0.006490359 -0.0007192295
vn -0.9999787 -0.006490359 -0.0007192295
vn -1 0 0
vn -1 0 0
vn -1 0 0
vn -1 0 0
vn -1 0 0
vn -1 0 0
vn -1 0 0
vn -1 0 0
vn -1 0 0
vn -1 0 0
vn -1 0 0
vn -1 0 0
vn -1 0 0
vn -1 0 0
vn -1 0 0
vn -1 0 0
vn -1 0 0
vn -1 0 0
vn -1 0 0
vn -1 0 0
vn -1 0 0
vn -1 0 0
vn -1 0 0
vn -1 0 0
vn -0.3826764 0.9238824 0
vn -0.3826764 0.9238824 0
vn -0.3826764 0.9238824 0
vn -0.3826764 0.9238824 0
vn -0.9279215 0.2039038 -0.3120657
vn -0.9279215 0.2039038 -0.3120657
vn -0.9279215 0.2039038 -0.3120657
vn -0.9279215 0.2039038 -0.3120657
vn 0.0002110104 -0.001214048 -0.9999993
vn 0.0002110104 -0.001214048 -0.9999993
vn 0.0002110104 -0.001214048 -0.9999993
vn 0.0002110104 -0.001214048 -0.9999993
vn 0.8173488 -0.4086389 -0.4061469
vn 0.8173488 -0.4086389 -0.4061469
vn 0.8173488 -0.4086389 -0.4061469
vn 0.8173488 -0.4086389 -0.4061469
vn -0.8173134 -0.4086301 -0.4062269
vn -0.8173134 -0.4086301 -0.4062269
vn -0.8173134 -0.4086301 -0.4062269
vn -0.8173134 -0.4086301 -0.4062269
vn 0 -1 0
vn 0 -1 0
vn 0 -1 0
vn 0 -1 0
vn 0.8164958 -0.4082501 0.4082479
vn 0.8164958 -0.4082501 0.4082479
vn 0.8164958 -0.4082501 0.4082479
vn 0.8164958 -0.4082501 0.4082479
vn 0 0 1
vn 0 0 1
vn 0 0 1
vn 0 0 1
vn 0.8164954 0.4082499 0.4082491
vn 0.8164954 0.4082499 0.4082491
vn 0.8164954 0.4082499 0.4082491
vn 0.8164954 0.4082499 0.4082491
vn -0.8164966 0.4082461 0.4082502
vn -0.8164966 0.4082461 0.4082502
vn -0.8164966 0.4082461 0.4082502
vn -0.8164966 0.4082461 0.4082502
vn -0.8164958 -0.4082479 0.4082501
vn -0.8164958 -0.4082479 0.4082501
vn -0.8164958 -0.4082479 0.4082501
vn -0.8164958 -0.4082479 0.4082501
vn 0 1 0
vn 0 1 0
vn 0 1 0
vn 0 1 0
vn 0.8164982 0.4082446 -0.4082488
vn 0.8164982 0.4082446 -0.4082488
vn 0.8164982 0.4082446 -0.4082488
vn 0.8164982 0.4082446 -0.4082488
vn -0.8164983 0.4082447 -0.4082483
vn -0.8164983 0.4082447 -0.4082483
vn -0.8164983 0.4082447 -0.4082483
vn -0.8164983 0.4082447 -0.4082483
vn 0 0 -1
vn 0 0 -1
vn 0 0 -1
vn 0 0 -1
vn 0.8164973 -0.4082487 -0.4082465
vn 0.8164973 -0.4082487 -0.4082465
vn 0.8164973 -0.4082487 -0.4082465
vn 0.8164973 -0.4082487 -0.4082465
vn -0.8164958 -0.4082479 -0.4082501
vn -0.8164958 -0.4082479 -0.4082501
vn -0.8164958 -0.4082479 -0.4082501
vn -0.8164958 -0.4082479 -0.4082501
vn 0 -1 0
vn 0 -1 0
vn 0 -1 0
vn 0 -1 0
vn 0.8164951 -0.4082497 0.4082497
vn 0.8164951 -0.4082497 0.4082497
vn 0.8164951 -0.4082497 0.4082497
vn 0.8164951 -0.4082497 0.4082497
vn 0 0 1
vn 0 0 1
vn 0 0 1
vn 0 0 1
vn 0.8164936 0.4082513 0.4082513
vn 0.8164936 0.4082513 0.4082513
vn 0.8164936 0.4082513 0.4082513
vn 0.8164936 0.4082513 0.4082513
vn -0.8164966 0.4082461 0.4082505
vn -0.8164966 0.4082461 0.4082505
vn -0.8164966 0.4082461 0.4082505
vn -0.8164966 0.4082461 0.4082505
vn -0.8164951 -0.4082476 0.4082519
vn -0.8164951 -0.4082476 0.4082519
vn -0.8164951 -0.4082476 0.4082519
vn -0.8164951 -0.4082476 0.4082519
vn 0.8164966 0.4082461 -0.4082505
vn 0.8164966 0.4082461 -0.4082505
vn 0.8164966 0.4082461 -0.4082505
vn 0.8164966 0.4082461 -0.4082505
vn -0.816498 0.4082446 -0.408249
vn -0.816498 0.4082446 -0.408249
vn -0.816498 0.4082446 -0.408249
vn -0.816498 0.4082446 -0.408249
vn 0 1 0
vn 0 1 0
vn 0 1 0
vn 0 1 0
vn 0.8164951 0.4082476 -0.4082519
vn 0.8164951 0.4082476 -0.4082519
vn 0.8164951 0.4082476 -0.4082519
vn 0.8164951 0.4082476 -0.4082519
vn -0.8164921 0.4082505 -0.4082549
vn -0.8164921 0.4082505 -0.4082549
vn -0.8164921 0.4082505 -0.4082549
vn -0.8164921 0.4082505 -0.4082549
vn 0 0 -1
vn 0 0 -1
vn 0 0 -1
vn 0 0 -1
vn 0.8164966 -0.4082483 -0.4082483
vn 0.8164966 -0.4082483 -0.4082483
vn 0.8164966 -0.4082483 -0.4082483
vn 0.8164966 -0.4082483 -0.4082483
vn -0.8164951 -0.4082476 -0.4082519
vn -0.8164951 -0.4082476 -0.4082519
vn -0.8164951 -0.4082476 -0.4082519
vn -0.8164951 -0.4082476 -0.4082519
vn 0.8164995 0.4082453 0.4082453
vn 0.8164995 0.4082453 0.4082453
vn 0.8164995 0.4082453 0.4082453
vn 0.8164995 0.4082453 0.4082453
vn -0.816498 0.4082446 0.408249
vn -0.816498 0.4082446 0.408249
vn -0.816498 0.4082446 0.408249
vn -0.816498 0.4082446 0.408249
vn 0 -1 0
vn 0 -1 0
vn 0 -1 0
vn 0 -1 0
vn 0 1 0
vn 0 1 0
vn 0 1 0
vn 0 1 0
vn 0.8164966 -0.4082483 0.4082483
vn 0.8164966 -0.4082483 0.4082483
vn 0.8164966 -0.4082483 0.4082483
vn 0.8164966 -0.4082483 0.4082483
vn 0 0 1
vn 0 0 1
vn 0 0 1
vn 0 0 1
vn 0.8164936 0.4082513 0.4082513
vn 0.8164936 0.4082513 0.4082513
vn 0.8164936 0.4082513 0.4082513
vn 0.8164936 0.4082513 0.4082513
vn -0.8164966 0.4082461 0.4082505
vn -0.8164966 0.4082461 0.4082505
vn -0.8164966 0.4082461 0.4082505
vn -0.8164966 0.4082461 0.4082505
vn -0.8164968 -0.4082462 0.4082498
vn -0.8164968 -0.4082462 0.4082498
vn -0.8164968 -0.4082462 0.4082498
vn -0.8164968 -0.4082462 0.4082498
vn 0 1 0
vn 0 1 0
vn 0 1 0
vn 0 1 0
vn 0.8164951 0.4082476 -0.4082519
vn 0.8164951 0.4082476 -0.4082519
vn 0.8164951 0.4082476 -0.4082519
vn 0.8164951 0.4082476 -0.4082519
vn -0.8164921 0.4082505 -0.4082549
vn -0.8164921 0.4082505 -0.4082549
vn -0.8164921 0.4082505 -0.4082549
vn -0.8164921 0.4082505 -0.4082549
vn 0 0 -1
vn 0 0 -1
vn 0 0 -1
vn 0 0 -1
vn 0.8164998 -0.4082455 -0.4082447
vn 0.8164998 -0.4082455 -0.4082447
vn 0.8164998 -0.4082455 -0.4082447
vn 0.8164998 -0.4082455 -0.4082447
vn -0.816498 -0.4082446 -0.408249
vn -0.816498 -0.4082446 -0.408249
vn -0.816498 -0.4082446 -0.408249
vn -0.816498 -0.4082446 -0.408249
vn 0 -1 0
vn 0 -1 0
vn 0 -1 0
vn 0 -1 0
vn -7.76846E-07 0 1
vn -7.76846E-07 0 1
vn -7.76846E-07 0 1
vn -7.76846E-07 0 1
vn 0 0 1
vn 0 0 1
vn 6.21477E-06 0 1
vn 6.21477E-06 0 1
vn 6.21477E-06 0 1
vn 6.21477E-06 0 1
vn 0.9807851 0.1950915 0
vn 0.9807851 0.1950915 0
vn 0.9807851 0.1950915 0
vn 0.9807851 0.1950915 0
vn 0.1950901 -0.9807854 3.913358E-07
vn 0.1950901 -0.9807854 3.913358E-07
vn 0.1950901 -0.9807854 3.913358E-07
vn 0.1950901 -0.9807854 3.913358E-07
vn 0.1950895 -0.9807854 0
vn 0.1950895 -0.9807854 0
vn 0.1950903 -0.9807853 -3.913355E-07
vn 0.1950903 -0.9807853 -3.913355E-07
vn 0.555571 -0.8314691 0
vn 0.555571 -0.8314691 0
vn 0.555571 -0.8314691 0
vn 0.555571 -0.8314691 0
vn 0.5555702 -0.8314697 0
vn 0.5555702 -0.8314697 0
vn 0.5555702 -0.8314697 0
vn 0.5555702 -0.8314697 0
vn 0.8314699 -0.5555699 0
vn 0.8314699 -0.5555699 0
vn 0.8314699 -0.5555699 0
vn 0.8314699 -0.5555699 0
vn 0.8314696 -0.5555703 0
vn 0.8314696 -0.5555703 0
vn 0.8314696 -0.5555703 0
vn 0.8314696 -0.5555703 0
vn 0.9807853 -0.1950906 3.478544E-07
vn 0.9807853 -0.1950906 3.478544E-07
vn 0.9807853 -0.1950906 3.478544E-07
vn 0.9807853 -0.1950906 3.478544E-07
vn 0.9807853 -0.1950905 -3.47854E-07
vn 0.9807853 -0.1950905 -3.47854E-07
vn 0.9807853 -0.1950905 -3.47854E-07
vn 0.9807853 -0.1950905 -3.47854E-07
vn -0.1950922 -0.9807849 0
vn -0.1950922 -0.9807849 0
vn -0.1950922 -0.9807849 0
vn -0.1950922 -0.9807849 0
vn 0 0 -1
vn 1.553692E-06 0 -1
vn 1.553692E-06 0 -1
vn 0 0 -1
vn 0 0 -1
vn 0 0 -1
vn 0 0 -1
vn 0 0 -1
vn 0 0 -1
vn 0 0 -1
vn -1 0 0
vn -1 0 0
vn -1 0 0
vn -1 0 0
vn 1 0 -1.46706E-06
vn 1 0 -1.46706E-06
vn 1 0 -1.46706E-06
vn 1 0 -1.46706E-06
vn 0 -0.463535 0.8860786
vn 0 -0.463535 0.8860786
vn 0 -0.463535 0.8860786
vn 0 -0.463535 0.8860786
vn 0 -1 0
vn 0 -1 0
vn 0 -1 0
vn 0 -1 0
vn 0 -1 0
vn 0 -1 0
vn 0 -1 0
vn 0 -1 0
vn 6.938602E-06 0 1
vn 6.938602E-06 0 1
vn 0 0 1
vn 0 0 1
vn 0 0 1
vn 0 0 1
vn 0 0 1
vn 0 0 1
vn 0 0 1
vn 0 0 1
vn 0 0 1
vn 8.673208E-07 0 1
vn 0 0 1
vn 8.673208E-07 0 1
vn 0 0 1
vn 0 0 1
vn 0 0 1
vn 0 0 1
vn 0 0 1
vn 3.350847E-06 0 1
vn 3.350847E-06 0 1
vn 0 0 1
vn 0 0 1
vn 0 0 1
vn 0 0 1
vn 8.673328E-07 0 1
vn 8.673328E-07 0 1
vn 8.673328E-07 0 1
vn 8.673328E-07 0 1
vn 0 0 1
vn 0 0 1
vn -6.938614E-06 0 1
vn -6.938614E-06 0 1
vn 0 0 1
vn 0 0 1
vn 0 0 1
vn 0 0 -1
vn 0 0 -1
vn 0 0 -1
vn 0 0 -1
vn 0 0 -1
vn 0 0 -1
vn 0 0 -1
vn -1.912532E-07 0 -1
vn -1.912555E-07 0 -1
vn -1.912555E-07 0 -1
vn 0 0 -1
vn -1.912555E-07 0 -1
vn -1.912555E-07 0 -1
vn -1.912555E-07 0 -1
vn 0 0 -1
vn 0 0 -1
vn 0 0 -1
vn 0 0 -1
vn 0 0 -1
vn 0 0 -1
vn 0 0 -1
vn 1.912555E-07 0 -1
vn 0 0 -1
vn 1.912567E-07 0 -1
vn 0 0 -1
vn 1.912532E-07 0 -1
vn 0 0 -1
vn 0 0 -1
vn 0 0 -1
vn -3.974512E-07 0 -1
vn 0 0 -1
vn 0 0 -1
vn 0 0 -1
vn 0 0 -1
vn 0 0 -1
vn 0 0 -1
vn 0 1 1.077595E-07
vn 0 1 0
vn 0 1 0
vn 0 1 -1.077599E-07
vn 0 1 -2.817397E-06
vn 0 1 2.563409E-06
vn 0 1 9.334453E-06
vn 0 1 0
vn 0 1 0
vn 0 1 0
vn 0 1 0
vn 0 1 0
vn 0 1 1.077595E-07
vn 0 1 -1.077599E-07
vn 0 1 1.077595E-07
vn 0 1 -1.077599E-07
vn 0 1 1.077595E-07
vn 0 1 -1.077599E-07
vn 0 1 1.077595E-07
vn 0 1 1.077595E-07
vn 0 1 0
vn 0 1 0
vn 0 1 -9.334453E-06
vn 0 1 2.817447E-06
vn 0 1 -1.077599E-07
vn 0 1 -1.077599E-07
vn 0 1 0
vn 0 1 0
vn 0 1 0
vn 0 1 0
vn 0 1 -2.563409E-06
vn 0 1 0
vn 0 -1 5.145478E-06
vn 0 -1 5.145478E-06
vn 0 -1 5.145478E-06
vn 0 -1 5.145478E-06
vn 0 -1 7.120479E-06
vn 0 -1 -5.919261E-06
vn 0 -1 -7.655795E-06
vn 0 -1 7.120479E-06
vn 0 -1 1.424081E-05
vn 0 -1 0
vn 0 -1 0
vn 0 -1 0
vn 0 -1 -1.242331E-07
vn 0 -1 1.242336E-07
vn 0 -1 5.145478E-06
vn 0 -1 5.145478E-06
vn 0 -1 -5.145477E-06
vn 0 -1 -5.145477E-06
vn 0 -1 -1.242331E-07
vn 0 -1 -5.145477E-06
vn 0 -1 0
vn 0 -1 -1.42407E-05
vn 0 -1 7.655913E-06
vn 0 -1 -7.120377E-06
vn 0 -1 1.242336E-07
vn 0 -1 -5.145477E-06
vn 0 -1 -5.145477E-06
vn 0 -1 0
vn 0 -1 -5.145477E-06
vn 0 -1 0
vn 0 -1 5.919332E-06
vn 0 -1 -7.120377E-06
vn 0 0 1
vn 0 0 1
vn 0 0 1
vn 0 0 1
vn 0 0 1
vn 0 0 1
vn 0 0 1
vn 0 0 1
vn 0 0 1
vn 0 0 1
vn 0 0 1
vn -0.01762244 -0.003506627 -0.9998386
vn -0.01505819 0 -0.9998866
vn -0.01505819 0 -0.9998866
vn -0.003510879 0.01762456 -0.9998385
vn -0.01831826 -0.01223972 -0.9997573
vn -0.01762371 0.003506627 -0.9998386
vn -0.003510885 -0.01762459 -0.9998385
vn -0.01831766 0.01223967 -0.9997573
vn -0.01831766 0.01223967 -0.9997573
vn -0.003510879 0.01762456 -0.9998385
vn -0.003510879 0.01762456 -0.9998385
vn -0.003510885 -0.01762459 -0.9998385
vn -0.01505819 0 -0.9998866
vn 0.003504114 0.01762444 -0.9998385
vn 0 0.01505892 -0.9998866
vn 0.01224375 0.01831986 -0.9997572
vn 0.01224375 0.01831986 -0.9997572
vn 0.01224375 0.01831986 -0.9997572
vn 0.01762268 0.003504761 -0.9998386
vn -0.01505819 0 -0.9998866
vn 0.01762268 0.003504761 -0.9998386
vn 0.01831766 -0.01223967 -0.9997573
vn 0.01505819 0 -0.9998866
vn 0.01762371 -0.003506627 -0.9998386
vn 0.01831766 -0.01223967 -0.9997573
vn 0.01831766 -0.01223967 -0.9997573
vn 0.003510879 -0.01762456 -0.9998385
vn 0.003510879 -0.01762456 -0.9998385
vn 0 -0.01505821 -0.9998866
vn -0.01505819 0 -0.9998866
vn 0 0 -1
vn 3.253683E-06 0 -1
vn 0 0 -1
vn 0 0 -1
vn -0.01831975 -0.01224072 0.9997572
vn 1.272072E-07 -0.01505883 0.9998866
vn -0.01224368 -0.01832118 0.9997572
vn -0.01762638 -0.003507076 0.9998385
vn -0.01505718 1.92799E-07 0.9998866
vn -0.01505718 1.92799E-07 0.9998866
vn -0.01505718 1.92799E-07 0.9998866
vn -0.01832094 0.01223915 0.9997572
vn -0.01223549 0.01832002 0.9997573
vn -0.00350415 0.01762483 0.9998385
vn -0.00350415 0.01762483 0.9998385
vn 1.272072E-07 -0.01505883 0.9998866
vn -0.01505718 1.92799E-07 0.9998866
vn 1.272072E-07 -0.01505883 0.9998866
vn 0.01505864 0 0.9998866
vn 0.01505864 0 0.9998866
vn 0.01505864 0 0.9998866
vn 0.01505864 0 0.9998866
vn 0.003504147 0.01762482 0.9998385
vn 1.272072E-07 -0.01505883 0.9998866
vn 0.01223966 0.01832 0.9997572
vn 0.003507552 -0.01762483 0.9998385
vn 0.01831526 0.0122392 0.9997573
vn 0.01223967 -0.01832001 0.9997572
vn 0.01831728 -0.01223915 0.9997573
vn 0.01505864 0 0.9998866
vn 0.01831526 0.0122392 0.9997573
vn 0.01505864 0 0.9998866
vn 0.7071068 -0.7071068 0
vn 0.7071068 -0.7071068 0
vn 0.7071068 -0.7071068 0
vn 0.7071068 -0.7071068 0
vn 0.7071068 -0.7071068 0
vn 0.7071068 -0.7071068 0
vn 0.7071068 -0.7071068 0
vn 0.7071068 -0.7071068 0
vn 0.7071068 -0.7071068 0
vn 0.7071068 -0.7071068 0
vn 1 0 0
vn 1 0 0
vn 1 0 0
vn 1 0 0
vn 0 0 -1
vn 0 0 -1
vn 0 0 -1
vn 0 0 -1
vn 0 0 1
vn 0 0 1
vn 0 0 1
vn 0 0 1
vn -1 0 0
vn -1 0 0
vn -1 0 0
vn -1 0 0
vn 0 1 0
vn 0 1 0
vn 0 1 0
vn 0 1 0
vn 0 -1 0
vn 0 -1 0
vn 0 -1 0
vn 0 -1 0
vn 0.03490001 0.9993908 0
vn 0.03490001 0.9993908 0
vn 0.03490001 0.9993908 0
vn 0.03490001 0.9993908 0
vn -0.5537549 0.8326797 0
vn -0.5537549 0.8326797 0
vn -0.5537549 0.8326797 0
vn -0.5537549 0.8326797 0
vn 0.7431444 0.6691311 0
vn 0.7431444 0.6691311 0
vn 0.7431444 0.6691311 0
vn 0.7431444 0.6691311 0
vn -0.9938164 -0.1110354 0
vn -0.9938164 -0.1110354 0
vn -0.9938164 -0.1110354 0
vn -0.9938164 -0.1110354 0
vn 0 0 -1
vn 0 0 -1
vn 0 0 -1
vn 0 0 -1
vn 0 0 -1
vn 0 0 -1
vn 0 0 -1
vn 0 0 -1
vn 0 0 -1
vn 0 0 -1
vn 0 0 -1
vn 0 0 -1
vn 0 0 -1
vn 0 0 -1
vn 0 0 -1
vn 0 0 -1
vn 0 0 -1
vn 0 0 -1
vn -0.2861062 -0.958198 0
vn -0.2861062 -0.958198 0
vn -0.2861062 -0.958198 0
vn -0.2861062 -0.958198 0
vn 0.5501165 0.835088 -1.588773E-07
vn 0.5501165 0.835088 -1.588773E-07
vn 0.5501165 0.835088 -1.588773E-07
vn 0.5501165 0.835088 -1.588773E-07
vn 0.9196501 0.3927385 0
vn 0.9196501 0.3927385 0
vn 0.9196501 0.3927385 0
vn 0.9196501 0.3927385 0
vn -0.9972411 -0.07422988 0
vn -0.9972411 -0.07422988 0
vn -0.9972411 -0.07422988 0
vn -0.9972411 -0.07422988 0
vn -0.767445 -0.6411148 -1.288253E-07
vn -0.767445 -0.6411148 -1.288253E-07
vn -0.767445 -0.6411148 -1.288253E-07
vn -0.767445 -0.6411148 -1.288253E-07
vn 0.2902848 -0.9569403 0
vn 0.2902848 -0.9569403 0
vn 0.2902848 -0.9569403 0
vn 0.2902848 -0.9569403 0
vn -0.002181624 0.9999976 0
vn -0.002181624 0.9999976 0
vn -0.002181624 0.9999976 0
vn -0.002181624 0.9999976 0
vn 0.2861066 0.9581978 1.371564E-07
vn 0.2861066 0.9581978 1.371564E-07
vn 0.2861066 0.9581978 1.371564E-07
vn 0.2861066 0.9581978 1.371564E-07
vn 0.00218127 -0.9999976 0
vn 0.00218127 -0.9999976 0
vn 0.00218127 -0.9999976 0
vn 0.00218127 -0.9999976 0
vn 0.002181668 -0.9999976 0
vn 0.002181668 -0.9999976 0
vn 0.002181668 -0.9999976 0
vn 0.002181668 -0.9999976 0
vn -0.5501164 -0.835088 0
vn -0.5501164 -0.835088 0
vn -0.5501164 -0.835088 0
vn -0.5501164 -0.835088 0
vn 0.7674449 0.6411149 0
vn 0.7674449 0.6411149 0
vn 0.7674449 0.6411149 0
vn 0.7674449 0.6411149 0
vn 0.9938164 0.1110356 0
vn 0.9938164 0.1110356 0
vn 0.9938164 0.1110356 0
vn 0.9938164 0.1110356 0
vn -0.002181799 0.9999976 0
vn -0.002181799 0.9999976 0
vn -0.002181799 0.9999976 0
vn -0.002181799 0.9999976 0
vn -0.9196503 -0.3927385 0
vn -0.9196503 -0.3927385 0
vn -0.9196503 -0.3927385 0
vn -0.9196503 -0.3927385 0
vn 0.5537547 -0.8326799 0
vn 0.5537547 -0.8326799 0
vn 0.5537547 -0.8326799 0
vn 0.5537547 -0.8326799 0
vn -0.290285 0.9569402 0
vn -0.290285 0.9569402 0
vn -0.290285 0.9569402 0
vn -0.290285 0.9569402 0
vn -0.2861066 -0.9581978 0
vn -0.2861066 -0.9581978 0
vn -0.2861066 -0.9581978 0
vn -0.2861066 -0.9581978 0
vn 0.9896752 0.1433281 0
vn 0.9896752 0.1433281 0
vn 0.9896752 0.1433281 0
vn 0.9896752 0.1433281 0
vn 0.7674475 0.6411119 0
vn 0.7674475 0.6411119 0
vn 0.7674475 0.6411119 0
vn 0.7674475 0.6411119 0
vn -0.9196487 -0.3927419 0
vn -0.9196487 -0.3927419 0
vn -0.9196487 -0.3927419 0
vn -0.9196487 -0.3927419 0
vn 0.2861059 0.958198 0
vn 0.2861059 0.958198 0
vn 0.2861059 0.958198 0
vn 0.2861059 0.958198 0
vn 0.0195371 0.9998091 0
vn 0.0195371 0.9998091 0
vn 0.0195371 0.9998091 0
vn 0.0195371 0.9998091 0
vn 0.2902844 -0.9569405 0
vn 0.2902844 -0.9569405 0
vn 0.2902844 -0.9569405 0
vn 0.2902844 -0.9569405 0
vn -0.2902865 0.9569398 0
vn -0.2902865 0.9569398 0
vn -0.2902865 0.9569398 0
vn -0.2902865 0.9569398 0
vn -0.5501142 -0.8350894 0
vn -0.5501142 -0.8350894 0
vn -0.5501142 -0.8350894 0
vn -0.5501142 -0.8350894 0
vn -0.5263556 0.8502645 0
vn -0.5263556 0.8502645 0
vn -0.5263556 0.8502645 0
vn -0.5263556 0.8502645 0
vn -0.7674477 -0.6411116 0
vn -0.7674477 -0.6411116 0
vn -0.7674477 -0.6411116 0
vn -0.7674477 -0.6411116 0
vn 0.753341 0.6576302 0
vn 0.753341 0.6576302 0
vn 0.753341 0.6576302 0
vn 0.753341 0.6576302 0
vn 0.9196506 0.3927374 0
vn 0.9196506 0.3927374 0
vn 0.9196506 0.3927374 0
vn 0.9196506 0.3927374 0
vn 0.5841547 -0.8116423 0
vn 0.5841547 -0.8116423 0
vn 0.5841547 -0.8116423 0
vn 0.5841547 -0.8116423 0
vn 0.007628558 0.3919011 0.9199757
vn 0.007628558 0.3919011 0.9199757
vn 0.007628558 0.3919011 0.9199757
vn 0.007628558 0.3919011 0.9199757
vn 0.01810884 0.9274462 0.3735178
vn 0.01810884 0.9274462 0.3735178
vn 0.01810884 0.9274462 0.3735178
vn 0.01810884 0.9274462 0.3735178
vn -0.1994833 0.3223152 0.9253753
vn -0.1994833 0.3223152 0.9253753
vn -0.1994833 0.3223152 0.9253753
vn -0.1994833 0.3223152 0.9253753
vn -0.4854695 0.7842665 0.3863231
vn -0.4854695 0.7842665 0.3863231
vn -0.4854695 0.7842665 0.3863231
vn -0.4854695 0.7842665 0.3863231
vn 0.2953155 0.2577582 0.9199726
vn 0.2953155 0.2577582 0.9199726
vn 0.2953155 0.2577582 0.9199726
vn 0.2953155 0.2577582 0.9199726
vn 0.6988203 0.6100202 0.3735312
vn 0.6988203 0.6100202 0.3735312
vn 0.6988203 0.6100202 0.3735312
vn 0.6988203 0.6100202 0.3735312
vn -0.3829662 -0.02850227 0.9233226
vn -0.3829662 -0.02850227 0.9233226
vn -0.3829662 -0.02850227 0.9233226
vn -0.3829662 -0.02850227 0.9233226
vn -0.9218791 -0.06861928 0.3813533
vn -0.9218791 -0.06861928 0.3813533
vn -0.9218791 -0.06861928 0.3813533
vn -0.9218791 -0.06861928 0.3813533
vn 0.2097119 0.3183545 0.9244844
vn 0.2097119 0.3183545 0.9244844
vn 0.2097119 0.3183545 0.9244844
vn 0.2097119 0.3183545 0.9244844
vn 0.5079063 0.771014 0.3841465
vn 0.5079063 0.771014 0.3841465
vn 0.5079063 0.771014 0.3841465
vn 0.5079063 0.771014 0.3841465
vn -0.1093532 -0.3662382 0.9240733
vn -0.1093532 -0.3662382 0.9240733
vn -0.1093532 -0.3662382 0.9240733
vn -0.1093532 -0.3662382 0.9240733
vn -0.2642719 -0.8850703 0.3831591
vn -0.2642719 -0.8850703 0.3831591
vn -0.2642719 -0.8850703 0.3831591
vn -0.2642719 -0.8850703 0.3831591
vn -0.2933065 -0.2450197 0.9240869
vn -0.2933065 -0.2450197 0.9240869
vn -0.2933065 -0.2450197 0.9240869
vn -0.2933065 -0.2450197 0.9240869
vn -0.708864 -0.5921769 0.3831948
vn -0.708864 -0.5921769 0.3831948
vn -0.708864 -0.5921769 0.3831948
vn -0.708864 -0.5921769 0.3831948
vn 0.3502526 0.1496015 0.9246309
vn 0.3502526 0.1496015 0.9246309
vn 0.3502526 0.1496015 0.9246309
vn 0.3502526 0.1496015 0.9246309
vn 0.8489437 0.3625574 0.3845084
vn 0.8489437 0.3625574 0.3845084
vn 0.8489437 0.3625574 0.3845084
vn 0.8489437 0.3625574 0.3845084
vn -0.0008173848 0.3811008 0.9245331
vn -0.0008173848 0.3811008 0.9245331
vn -0.0008173848 0.3811008 0.9245331
vn -0.0008173848 0.3811008 0.9245331
vn -0.002006604 0.9232215 0.3842632
vn -0.002006604 0.9232215 0.3842632
vn -0.002006604 0.9232215 0.3842632
vn -0.002006604 0.9232215 0.3842632
vn 0.1109248 -0.3656434 0.9241215
vn 0.1109248 -0.3656434 0.9241215
vn 0.1109248 -0.3656434 0.9241215
vn 0.1109248 -0.3656434 0.9241215
vn 0.2681209 -0.8838671 0.3832626
vn 0.2681209 -0.8838671 0.3832626
vn 0.2681209 -0.8838671 0.3832626
vn 0.2681209 -0.8838671 0.3832626
vn 0.0008372799 -0.3821741 0.92409
vn 0.0008372799 -0.3821741 0.92409
vn 0.0008372799 -0.3821741 0.92409
vn 0.0008372799 -0.3821741 0.92409
vn 0.002016986 -0.9236679 0.3831886
vn 0.002016986 -0.9236679 0.3831886
vn 0.002016986 -0.9236679 0.3831886
vn 0.002016986 -0.9236679 0.3831886
vn 0.1090725 0.3652808 0.9244853
vn 0.1090725 0.3652808 0.9244853
vn 0.1090725 0.3652808 0.9244853
vn 0.1090725 0.3652808 0.9244853
vn 0.2641563 0.8846765 0.3841469
vn 0.2641563 0.8846765 0.3841469
vn 0.2641563 0.8846765 0.3841469
vn 0.2641563 0.8846765 0.3841469
vn 0.2924675 0.2443421 0.9245321
vn 0.2924675 0.2443421 0.9245321
vn 0.2924675 0.2443421 0.9245321
vn 0.2924675 0.2443421 0.9245321
vn 0.7085142 0.5918983 0.3842708
vn 0.7085142 0.5918983 0.3842708
vn 0.7085142 0.5918983 0.3842708
vn 0.7085142 0.5918983 0.3842708
vn -0.2102661 -0.3191843 0.9240723
vn -0.2102661 -0.3191843 0.9240723
vn -0.2102661 -0.3191843 0.9240723
vn -0.2102661 -0.3191843 0.9240723
vn -0.5081355 -0.7713563 0.383155
vn -0.5081355 -0.7713563 0.383155
vn -0.5081355 -0.7713563 0.383155
vn -0.5081355 -0.7713563 0.383155
vn -0.3514036 -0.1500619 0.9241195
vn -0.3514036 -0.1500619 0.9241195
vn -0.3514036 -0.1500619 0.9241195
vn -0.3514036 -0.1500619 0.9241195
vn -0.8494235 -0.362743 0.3832717
vn -0.8494235 -0.362743 0.3832717
vn -0.8494235 -0.362743 0.3832717
vn -0.8494235 -0.362743 0.3832717
vn 0.375131 0.05436716 0.9253761
vn 0.375131 0.05436716 0.9253761
vn 0.375131 0.05436716 0.9253761
vn 0.375131 0.05436716 0.9253761
vn 0.9128361 0.132223 0.3863253
vn 0.9128361 0.132223 0.3863253
vn 0.9128361 0.132223 0.3863253
vn 0.9128361 0.132223 0.3863253
vn -0.1105334 0.3644652 0.9246337
vn -0.1105334 0.3644652 0.9246337
vn -0.1105334 0.3644652 0.9246337
vn -0.1105334 0.3644652 0.9246337
vn -0.2679566 0.883377 0.3845054
vn -0.2679566 0.883377 0.3845054
vn -0.2679566 0.883377 0.3845054
vn -0.2679566 0.883377 0.3845054
vn 0.2243325 -0.3116922 0.9233217
vn 0.2243325 -0.3116922 0.9233217
vn 0.2243325 -0.3116922 0.9233217
vn 0.2243325 -0.3116922 0.9233217
vn 0.5400065 -0.7503088 0.3813526
vn 0.5400065 -0.7503088 0.3813526
vn 0.5400065 -0.7503088 0.3813526
vn 0.5400065 -0.7503088 0.3813526
vn 0.550116 0.8350883 0
vn 0.550116 0.8350883 0
vn 0.550116 0.8350883 0
vn 0.550116 0.8350883 0
vn 0.01811464 0.9274424 -0.3735272
vn 0.01811464 0.9274424 -0.3735272
vn 0.01811464 0.9274424 -0.3735272
vn 0.01811464 0.9274424 -0.3735272
vn 0.007641646 0.3919159 -0.9199693
vn 0.007641646 0.3919159 -0.9199693
vn 0.007641646 0.3919159 -0.9199693
vn 0.007641646 0.3919159 -0.9199693
vn -0.4854815 0.7842596 -0.3863219
vn -0.4854815 0.7842596 -0.3863219
vn -0.4854815 0.7842596 -0.3863219
vn -0.4854815 0.7842596 -0.3863219
vn -0.1994975 0.3223125 -0.9253731
vn -0.1994975 0.3223125 -0.9253731
vn -0.1994975 0.3223125 -0.9253731
vn -0.1994975 0.3223125 -0.9253731
vn 0.6988165 0.6100266 -0.3735279
vn 0.6988165 0.6100266 -0.3735279
vn 0.6988165 0.6100266 -0.3735279
vn 0.6988165 0.6100266 -0.3735279
vn 0.2953084 0.2577681 -0.9199721
vn 0.2953084 0.2577681 -0.9199721
vn 0.2953084 0.2577681 -0.9199721
vn 0.2953084 0.2577681 -0.9199721
vn -0.9218827 -0.06862002 -0.3813444
vn -0.9218827 -0.06862002 -0.3813444
vn -0.9218827 -0.06862002 -0.3813444
vn -0.9218827 -0.06862002 -0.3813444
vn -0.3829533 -0.02850396 -0.9233279
vn -0.3829533 -0.02850396 -0.9233279
vn -0.3829533 -0.02850396 -0.9233279
vn -0.3829533 -0.02850396 -0.9233279
vn 0.5079073 0.7710124 -0.3841484
vn 0.5079073 0.7710124 -0.3841484
vn 0.5079073 0.7710124 -0.3841484
vn 0.5079073 0.7710124 -0.3841484
vn 0.2097095 0.3183529 -0.9244854
vn 0.2097095 0.3183529 -0.9244854
vn 0.2097095 0.3183529 -0.9244854
vn 0.2097095 0.3183529 -0.9244854
vn -0.2642713 -0.8850696 -0.3831612
vn -0.2642713 -0.8850696 -0.3831612
vn -0.2642713 -0.8850696 -0.3831612
vn -0.2642713 -0.8850696 -0.3831612
vn -0.1093538 -0.3662362 -0.9240741
vn -0.1093538 -0.3662362 -0.9240741
vn -0.1093538 -0.3662362 -0.9240741
vn -0.1093538 -0.3662362 -0.9240741
vn -0.7088666 -0.5921795 -0.383186
vn -0.7088666 -0.5921795 -0.383186
vn -0.7088666 -0.5921795 -0.383186
vn -0.7088666 -0.5921795 -0.383186
vn -0.2932972 -0.2450182 -0.9240903
vn -0.2932972 -0.2450182 -0.9240903
vn -0.2932972 -0.2450182 -0.9240903
vn -0.2932972 -0.2450182 -0.9240903
vn 0.8489465 0.3625534 -0.384506
vn 0.8489465 0.3625534 -0.384506
vn 0.8489465 0.3625534 -0.384506
vn 0.8489465 0.3625534 -0.384506
vn 0.3502493 0.1495912 -0.924634
vn 0.3502493 0.1495912 -0.924634
vn 0.3502493 0.1495912 -0.924634
vn 0.3502493 0.1495912 -0.924634
vn -0.002009666 0.9232217 -0.3842624
vn -0.002009666 0.9232217 -0.3842624
vn -0.002009666 0.9232217 -0.3842624
vn -0.002009666 0.9232217 -0.3842624
vn -0.0008234155 0.3811 -0.9245335
vn -0.0008234155 0.3811 -0.9245335
vn -0.0008234155 0.3811 -0.9245335
vn -0.0008234155 0.3811 -0.9245335
vn 0.268121 -0.8838685 -0.3832591
vn 0.268121 -0.8838685 -0.3832591
vn 0.268121 -0.8838685 -0.3832591
vn 0.268121 -0.8838685 -0.3832591
vn 0.1109202 -0.365641 -0.924123
vn 0.1109202 -0.365641 -0.924123
vn 0.1109202 -0.365641 -0.924123
vn 0.1109202 -0.365641 -0.924123
vn 0.002016374 -0.9236667 -0.3831917
vn 0.002016374 -0.9236667 -0.3831917
vn 0.002016374 -0.9236667 -0.3831917
vn 0.002016374 -0.9236667 -0.3831917
vn 0.0008359851 -0.3821789 -0.924088
vn 0.0008359851 -0.3821789 -0.924088
vn 0.0008359851 -0.3821789 -0.924088
vn 0.0008359851 -0.3821789 -0.924088
vn 0.2641561 0.8846757 -0.3841491
vn 0.2641561 0.8846757 -0.3841491
vn 0.2641561 0.8846757 -0.3841491
vn 0.2641561 0.8846757 -0.3841491
vn 0.1090723 0.3652821 -0.9244848
vn 0.1090723 0.3652821 -0.9244848
vn 0.1090723 0.3652821 -0.9244848
vn 0.1090723 0.3652821 -0.9244848
vn 0.7085214 0.5918953 -0.3842621
vn 0.7085214 0.5918953 -0.3842621
vn 0.7085214 0.5918953 -0.3842621
vn 0.7085214 0.5918953 -0.3842621
vn 0.2924618 0.2443364 -0.9245355
vn 0.2924618 0.2443364 -0.9245355
vn 0.2924618 0.2443364 -0.9245355
vn 0.2924618 0.2443364 -0.9245355
vn -0.5081357 -0.7713563 -0.3831545
vn -0.5081357 -0.7713563 -0.3831545
vn -0.5081357 -0.7713563 -0.3831545
vn -0.5081357 -0.7713563 -0.3831545
vn -0.2102611 -0.3191836 -0.9240736
vn -0.2102611 -0.3191836 -0.9240736
vn -0.2102611 -0.3191836 -0.9240736
vn -0.2102611 -0.3191836 -0.9240736
vn -0.8494254 -0.3627459 -0.3832648
vn -0.8494254 -0.3627459 -0.3832648
vn -0.8494254 -0.3627459 -0.3832648
vn -0.8494254 -0.3627459 -0.3832648
vn -0.3514034 -0.150062 -0.9241196
vn -0.3514034 -0.150062 -0.9241196
vn -0.3514034 -0.150062 -0.9241196
vn -0.3514034 -0.150062 -0.9241196
vn 0.9128361 0.1322147 -0.3863284
vn 0.9128361 0.1322147 -0.3863284
vn 0.9128361 0.1322147 -0.3863284
vn 0.9128361 0.1322147 -0.3863284
vn 0.3751332 0.05435264 -0.9253761
vn 0.3751332 0.05435264 -0.9253761
vn 0.3751332 0.05435264 -0.9253761
vn 0.3751332 0.05435264 -0.9253761
vn -0.2679595 0.8833759 -0.3845058
vn -0.2679595 0.8833759 -0.3845058
vn -0.2679595 0.8833759 -0.3845058
vn -0.2679595 0.8833759 -0.3845058
vn -0.1105426 0.3644596 -0.9246348
vn -0.1105426 0.3644596 -0.9246348
vn -0.1105426 0.3644596 -0.9246348
vn -0.1105426 0.3644596 -0.9246348
vn 0.5400108 -0.7503111 -0.3813417
vn 0.5400108 -0.7503111 -0.3813417
vn 0.5400108 -0.7503111 -0.3813417
vn 0.5400108 -0.7503111 -0.3813417
vn 0.2243269 -0.3116862 -0.9233251
vn 0.2243269 -0.3116862 -0.9233251
vn 0.2243269 -0.3116862 -0.9233251
vn 0.2243269 -0.3116862 -0.9233251
vn 0 0 -1
vn 0 0 -1
vn 0 -2.07204E-07 -1
vn 0 -2.07204E-07 -1
vn 1.202033E-06 0 -1
vn 0 -2.07204E-07 -1
vn 1.202033E-06 0 -1
vn 0 -2.07204E-07 -1
vn -6.010164E-07 0 -1
vn 0 0 -1
vn -6.010164E-07 0 -1
vn 0 0 -1
vn -6.010164E-07 0 -1
vn 0 0 -1
vn -6.010164E-07 0 -1
vn 0 0 -1
vn 0 0 -1
vn -1.899848E-06 1.379876E-07 -1
vn 0 0 -1
vn -1.899848E-06 1.379876E-07 -1
vn 0 0 -1
vn -1.899848E-06 1.379876E-07 -1
vn 0 0 -1
vn -1.899848E-06 1.379876E-07 -1
vn 5.175019E-06 0 -1
vn 0 0 -1
vn 5.175019E-06 0 -1
vn 0 0 -1
vn -2.551776E-06 1.366713E-07 -1
vn 0 0 -1
vn -2.551776E-06 1.366713E-07 -1
vn 0 0 -1
vn -2.551776E-06 1.366713E-07 -1
vn 0 0 -1
vn -2.551776E-06 1.366713E-07 -1
vn 0 0 -1
vn 0 0 1
vn 0 0 1
vn 0 0 1
vn 0 0 1
vn -3.482719E-06 0 1
vn 0 0 1
vn 0 0 1
vn 0 0 1
vn 3.483592E-06 0 1
vn 0 0 1
vn 0 0 1
vn 0 0 1
vn 2.897291E-05 0 1
vn 0 0 1
vn 3.28196E-06 0 1
vn 0 0 1
vn 0 0 1
vn 0 0 1
vn 0 0 1
vn 0 0 1
vn 4.37882E-06 0 1
vn 0 0 1
vn 0 0 1
vn 0 0 1
vn 3.483592E-06 0 1
vn 0 0 1
vn 6.970584E-06 0 1
vn 0 0 1
vn -4.388775E-06 0 1
vn 0 0 1
vn -4.388775E-06 0 1
vn 0 0 1
vn 0 0 1
vn 0 0 1
vn 4.527411E-07 0 1
vn 0 0 1
vn 0 0 1
vn 0 0 1
vn 0 0 1
vn 0 0 1
vn 0 0 1
vn 0 0 1
vn -0.8320503 0 0.5547002
vn -0.8320503 0 0.5547002
vn -0.8320503 0 0.5547002
vn 0 -0.8944272 0.4472136
vn 0 -0.8944272 0.4472136
vn 0 -0.8944272 0.4472136
vn 0 0 1
vn 0 0 1
vn 0 0 1
vn 0 0 1
vn 0 0 1
vn 0 0 1
vn 0 0 1
vn 0 0 1
vn 0 0 1
vn 1 0 0
vn 1 0 0
vn 1 0 0
vn 0 0 1
vn 0 0 1
vn 0 0 1
vn 0 -0.7071068 0.7071068
vn 0 -0.7071068 0.7071068
vn 0 -0.7071068 0.7071068
vn 0 0 -1
vn 0 0 -1
vn 0 0 -1
vn 0 0 -1
vn 0 0 -1
vn 0 0 -1
vn 0 0 1
vn 0 0 1
vn 0 0 1
vn 0.006233095 0 0.9999806
vn 0.006233095 0 0.9999806
vn 0.006233095 0 0.9999806
vn 0 0.2479006 0.9687855
vn 0 0.2479006 0.9687855
vn 0 0.2479006 0.9687855
vn 0 0.06237829 -0.9980526
vn 0 0.06237829 -0.9980526
vn 0 0.06237829 -0.9980526
vn 0 0 1
vn 0 0 1
vn 0 0 1
vn -0.03352759 0 -0.9994378
vn -0.03352759 0 -0.9994378
vn -0.03352759 0 -0.9994378
vn 0 -0.1240347 -0.9922779
vn 0 -0.1240347 -0.9922779
vn 0 -0.1240347 -0.9922779
vn 1 0 0
vn 1 0 0
vn 1 0 0
vn 1 0 0
vn 1 0 0
vn 1 0 0
vn -1 0 0
vn -1 0 0
vn -1 0 0
vn 0 0 1
vn 0 0 1
vn 0 0 1
vn 0 0 1
vn 0 0 1
vn 0 0 1
vn 0.006233095 0 0.9999806
vn 0.006233095 0 0.9999806
vn 0.006233095 0 0.9999806
vn 0 -0.1105085 0.9938752
vn 0 -0.1105085 0.9938752
vn 0 -0.1105085 0.9938752
vn 0 -0.06237829 0.9980526
vn 0 -0.06237829 0.9980526
vn 0 -0.06237829 0.9980526
vn 0 0.1431582 0.9896998
vn 0 0.1431582 0.9896998
vn 0 0.1431582 0.9896998
vn 1 0 0
vn 1 0 0
vn 1 0 0
vn 0 0 1
vn 0 0 1
vn 0 0 1
vn 0 0 -1
vn 0 0 -1
vn 0 0 -1
vn 0 0 1
vn 0 0 1
vn 0 0 1
vn 0 0 1
vn 0 0 1
vn 0 0 1
vn 1 0 0
vn 1 0 0
vn 1 0 0
vn 0 1 0
vn 0 1 0
vn 0 1 0
vn 0 0.01562309 -0.9998779
vn 0 0.01562309 -0.9998779
vn 0 0.01562309 -0.9998779
vn 0 0.01562309 -0.9998779
vn 0.9486833 0 -0.3162278
vn 0.9486833 0 -0.3162278
vn 0.9486833 0 -0.3162278
vn 0.9486833 0 -0.3162278
vn 0 0 1
vn 0 0 1
vn 0 0 1
vn 0 0 1
vn 0 0.03123475 0.9995121
vn 0 0.03123475 0.9995121
vn 0 0.03123475 0.9995121
vn 0 0.03123475 0.9995121
vn 0 0 1
vn 0 0 1
vn 0 0 1
vn 0 0 1
vn 0 0 1
vn 0 0 1
vn 0 0 1
vn 0 0 1
vn 0 0 1
vn 0 0 1
vn 0 0 1
vn 0 0 1
vn 0 0 1
vn -0.9980526 0.06237829 0
vn -0.9980526 0.06237829 0
vn -0.9980526 0.06237829 0
vn -0.9980526 0.06237829 0
vn 1 0 0
vn 1 0 0
vn 1 0 0
vn 1 0 0
vn -0.7071068 0 0.7071068
vn -0.7071068 0 0.7071068
vn -0.7071068 0 0.7071068
vn -0.7071068 0 0.7071068
vn 0 0 1
vn 0 0 1
vn 0 0 1
vn 0 0 1
vn 0 0 1
vn 0 0 1
vn 0 0 1
vn 0 0 1
vn 0.2425078 -0.01515674 -0.9700311
vn 0.2425078 -0.01515674 -0.9700311
vn 0.2425078 -0.01515674 -0.9700311
vn 0.2425078 -0.01515674 -0.9700311
vn 0.03768324 0.04579956 -0.9982396
vn 0.03768324 0.04579956 -0.9982396
vn 0.03768324 0.04579956 -0.9982396
vn 0.03768324 0.04579956 -0.9982396
vn -0.03768359 -0.04579999 0.9982396
vn -0.03768359 -0.04579999 0.9982396
vn -0.03768359 -0.04579999 0.9982396
vn -0.03768359 -0.04579999 0.9982396
vn 0.06332973 0.07696298 0.9950206
vn 0.06332973 0.07696298 0.9950206
vn 0.06332973 0.07696298 0.9950206
vn 0.06332973 0.07696298 0.9950206
vn -0.06332447 -0.07696344 -0.9950209
vn -0.06332447 -0.07696344 -0.9950209
vn -0.06332447 -0.07696344 -0.9950209
vn -0.06332447 -0.07696344 -0.9950209
vn 0.03362556 0.04086968 -0.9985985
vn 0.03362556 0.04086968 -0.9985985
vn 0.03362556 0.04086968 -0.9985985
vn 0.03362556 0.04086968 -0.9985985
vn -0.03362823 -0.04086994 0.9985984
vn -0.03362823 -0.04086994 0.9985984
vn -0.03362823 -0.04086994 0.9985984
vn -0.03362823 -0.04086994 0.9985984
vn -0.06420785 -0.07803573 -0.9948808
vn -0.06420785 -0.07803573 -0.9948808
vn -0.06420785 -0.07803573 -0.9948808
vn -0.06420785 -0.07803573 -0.9948808
vn 0.06420892 0.07803634 0.9948807
vn 0.06420892 0.07803634 0.9948807
vn 0.06420892 0.07803634 0.9948807
vn 0.06420892 0.07803634 0.9948807
vn 0.03768289 0.04579885 -0.9982396
vn 0.03768289 0.04579885 -0.9982396
vn 0.03768289 0.04579885 -0.9982396
vn 0.03768289 0.04579885 -0.9982396
vn -0.03768376 -0.04579991 0.9982396
vn -0.03768376 -0.04579991 0.9982396
vn -0.03768376 -0.04579991 0.9982396
vn -0.03768376 -0.04579991 0.9982396
vn 0.06333044 0.07696419 0.9950205
vn 0.06333044 0.07696419 0.9950205
vn 0.06333044 0.07696419 0.9950205
vn 0.06333044 0.07696419 0.9950205
vn -0.06332447 -0.07696449 -0.9950209
vn -0.06332447 -0.07696449 -0.9950209
vn -0.06332447 -0.07696449 -0.9950209
vn -0.06332447 -0.07696449 -0.9950209
vn 0.03363016 0.04086957 -0.9985984
vn 0.03363016 0.04086957 -0.9985984
vn 0.03363016 0.04086957 -0.9985984
vn 0.03363016 0.04086957 -0.9985984
vn -0.03362571 -0.04086958 0.9985985
vn -0.03362571 -0.04086958 0.9985985
vn -0.03362571 -0.04086958 0.9985985
vn -0.03362571 -0.04086958 0.9985985
vn -0.06420785 -0.07803502 -0.9948808
vn -0.06420785 -0.07803502 -0.9948808
vn -0.06420785 -0.07803502 -0.9948808
vn -0.06420785 -0.07803502 -0.9948808
vn 0.06420964 0.07803721 0.9948806
vn 0.06420964 0.07803721 0.9948806
vn 0.06420964 0.07803721 0.9948806
vn 0.06420964 0.07803721 0.9948806
vn -0.01136188 -0.01380903 -0.9998401
vn -0.01136188 -0.01380903 -0.9998401
vn -0.01136188 -0.01380903 -0.9998401
vn -0.01136188 -0.01380903 -0.9998401
vn 0.01136027 0.01380875 0.9998401
vn 0.01136027 0.01380875 0.9998401
vn 0.01136027 0.01380875 0.9998401
vn 0.01136027 0.01380875 0.9998401
vn 0 -0.06165204 0.9980977
vn 0 -0.06165204 0.9980977
vn 0 -0.06165204 0.9980977
vn 0 -0.06165204 0.9980977
vn -0.5329211 -0.6476869 0.5445151
vn -0.5329211 -0.6476869 0.5445151
vn -0.5329211 -0.6476869 0.5445151
vn -0.5329211 -0.6476869 0.5445151
vn 0.532918 0.6476895 -0.5445152
vn 0.532918 0.6476895 -0.5445152
vn 0.532918 0.6476895 -0.5445152
vn 0.532918 0.6476895 -0.5445152
vn 0.01451218 0.0176378 0.9997391
vn 0.01451218 0.0176378 0.9997391
vn 0.01451218 0.0176378 0.9997391
vn 0.01451218 0.0176378 0.9997391
vn -0.01451297 -0.01763807 -0.9997391
vn -0.01451297 -0.01763807 -0.9997391
vn -0.01451297 -0.01763807 -0.9997391
vn -0.01451297 -0.01763807 -0.9997391
vn 0.6353379 0.7721625 -0.01052259
vn 0.6353379 0.7721625 -0.01052259
vn 0.6353379 0.7721625 -0.01052259
vn 0.6353379 0.7721625 -0.01052259
vn -0.635343 -0.7721584 0.01052237
vn -0.635343 -0.7721584 0.01052237
vn -0.635343 -0.7721584 0.01052237
vn -0.635343 -0.7721584 0.01052237
vn -0.01136176 -0.01380879 -0.9998401
vn -0.01136176 -0.01380879 -0.9998401
vn -0.01136176 -0.01380879 -0.9998401
vn -0.01136176 -0.01380879 -0.9998401
vn 0.01136038 0.01380881 0.9998401
vn 0.01136038 0.01380881 0.9998401
vn 0.01136038 0.01380881 0.9998401
vn 0.01136038 0.01380881 0.9998401
vn -0.2951948 0 0.9554371
vn -0.2951948 0 0.9554371
vn -0.2951948 0 0.9554371
vn -0.2951948 0 0.9554371
vn -0.5329233 -0.6476846 0.5445158
vn -0.5329233 -0.6476846 0.5445158
vn -0.5329233 -0.6476846 0.5445158
vn -0.5329233 -0.6476846 0.5445158
vn 0 0 -1
vn 0 0 -1
vn 0 0 -1
vn 0 0 -1
vn -0.9765579 0.2152553 0
vn -0.9765579 0.2152553 0
vn -0.9765579 0.2152553 0
vn -0.9765579 0.2152553 0
vn 0.5329174 0.6476905 -0.5445145
vn 0.5329174 0.6476905 -0.5445145
vn 0.5329174 0.6476905 -0.5445145
vn 0.5329174 0.6476905 -0.5445145
vn 0.01451208 0.0176379 0.9997391
vn 0.01451208 0.0176379 0.9997391
vn 0.01451208 0.0176379 0.9997391
vn 0.01451208 0.0176379 0.9997391
vn 0 0 -1
vn 0 0 -1
vn 0 0 -1
vn 0 0 -1
vn -0.01451307 -0.01763789 -0.9997391
vn -0.01451307 -0.01763789 -0.9997391
vn -0.01451307 -0.01763789 -0.9997391
vn -0.01451307 -0.01763789 -0.9997391
vn 0.6353416 0.7721595 -0.01052265
vn 0.6353416 0.7721595 -0.01052265
vn 0.6353416 0.7721595 -0.01052265
vn 0.6353416 0.7721595 -0.01052265
vn -0.635343 -0.7721583 0.01052197
vn -0.635343 -0.7721583 0.01052197
vn -0.635343 -0.7721583 0.01052197
vn -0.635343 -0.7721583 0.01052197
vn 0 0 1
vn 0 0 1
vn 0 0 1
vn 0 0 1
vn 0.01313677 0.01596581 0.9997863
vn 0.01313677 0.01596581 0.9997863
vn -0.7722039 0.6353748 1.758777E-06
vn -0.7722039 0.6353748 1.758777E-06
vn -0.7722039 0.6353748 1.758777E-06
vn -0.7722039 0.6353748 1.758777E-06
vn -0.7722037 0.6353751 1.085606E-06
vn -0.7722037 0.6353751 1.085606E-06
vn -0.7722033 0.6353756 0
vn -0.7722033 0.6353756 0
vn -0.7722035 0.6353753 0
vn -0.7722035 0.6353753 0
vn -0.772204 0.6353747 2.162959E-06
vn -0.772204 0.6353747 2.162959E-06
vn -0.7722048 0.6353738 -5.407421E-07
vn -0.7722048 0.6353738 -5.407421E-07
vn -0.7722048 0.6353738 -5.407421E-07
vn -0.7722048 0.6353738 -5.407421E-07
vn -0.7722017 0.6353775 0
vn -0.7722017 0.6353775 0
vn 0.6179419 0.7510165 0.2326415
vn 0.6179419 0.7510165 0.2326415
vn 0.6179419 0.7510165 0.2326415
vn 0.6179419 0.7510165 0.2326415
vn 0.1478107 0.1796423 -0.9725639
vn 0.1478107 0.1796423 -0.9725639
vn 0.1478107 0.1796423 -0.9725639
vn 0.1478107 0.1796423 -0.9725639
vn -0.1478114 -0.1796431 0.9725637
vn -0.1478114 -0.1796431 0.9725637
vn -0.1478114 -0.1796431 0.9725637
vn -0.1478114 -0.1796431 0.9725637
vn -0.01136203 -0.01380893 -0.9998401
vn -0.01136203 -0.01380893 -0.9998401
vn -0.01136203 -0.01380893 -0.9998401
vn -0.01136203 -0.01380893 -0.9998401
vn 0.772204 -0.6353748 -1.172516E-06
vn 0.7722039 -0.6353748 -2.105417E-06
vn 0.772204 -0.6353748 -1.172516E-06
vn 0.7722039 -0.6353748 -2.105417E-06
vn 0.7722039 -0.6353748 -2.105417E-06
vn 0.7722039 -0.6353748 -2.105417E-06
vn 0.7722018 -0.6353774 0
vn 0.7722018 -0.6353774 0
vn 0.7722021 -0.635377 0
vn 0.7722021 -0.635377 0
vn 0.7722023 -0.6353768 1.081478E-06
vn 0.7722023 -0.6353768 1.081478E-06
vn 0.7722037 -0.635375 -5.407397E-07
vn 0.7722037 -0.635375 -5.407397E-07
vn 0.7722037 -0.635375 -5.407397E-07
vn 0.7722037 -0.635375 -5.407397E-07
vn 0.7722051 -0.6353734 2.987386E-06
vn 0.7722051 -0.6353734 2.987386E-06
vn -0.6353754 -0.7722034 0
vn -0.6353754 -0.7722034 0
vn -0.6353754 -0.7722034 0
vn -0.6353754 -0.7722034 0
vn -0.635375 -0.7722037 0
vn -0.635375 -0.7722037 0
vn -0.05981543 -0.07269628 -0.9955588
vn -0.05981543 -0.07269628 -0.9955588
vn -0.05981543 -0.07269628 -0.9955588
vn -0.05981543 -0.07269628 -0.9955588
vn -0.6325533 -0.7687744 0.09413901
vn -0.6325535 -0.7687743 0.09413961
vn -0.6325533 -0.7687744 0.09413901
vn -0.6325535 -0.7687743 0.09413961
vn -0.6325535 -0.7687743 0.09413961
vn -0.6325535 -0.7687743 0.09413961
vn -0.6325527 -0.7687751 0.09413731
vn -0.6325527 -0.7687751 0.09413731
vn 0.6325532 0.7687744 -0.09414025
vn 0.6325533 0.7687743 -0.09414089
vn 0.6325532 0.7687744 -0.09414025
vn 0.6325533 0.7687743 -0.09414089
vn 0.6325533 0.7687743 -0.09414089
vn 0.6325533 0.7687743 -0.09414089
vn 0.6325532 0.7687748 -0.09413712
vn 0.6325532 0.7687748 -0.09413712
vn 0.6353749 0.7722037 0
vn 0.6353749 0.7722037 0
vn 0.6353749 0.7722037 0
vn 0.6353749 0.7722037 0
vn 0.626555 0.7614842 0.1660441
vn 0.626555 0.7614842 0.1660441
vn 0.626555 0.7614842 0.1660441
vn 0.626555 0.7614842 0.1660441
vn -0.6258155 -0.7605857 -0.1728132
vn -0.6258155 -0.7605857 -0.1728132
vn -0.6258155 -0.7605857 -0.1728132
vn -0.6258155 -0.7605857 -0.1728132
vn 0 0 -1
vn 0 0 -1
vn 0 0 -1
vn 0 0 -1
vn 0 0 -1
vn 0 0 -1
vn 0 0 -1
vn 0 0 -1
vn 0.88252 0.4702749 0
vn 0.88252 0.4702749 0
vn 0.88252 0.4702749 0
vn 0.88252 0.4702749 0
vn 0.9565721 -0.2914958 0
vn 0.9565721 -0.2914958 0
vn 0.9565721 -0.2914958 0
vn 0.9565721 -0.2914958 0
vn -0.2915013 -0.9565704 0
vn -0.2915013 -0.9565704 0
vn -0.2915013 -0.9565704 0
vn -0.2915013 -0.9565704 0
vn 0.470275 -0.88252 0
vn 0.470275 -0.88252 0
vn 0.470275 -0.88252 0
vn 0.470275 -0.88252 0
vn -0.9565709 0.2914999 0
vn -0.9565709 0.2914999 0
vn -0.9565709 0.2914999 0
vn -0.9565709 0.2914999 0
vn -0.8825181 -0.4702784 0
vn -0.8825181 -0.4702784 0
vn -0.8825181 -0.4702784 0
vn -0.8825181 -0.4702784 0
vn 0.2915013 0.9565704 0
vn 0.2915013 0.9565704 0
vn 0.2915013 0.9565704 0
vn 0.2915013 0.9565704 0
vn -0.470275 0.88252 0
vn -0.470275 0.88252 0
vn -0.470275 0.88252 0
vn -0.470275 0.88252 0
vn 0.4362336 -0.8998335 0
vn 0.4362336 -0.8998335 0
vn 0.4362336 -0.8998335 0
vn 0.4362336 -0.8998335 0
vn 0.4362335 -0.8998336 0
vn 0.4362335 -0.8998336 0
vn -0.8998339 -0.4362326 0
vn -0.8998339 -0.4362326 0
vn -0.8998339 -0.4362326 0
vn -0.8998339 -0.4362326 0
vn -0.8998336 -0.4362334 0
vn -0.8998336 -0.4362334 0
vn -0.2547592 -0.9670045 0
vn -0.2547592 -0.9670045 0
vn -0.2547592 -0.9670045 0
vn -0.2547592 -0.9670045 0
vn -0.2547596 -0.9670044 0
vn -0.2547596 -0.9670044 0
vn -0.4362336 0.8998335 0
vn -0.4362336 0.8998335 0
vn -0.4362336 0.8998335 0
vn -0.4362336 0.8998335 0
vn -0.436232 0.8998342 0
vn -0.436232 0.8998342 0
vn -0.9670045 0.2547595 0
vn -0.9670045 0.2547595 0
vn -0.9670045 0.2547595 0
vn -0.9670045 0.2547595 0
vn -0.9670035 0.2547631 0
vn -0.9670035 0.2547631 0
vn 0.2547586 0.9670047 0
vn 0.2547586 0.9670047 0
vn 0.2547586 0.9670047 0
vn 0.2547586 0.9670047 0
vn 0.2547596 0.9670044 0
vn 0.2547596 0.9670044 0
vn -0.7721444 0.6354472 0
vn -0.7721444 0.6354472 0
vn -0.7721444 0.6354472 0
vn -0.7721444 0.6354472 0
vn 0.899832 0.4362366 0
vn 0.899832 0.4362366 0
vn 0.899832 0.4362366 0
vn 0.899832 0.4362366 0
vn 0.8998328 0.4362349 0
vn 0.8998328 0.4362349 0
vn 0.9670029 -0.2547652 0
vn 0.9670029 -0.2547652 0
vn 0.9670029 -0.2547652 0
vn 0.9670029 -0.2547652 0
vn 0.9670032 -0.2547644 0
vn 0.9670032 -0.2547644 0
vn 0.3805676 -0.3131337 -0.8701239
vn 0.3805676 -0.3131337 -0.8701239
vn 0.3805676 -0.3131337 -0.8701239
vn 0.3805676 -0.3131337 -0.8701239
vn 0 0 1
vn 0 0 1
vn 0 0 1
vn 0 0 1
vn 0 0 1
vn 0 0 1
vn 0 0 1
vn 0 0 1
vn 0 0 1
vn 0 0 1
vn 0 0 1
vn 0 0 1
vn 0.7722011 -0.6353783 0
vn 0.7722011 -0.6353783 0
vn 0.7722011 -0.6353783 0
vn 0.7722011 -0.6353783 0
vn 0.6353814 0.7721985 0
vn 0.6353814 0.7721985 0
vn 0.6353814 0.7721985 0
vn 0.6353814 0.7721985 0
vn -0.772208 0.6353698 0
vn -0.772208 0.6353698 0
vn -0.772208 0.6353698 0
vn -0.772208 0.6353698 0
vn -0.6353733 -0.7722051 0
vn -0.6353733 -0.7722051 0
vn -0.6353733 -0.7722051 0
vn -0.6353733 -0.7722051 0
vn 0.6385807 0.7695549 -9.605508E-06
vn 0.6385807 0.7695549 -9.605508E-06
vn 0.6385807 0.7695549 -9.605508E-06
vn 0.6385807 0.7695549 -9.605508E-06
vn 0.6354755 0.772121 -0.0001201644
vn 0.6354755 0.772121 -0.0001201644
vn 0.6354483 0.7721412 0.001868347
vn 0.6354483 0.7721412 0.001868347
vn 0.6354483 0.7721412 0.001868347
vn 0 0 -1
vn 0 0 -1
vn 0 0 -1
vn 0 0 -1
vn -0.7695557 0.6385797 0
vn -0.7695557 0.6385797 0
vn -0.7721139 0.6354842 -0.0001201643
vn -0.7721139 0.6354842 -0.0001201643
vn -0.7721139 0.6354842 -0.0001201643
vn -0.7721139 0.6354842 -0.0001201643
vn -0.7721403 0.6354516 0.0007473154
vn -0.7721403 0.6354516 0.0007473154
vn -0.7721403 0.6354516 0.0007473154
vn -1.079363E-06 0 -1
vn -1.079363E-06 0 -1
vn -1.079363E-06 0 -1
vn -1.079363E-06 0 -1
vn 0.3131392 0.3805652 -0.8701229
vn 0.3131392 0.3805652 -0.8701229
vn 0.3131392 0.3805652 -0.8701229
vn 0.3131392 0.3805652 -0.8701229
vn 0.6354191 0.7721674 0
vn 0.6354191 0.7721674 0
vn 0.6354191 0.7721674 0
vn 0.6354191 0.7721674 0
vn 0.6353746 0.7722041 -6.564338E-05
vn 0.6353746 0.7722041 -6.564338E-05
vn 0.6353689 0.7722088 0
vn 0.6353689 0.7722088 0
vn 0.6353689 0.7722088 0
vn 0.6353689 0.7722088 0
vn -0.3131357 -0.3805656 -0.870124
vn -0.3131357 -0.3805656 -0.870124
vn -0.3131357 -0.3805656 -0.870124
vn -0.3131357 -0.3805656 -0.870124
vn -0.380565 0.3131315 -0.8701258
vn -0.380565 0.3131315 -0.8701258
vn -0.380565 0.3131315 -0.8701258
vn -0.380565 0.3131315 -0.8701258
vn 0.7722007 -0.6353787 0
vn 0.7722007 -0.6353787 0
vn 0.7722007 -0.6353787 0
vn 0.7722007 -0.6353787 0
vn 0.6353808 0.772199 0
vn 0.6353808 0.772199 0
vn 0.6353808 0.772199 0
vn 0.6353808 0.772199 0
vn 0.7722189 -0.6353567 0
vn 0.7722189 -0.6353567 0
vn 0.7722189 -0.6353567 0
vn 0.7722189 -0.6353567 0
vn 0.7722136 -0.6353629 -0.0001641044
vn 0.7722136 -0.6353629 -0.0001641044
vn 0.7722065 -0.6353716 0
vn 0.7722065 -0.6353716 0
vn 0.7722065 -0.6353716 0
vn 0.7722065 -0.6353716 0
vn -0.772237 0.6353346 0
vn -0.772237 0.6353346 0
vn -0.772237 0.6353346 0
vn -0.772237 0.6353346 0
vn -0.7722021 0.635377 9.846482E-05
vn -0.7722021 0.635377 9.846482E-05
vn -0.7722009 0.6353785 0
vn -0.7722009 0.6353785 0
vn -0.7722009 0.6353785 0
vn -0.7722009 0.6353785 0
vn -0.6353808 -0.772199 0
vn -0.6353808 -0.772199 0
vn -0.6353808 -0.772199 0
vn -0.6353808 -0.772199 0
vn -0.6353709 -0.7722071 6.564363E-05
vn -0.6353709 -0.7722071 6.564363E-05
vn -0.6353776 -0.7722015 0
vn -0.6353776 -0.7722015 0
vn -0.6353776 -0.7722015 0
vn -0.6353776 -0.7722015 0
vn 0.3765887 -0.3098606 0.873022
vn 0.3765887 -0.3098606 0.873022
vn 0.3765887 -0.3098606 0.873022
vn 0.3765887 -0.3098606 0.873022
vn 0 0 -1
vn 0 0 -1
vn 0 0 -1
vn 0 0 -1
vn 0.7695534 -0.6385825 0
vn 0.7695534 -0.6385825 0
vn 0.7721257 -0.6354699 -0.0001294067
vn 0.7721257 -0.6354699 -0.0001294067
vn 0.7721257 -0.6354699 -0.0001294067
vn 0.7721257 -0.6354699 -0.0001294067
vn 0.7721441 -0.6354465 0.001121046
vn 0.7721441 -0.6354465 0.001121046
vn 0.7721441 -0.6354465 0.001121046
vn 0.632159 0.7748386 0
vn 0.632159 0.7748386 0
vn 0.632159 0.7748386 0
vn 0.632159 0.7748386 0
vn 0.635265 0.7722942 -0.0001294085
vn 0.635265 0.7722942 -0.0001294085
vn 0.635218 0.7723289 0.002506821
vn 0.635218 0.7723289 0.002506821
vn 0.635274 0.7722865 0.0007472987
vn 0.635274 0.7722865 0.0007472987
vn -0.3098601 -0.3765871 0.8730229
vn -0.3098601 -0.3765871 0.8730229
vn -0.3098601 -0.3765871 0.8730229
vn -0.3098601 -0.3765871 0.8730229
vn 1 0 0
vn 1 0 0
vn 1 0 0
vn 1 0 0
vn 0 -1 0
vn 0 -1 0
vn 0 -1 0
vn 0 -1 0
vn 0 0 -1
vn 0 0 -1
vn 0 0 -1
vn 0 0 -1
vn -0.6385831 -0.7695529 9.605542E-06
vn -0.6385831 -0.7695529 9.605542E-06
vn -0.6354755 -0.772121 -0.0001386512
vn -0.6354755 -0.772121 -0.0001386512
vn -0.6354755 -0.772121 -0.0001386512
vn -0.6354755 -0.772121 -0.0001386512
vn -0.6355419 -0.772062 0.002620732
vn -0.6355419 -0.772062 0.002620732
vn -0.6354769 -0.7721193 0.000934147
vn -0.632159 -0.7748386 0
vn -0.632159 -0.7748386 0
vn -0.632159 -0.7748386 0
vn -0.632159 -0.7748386 0
vn -0.6352788 -0.7722829 -0.0001386513
vn -0.6352788 -0.7722829 -0.0001386513
vn -0.6352854 -0.7722771 0.0007473122
vn -0.6352854 -0.7722771 0.0007473122
vn -0.6352854 -0.7722771 0.0007473122
vn -0.3765917 0.3098592 0.8730212
vn -0.3765917 0.3098592 0.8730212
vn -0.3765917 0.3098592 0.8730212
vn -0.3765917 0.3098592 0.8730212
vn 0.3098586 0.3765897 0.8730223
vn 0.3098586 0.3765897 0.8730223
vn 0.3098586 0.3765897 0.8730223
vn 0.3098586 0.3765897 0.8730223
vn 0.774839 -0.6321586 -9.605522E-06
vn 0.774839 -0.6321586 -9.605522E-06
vn 0.774839 -0.6321586 -9.605522E-06
vn 0.774839 -0.6321586 -9.605522E-06
vn 0.7722932 -0.6352663 -0.0001201629
vn 0.7722932 -0.6352663 -0.0001201629
vn 0.7723377 -0.6352088 0.002051021
vn 0.7723377 -0.6352088 0.002051021
vn 0.772267 -0.6352963 0.00149465
vn 0.772267 -0.6352963 0.00149465
vn -0.7748347 0.6321638 0
vn -0.7748347 0.6321638 0
vn -0.7748347 0.6321638 0
vn -0.7748347 0.6321638 0
vn -0.7722859 0.6352751 -0.0001201631
vn -0.7722859 0.6352751 -0.0001201631
vn -0.7723295 0.6352177 0.002354909
vn -0.7723295 0.6352177 0.002354909
vn -0.7722562 0.6353108 0.0007473146
vn -0.2781003 -0.1473229 0.9491872
vn -0.2781003 -0.1473229 0.9491872
vn -0.2781003 -0.1473229 0.9491872
vn -0.2781003 -0.1473229 0.9491872
vn -0.2447976 -0.09024273 0.9653655
vn -0.2447976 -0.09024273 0.9653655
vn -0.2447976 -0.09024273 0.9653655
vn -0.2447976 -0.09024273 0.9653655
vn -0.2554436 0.05394255 0.965318
vn -0.2554436 0.05394255 0.965318
vn -0.2554436 0.05394255 0.965318
vn -0.2554436 0.05394255 0.965318
vn -0.09101383 -0.301342 0.9491625
vn -0.09101383 -0.301342 0.9491625
vn -0.09101383 -0.301342 0.9491625
vn -0.09101383 -0.301342 0.9491625
vn 0.1021208 -0.2402573 0.9653226
vn 0.1021208 -0.2402573 0.9653226
vn 0.1021208 -0.2402573 0.9653226
vn 0.1021208 -0.2402573 0.9653226
vn -0.04138776 -0.2576019 0.9653644
vn -0.04138776 -0.2576019 0.9653644
vn -0.04138776 -0.2576019 0.9653644
vn -0.04138776 -0.2576019 0.9653644
vn 0.1473663 -0.2781671 0.9491608
vn 0.1473663 -0.2781671 0.9491608
vn 0.1473663 -0.2781671 0.9491608
vn 0.1473663 -0.2781671 0.9491608
vn 0.09022934 -0.2447571 0.9653769
vn 0.09022934 -0.2447571 0.9653769
vn 0.09022934 -0.2447571 0.9653769
vn 0.09022934 -0.2447571 0.9653769
vn -0.0539436 -0.255445 0.9653175
vn -0.0539436 -0.255445 0.9653175
vn -0.0539436 -0.255445 0.9653175
vn -0.0539436 -0.255445 0.9653175
vn 0.3013099 -0.09101284 0.9491728
vn 0.3013099 -0.09101284 0.9491728
vn 0.3013099 -0.09101284 0.9491728
vn 0.3013099 -0.09101284 0.9491728
vn 0.240257 0.1021329 0.9653214
vn 0.240257 0.1021329 0.9653214
vn 0.240257 0.1021329 0.9653214
vn 0.240257 0.1021329 0.9653214
vn 0.2576295 -0.04140234 0.9653563
vn 0.2576295 -0.04140234 0.9653563
vn 0.2576295 -0.04140234 0.9653563
vn 0.2576295 -0.04140234 0.9653563
vn -0.1473308 0.278108 0.9491836
vn -0.1473308 0.278108 0.9491836
vn -0.1473308 0.278108 0.9491836
vn -0.1473308 0.278108 0.9491836
vn -0.09022374 0.2448008 0.9653664
vn -0.09022374 0.2448008 0.9653664
vn -0.09022374 0.2448008 0.9653664
vn -0.09022374 0.2448008 0.9653664
vn 0.05395318 0.2554404 0.9653183
vn 0.05395318 0.2554404 0.9653183
vn 0.05395318 0.2554404 0.9653183
vn 0.05395318 0.2554404 0.9653183
vn -0.3012621 0.09099318 0.9491899
vn -0.3012621 0.09099318 0.9491899
vn -0.3012621 0.09099318 0.9491899
vn -0.3012621 0.09099318 0.9491899
vn -0.2402572 -0.1021258 0.9653221
vn -0.2402572 -0.1021258 0.9653221
vn -0.2402572 -0.1021258 0.9653221
vn -0.2402572 -0.1021258 0.9653221
vn -0.2575749 0.04138137 0.9653718
vn -0.2575749 0.04138137 0.9653718
vn -0.2575749 0.04138137 0.9653718
vn -0.2575749 0.04138137 0.9653718
vn 0.2781133 0.1473407 0.9491805
vn 0.2781133 0.1473407 0.9491805
vn 0.2781133 0.1473407 0.9491805
vn 0.2781133 0.1473407 0.9491805
vn 0.2447803 0.09023558 0.9653705
vn 0.2447803 0.09023558 0.9653705
vn 0.2447803 0.09023558 0.9653705
vn 0.2447803 0.09023558 0.9653705
vn 0.2554063 -0.05394624 0.9653276
vn 0.2554063 -0.05394624 0.9653276
vn 0.2554063 -0.05394624 0.9653276
vn 0.2554063 -0.05394624 0.9653276
vn 0.09099369 0.301258 0.9491911
vn 0.09099369 0.301258 0.9491911
vn 0.09099369 0.301258 0.9491911
vn 0.09099369 0.301258 0.9491911
vn -0.1021151 0.2402217 0.9653322
vn -0.1021151 0.2402217 0.9653322
vn -0.1021151 0.2402217 0.9653322
vn -0.1021151 0.2402217 0.9653322
vn 0.04138094 0.2575333 0.9653829
vn 0.04138094 0.2575333 0.9653829
vn 0.04138094 0.2575333 0.9653829
vn 0.04138094 0.2575333 0.9653829
vn 0.06832016 0.2638296 0.9621467
vn 0.06832016 0.2638296 0.9621467
vn 0.06832016 0.2638296 0.9621467
vn 0.06832016 0.2638296 0.9621467
vn -0.1178442 0.2457241 0.9621499
vn -0.1178442 0.2457241 0.9621499
vn -0.1178442 0.2457241 0.9621499
vn -0.1178442 0.2457241 0.9621499
vn -0.03563106 0.3664667 0.9297487
vn -0.03563106 0.3664667 0.9297487
vn -0.03563106 0.3664667 0.9297487
vn -0.03563106 0.3664667 0.9297487
vn 0.245775 0.1178749 0.9621332
vn 0.245775 0.1178749 0.9621332
vn 0.245775 0.1178749 0.9621332
vn 0.245775 0.1178749 0.9621332
vn 0.3665163 0.03562681 0.9297293
vn 0.3665163 0.03562681 0.9297293
vn 0.3665163 0.03562681 0.9297293
vn 0.3665163 0.03562681 0.9297293
vn 0.2638717 -0.06832507 0.9621348
vn 0.2638717 -0.06832507 0.9621348
vn 0.2638717 -0.06832507 0.9621348
vn 0.2638717 -0.06832507 0.9621348
vn -0.2638953 0.06833819 0.9621274
vn -0.2638953 0.06833819 0.9621274
vn -0.2638953 0.06833819 0.9621274
vn -0.2638953 0.06833819 0.9621274
vn -0.245755 -0.1178754 0.9621381
vn -0.245755 -0.1178754 0.9621381
vn -0.245755 -0.1178754 0.9621381
vn -0.245755 -0.1178754 0.9621381
vn -0.3665172 -0.03561658 0.9297293
vn -0.3665172 -0.03561658 0.9297293
vn -0.3665172 -0.03561658 0.9297293
vn -0.3665172 -0.03561658 0.9297293
vn -0.1178766 0.2457791 0.9621319
vn -0.1178766 0.2457791 0.9621319
vn -0.1178766 0.2457791 0.9621319
vn -0.1178766 0.2457791 0.9621319
vn -0.03564075 0.3665603 0.9297114
vn -0.03564075 0.3665603 0.9297114
vn -0.03564075 0.3665603 0.9297114
vn -0.03564075 0.3665603 0.9297114
vn 0.06831946 0.2638472 0.962142
vn 0.06831946 0.2638472 0.962142
vn 0.06831946 0.2638472 0.962142
vn 0.06831946 0.2638472 0.962142
vn 0.2638574 -0.06833538 0.962138
vn 0.2638574 -0.06833538 0.962138
vn 0.2638574 -0.06833538 0.962138
vn 0.2638574 -0.06833538 0.962138
vn 0.2457575 0.1178716 0.962138
vn 0.2457575 0.1178716 0.962138
vn 0.2457575 0.1178716 0.962138
vn 0.2457575 0.1178716 0.962138
vn 0.3664586 0.03562121 0.9297523
vn 0.3664586 0.03562121 0.9297523
vn 0.3664586 0.03562121 0.9297523
vn 0.3664586 0.03562121 0.9297523
vn 0.117849 -0.2457265 0.9621487
vn 0.117849 -0.2457265 0.9621487
vn 0.117849 -0.2457265 0.9621487
vn 0.117849 -0.2457265 0.9621487
vn 0.0356251 -0.3664616 0.9297509
vn 0.0356251 -0.3664616 0.9297509
vn 0.0356251 -0.3664616 0.9297509
vn 0.0356251 -0.3664616 0.9297509
vn -0.06830653 -0.2637972 0.9621566
vn -0.06830653 -0.2637972 0.9621566
vn -0.06830653 -0.2637972 0.9621566
vn -0.06830653 -0.2637972 0.9621566
vn -0.06832794 -0.2638698 0.9621351
vn -0.06832794 -0.2638698 0.9621351
vn -0.06832794 -0.2638698 0.9621351
vn -0.06832794 -0.2638698 0.9621351
vn 0.1178483 -0.2457511 0.9621425
vn 0.1178483 -0.2457511 0.9621425
vn 0.1178483 -0.2457511 0.9621425
vn 0.1178483 -0.2457511 0.9621425
vn 0.03561304 -0.3664618 0.9297513
vn 0.03561304 -0.3664618 0.9297513
vn 0.03561304 -0.3664618 0.9297513
vn 0.03561304 -0.3664618 0.9297513
vn -0.2457541 -0.1178752 0.9621384
vn -0.2457541 -0.1178752 0.9621384
vn -0.2457541 -0.1178752 0.9621384
vn -0.2457541 -0.1178752 0.9621384
vn -0.3664475 -0.0356135 0.9297569
vn -0.3664475 -0.0356135 0.9297569
vn -0.3664475 -0.0356135 0.9297569
vn -0.3664475 -0.0356135 0.9297569
vn -0.2638338 0.06832227 0.9621454
vn -0.2638338 0.06832227 0.9621454
vn -0.2638338 0.06832227 0.9621454
vn -0.2638338 0.06832227 0.9621454
vn -0.1843781 -0.1083813 0.9768614
vn -0.1843781 -0.1083813 0.9768614
vn -0.1843781 -0.1083813 0.9768614
vn -0.1843781 -0.1083813 0.9768614
vn -0.2017992 0.0708387 0.9768618
vn -0.2017992 0.0708387 0.9768618
vn -0.2017992 0.0708387 0.9768618
vn -0.2017992 0.0708387 0.9768618
vn -0.03873457 -0.003765862 0.9992424
vn -0.03873457 -0.003765862 0.9992424
vn -0.03873457 -0.003765862 0.9992424
vn -0.03873457 -0.003765862 0.9992424
vn 0.00376381 -0.03874025 0.9992422
vn 0.00376381 -0.03874025 0.9992422
vn 0.00376381 -0.03874025 0.9992422
vn 0.00376381 -0.03874025 0.9992422
vn -0.07084352 -0.2017993 0.9768614
vn -0.07084352 -0.2017993 0.9768614
vn -0.07084352 -0.2017993 0.9768614
vn -0.07084352 -0.2017993 0.9768614
vn 0.1083694 -0.1843563 0.9768668
vn 0.1083694 -0.1843563 0.9768668
vn 0.1083694 -0.1843563 0.9768668
vn 0.1083694 -0.1843563 0.9768668
vn 0.1083701 -0.1843433 0.9768692
vn 0.1083701 -0.1843433 0.9768692
vn 0.1083701 -0.1843433 0.9768692
vn 0.1083701 -0.1843433 0.9768692
vn -0.07083789 -0.2017647 0.976869
vn -0.07083789 -0.2017647 0.976869
vn -0.07083789 -0.2017647 0.976869
vn -0.07083789 -0.2017647 0.976869
vn 0.00376694 -0.03873868 0.9992423
vn 0.00376694 -0.03873868 0.9992423
vn 0.00376694 -0.03873868 0.9992423
vn 0.00376694 -0.03873868 0.9992423
vn 0.0387418 0.003765172 0.9992422
vn 0.0387418 0.003765172 0.9992422
vn 0.0387418 0.003765172 0.9992422
vn 0.0387418 0.003765172 0.9992422
vn 0.2017711 -0.07084747 0.9768669
vn 0.2017711 -0.07084747 0.9768669
vn 0.2017711 -0.07084747 0.9768669
vn 0.2017711 -0.07084747 0.9768669
vn 0.1843535 0.1083864 0.9768655
vn 0.1843535 0.1083864 0.9768655
vn 0.1843535 0.1083864 0.9768655
vn 0.1843535 0.1083864 0.9768655
vn -0.1083794 0.1843698 0.9768632
vn -0.1083794 0.1843698 0.9768632
vn -0.1083794 0.1843698 0.9768632
vn -0.1083794 0.1843698 0.9768632
vn 0.07084349 0.2018024 0.9768608
vn 0.07084349 0.2018024 0.9768608
vn 0.07084349 0.2018024 0.9768608
vn 0.07084349 0.2018024 0.9768608
vn -0.003766846 0.03873928 0.9992423
vn -0.003766846 0.03873928 0.9992423
vn -0.003766846 0.03873928 0.9992423
vn -0.003766846 0.03873928 0.9992423
vn -0.03873457 -0.003766644 0.9992424
vn -0.03873457 -0.003766644 0.9992424
vn -0.03873457 -0.003766644 0.9992424
vn -0.03873457 -0.003766644 0.9992424
vn -0.2017726 0.07084296 0.976867
vn -0.2017726 0.07084296 0.976867
vn -0.2017726 0.07084296 0.976867
vn -0.2017726 0.07084296 0.976867
vn -0.184384 -0.1083931 0.976859
vn -0.184384 -0.1083931 0.976859
vn -0.184384 -0.1083931 0.976859
vn -0.184384 -0.1083931 0.976859
vn 0.1843638 0.1083743 0.9768649
vn 0.1843638 0.1083743 0.9768649
vn 0.1843638 0.1083743 0.9768649
vn 0.1843638 0.1083743 0.9768649
vn 0.2017911 -0.07084195 0.9768633
vn 0.2017911 -0.07084195 0.9768633
vn 0.2017911 -0.07084195 0.9768633
vn 0.2017911 -0.07084195 0.9768633
vn 0.03874082 0.003765469 0.9992422
vn 0.03874082 0.003765469 0.9992422
vn 0.03874082 0.003765469 0.9992422
vn 0.03874082 0.003765469 0.9992422
vn -0.00376381 0.03873829 0.9992423
vn -0.00376381 0.03873829 0.9992423
vn -0.00376381 0.03873829 0.9992423
vn -0.00376381 0.03873829 0.9992423
vn 0.07085275 0.2018277 0.9768549
vn 0.07085275 0.2018277 0.9768549
vn 0.07085275 0.2018277 0.9768549
vn 0.07085275 0.2018277 0.9768549
vn -0.1084056 0.1844221 0.9768504
vn -0.1084056 0.1844221 0.9768504
vn -0.1084056 0.1844221 0.9768504
vn -0.1084056 0.1844221 0.9768504
vn 0.07084338 0.2018083 0.9768595
vn 0.07084338 0.2018083 0.9768595
vn 0.07084338 0.2018083 0.9768595
vn 0.07084338 0.2018083 0.9768595
vn -0.003767034 0.03874278 0.9992421
vn -0.003767034 0.03874278 0.9992421
vn -0.003767034 0.03874278 0.9992421
vn -0.003767034 0.03874278 0.9992421
vn 0.03873985 0.003766549 0.9992422
vn 0.03873985 0.003766549 0.9992422
vn 0.03873985 0.003766549 0.9992422
vn 0.03873985 0.003766549 0.9992422
vn -0.1083684 0.184351 0.976868
vn -0.1083684 0.184351 0.976868
vn -0.1083684 0.184351 0.976868
vn -0.1083684 0.184351 0.976868
vn 0.1843476 0.1083746 0.9768679
vn 0.1843476 0.1083746 0.9768679
vn 0.1843476 0.1083746 0.9768679
vn 0.1843476 0.1083746 0.9768679
vn 0.2017911 -0.07084297 0.9768631
vn 0.2017911 -0.07084297 0.9768631
vn 0.2017911 -0.07084297 0.9768631
vn 0.2017911 -0.07084297 0.9768631
vn -0.2017911 0.07084505 0.976863
vn -0.2017911 0.07084505 0.976863
vn -0.2017911 0.07084505 0.976863
vn -0.2017911 0.07084505 0.976863
vn -0.03874082 -0.003766643 0.9992422
vn -0.03874082 -0.003766643 0.9992422
vn -0.03874082 -0.003766643 0.9992422
vn -0.03874082 -0.003766643 0.9992422
vn -0.003766845 0.03874123 0.9992422
vn -0.003766845 0.03874123 0.9992422
vn -0.003766845 0.03874123 0.9992422
vn -0.003766845 0.03874123 0.9992422
vn -0.184382 -0.1083767 0.9768612
vn -0.184382 -0.1083767 0.9768612
vn -0.184382 -0.1083767 0.9768612
vn -0.184382 -0.1083767 0.9768612
vn -0.1083688 0.1843411 0.9768698
vn -0.1083688 0.1843411 0.9768698
vn -0.1083688 0.1843411 0.9768698
vn -0.1083688 0.1843411 0.9768698
vn 0.07083789 0.2017647 0.976869
vn 0.07083789 0.2017647 0.976869
vn 0.07083789 0.2017647 0.976869
vn 0.07083789 0.2017647 0.976869
vn 0.201778 -0.07083419 0.9768665
vn 0.201778 -0.07083419 0.9768665
vn 0.201778 -0.07083419 0.9768665
vn 0.201778 -0.07083419 0.9768665
vn 0.03873985 0.003765766 0.9992422
vn 0.03873985 0.003765766 0.9992422
vn 0.03873985 0.003765766 0.9992422
vn 0.03873985 0.003765766 0.9992422
vn 0.003763527 -0.03873773 0.9992423
vn 0.003763527 -0.03873773 0.9992423
vn 0.003763527 -0.03873773 0.9992423
vn 0.003763527 -0.03873773 0.9992423
vn 0.1843722 0.1083695 0.9768638
vn 0.1843722 0.1083695 0.9768638
vn 0.1843722 0.1083695 0.9768638
vn 0.1843722 0.1083695 0.9768638
vn 0.1084022 -0.184412 0.9768527
vn 0.1084022 -0.184412 0.9768527
vn 0.1084022 -0.184412 0.9768527
vn 0.1084022 -0.184412 0.9768527
vn -0.07085267 -0.2018327 0.9768538
vn -0.07085267 -0.2018327 0.9768538
vn -0.07085267 -0.2018327 0.9768538
vn -0.07085267 -0.2018327 0.9768538
vn -0.07084342 -0.2018064 0.97686
vn -0.07084342 -0.2018064 0.97686
vn -0.07084342 -0.2018064 0.97686
vn -0.07084342 -0.2018064 0.97686
vn 0.003763621 -0.03874026 0.9992422
vn 0.003763621 -0.03874026 0.9992422
vn 0.003763621 -0.03874026 0.9992422
vn 0.003763621 -0.03874026 0.9992422
vn -0.03873695 -0.003764701 0.9992424
vn -0.03873695 -0.003764701 0.9992424
vn -0.03873695 -0.003764701 0.9992424
vn -0.03873695 -0.003764701 0.9992424
vn 0.1083783 -0.1843673 0.9768638
vn 0.1083783 -0.1843673 0.9768638
vn 0.1083783 -0.1843673 0.9768638
vn 0.1083783 -0.1843673 0.9768638
vn -0.1843699 -0.1083737 0.9768638
vn -0.1843699 -0.1083737 0.9768638
vn -0.1843699 -0.1083737 0.9768638
vn -0.1843699 -0.1083737 0.9768638
vn -0.2018044 0.07084033 0.9768606
vn -0.2018044 0.07084033 0.9768606
vn -0.2018044 0.07084033 0.9768606
vn -0.2018044 0.07084033 0.9768606
vn -0.5629082 -0.684127 0.4637938
vn -0.5629082 -0.684127 0.4637938
vn -0.5629082 -0.684127 0.4637938
vn -0.5629082 -0.684127 0.4637938
vn -0.3941349 -0.4790019 0.7843564
vn -0.3941349 -0.4790019 0.7843564
vn -0.3941349 -0.4790019 0.7843564
vn -0.3941349 -0.4790019 0.7843564
vn 0.6840369 -0.5628443 0.4640042
vn 0.6840369 -0.5628443 0.4640042
vn 0.6840369 -0.5628443 0.4640042
vn 0.6840369 -0.5628443 0.4640042
vn 0.4789144 -0.3940589 0.784448
vn 0.4789144 -0.3940589 0.784448
vn 0.4789144 -0.3940589 0.784448
vn 0.4789144 -0.3940589 0.784448
vn -0.6841224 0.5629115 0.4637965
vn -0.6841224 0.5629115 0.4637965
vn -0.6841224 0.5629115 0.4637965
vn -0.6841224 0.5629115 0.4637965
vn -0.4789313 0.3940729 0.7844306
vn -0.4789313 0.3940729 0.7844306
vn -0.4789313 0.3940729 0.7844306
vn -0.4789313 0.3940729 0.7844306
vn 0.5629754 0.6842124 0.463586
vn 0.5629754 0.6842124 0.463586
vn 0.5629754 0.6842124 0.463586
vn 0.5629754 0.6842124 0.463586
vn 0.3939737 0.4788093 0.784555
vn 0.3939737 0.4788093 0.784555
vn 0.3939737 0.4788093 0.784555
vn 0.3939737 0.4788093 0.784555
vn -0.1135697 -0.1380311 0.983895
vn -0.1135697 -0.1380311 0.983895
vn -0.1135697 -0.1380311 0.983895
vn -0.1135697 -0.1380311 0.983895
vn 0.1380261 -0.1135694 0.9838957
vn 0.1380261 -0.1135694 0.9838957
vn 0.1380261 -0.1135694 0.9838957
vn 0.1380261 -0.1135694 0.9838957
vn -0.1380198 0.1135642 0.9838972
vn -0.1380198 0.1135642 0.9838972
vn -0.1380198 0.1135642 0.9838972
vn -0.1380198 0.1135642 0.9838972
vn 0.1135755 0.1380253 0.9838951
vn 0.1135755 0.1380253 0.9838951
vn 0.1135755 0.1380253 0.9838951
vn 0.1135755 0.1380253 0.9838951
vn 0.1135866 0.1380258 0.9838938
vn 0.1135866 0.1380258 0.9838938
vn 0.1135866 0.1380258 0.9838938
vn 0.1135866 0.1380258 0.9838938
vn -0.1380375 0.1135692 0.9838942
vn -0.1380375 0.1135692 0.9838942
vn -0.1380375 0.1135692 0.9838942
vn -0.1380375 0.1135692 0.9838942
vn 0.1380495 -0.1135743 0.9838919
vn 0.1380495 -0.1135743 0.9838919
vn 0.1380495 -0.1135743 0.9838919
vn 0.1380495 -0.1135743 0.9838919
vn -0.1135859 -0.1380379 0.9838921
vn -0.1135859 -0.1380379 0.9838921
vn -0.1135859 -0.1380379 0.9838921
vn -0.1135859 -0.1380379 0.9838921
vn 0 0 -1
vn 0 0 -1
vn 0 0 -1
vn 0 0 -1
vn -0.9565703 0.2915018 0
vn -0.9565703 0.2915018 0
vn -0.9565703 0.2915018 0
vn -0.9565703 0.2915018 0
vn -0.8825148 -0.4702846 0
vn -0.8825148 -0.4702846 0
vn -0.8825148 -0.4702846 0
vn -0.8825148 -0.4702846 0
vn 0.4702668 -0.8825243 0
vn 0.4702668 -0.8825243 0
vn 0.4702668 -0.8825243 0
vn 0.4702668 -0.8825243 0
vn -0.291486 -0.9565751 0
vn -0.291486 -0.9565751 0
vn -0.291486 -0.9565751 0
vn -0.291486 -0.9565751 0
vn -0.9565752 0.2914854 0
vn -0.9565752 0.2914854 0
vn -0.9565752 0.2914854 0
vn -0.9565752 0.2914854 0
vn -0.8825296 -0.4702568 0
vn -0.8825296 -0.4702568 0
vn -0.8825296 -0.4702568 0
vn -0.8825296 -0.4702568 0
vn 0.4702742 -0.8825203 0
vn 0.4702742 -0.8825203 0
vn 0.4702742 -0.8825203 0
vn 0.4702742 -0.8825203 0
vn -0.291486 -0.9565751 0
vn -0.291486 -0.9565751 0
vn -0.291486 -0.9565751 0
vn -0.291486 -0.9565751 0
vn 0.9565703 -0.2915018 0
vn 0.9565703 -0.2915018 0
vn 0.9565703 -0.2915018 0
vn 0.9565703 -0.2915018 0
vn 0.8825048 0.4703035 0
vn 0.8825048 0.4703035 0
vn 0.8825048 0.4703035 0
vn 0.8825048 0.4703035 0
vn -0.4702519 0.8825322 0
vn -0.4702519 0.8825322 0
vn -0.4702519 0.8825322 0
vn -0.4702519 0.8825322 0
vn 0.291486 0.9565751 0
vn 0.291486 0.9565751 0
vn 0.291486 0.9565751 0
vn 0.291486 0.9565751 0
vn -0.9565703 0.2915018 0
vn -0.9565703 0.2915018 0
vn -0.9565703 0.2915018 0
vn -0.9565703 0.2915018 0
vn -0.8825148 -0.4702846 0
vn -0.8825148 -0.4702846 0
vn -0.8825148 -0.4702846 0
vn -0.8825148 -0.4702846 0
vn 0.4702594 -0.8825282 0
vn 0.4702594 -0.8825282 0
vn 0.4702594 -0.8825282 0
vn 0.4702594 -0.8825282 0
vn -0.291486 -0.9565751 0
vn -0.291486 -0.9565751 0
vn -0.291486 -0.9565751 0
vn -0.291486 -0.9565751 0
vn 0.2915283 0.9565622 0
vn 0.2915283 0.9565622 0
vn 0.2915283 0.9565622 0
vn 0.2915283 0.9565622 0
vn -0.4703107 0.8825009 0
vn -0.4703107 0.8825009 0
vn -0.4703107 0.8825009 0
vn -0.4703107 0.8825009 0
vn 0.9565665 -0.2915142 0
vn 0.9565665 -0.2915142 0
vn 0.9565665 -0.2915142 0
vn 0.9565665 -0.2915142 0
vn 0.8825148 0.4702846 0
vn 0.8825148 0.4702846 0
vn 0.8825148 0.4702846 0
vn 0.8825148 0.4702846 0
vn 0.9565703 -0.2915018 8.917699E-06
vn 0.9565703 -0.2915018 8.917699E-06
vn 0.9565703 -0.2915018 8.917699E-06
vn 0.9565703 -0.2915018 8.917699E-06
vn 0.8825048 0.4703035 0
vn 0.8825048 0.4703035 0
vn 0.8825048 0.4703035 0
vn 0.8825048 0.4703035 0
vn -0.4702594 0.8825282 0
vn -0.4702594 0.8825282 0
vn -0.4702594 0.8825282 0
vn -0.4702594 0.8825282 0
vn 0.291486 0.9565751 0
vn 0.291486 0.9565751 0
vn 0.291486 0.9565751 0
vn 0.291486 0.9565751 0
vn 0.9565703 -0.2915018 0
vn 0.9565703 -0.2915018 0
vn 0.9565703 -0.2915018 0
vn 0.9565703 -0.2915018 0
vn 0.8825148 0.4702846 0
vn 0.8825148 0.4702846 0
vn 0.8825148 0.4702846 0
vn 0.8825148 0.4702846 0
vn -0.4702668 0.8825243 0
vn -0.4702668 0.8825243 0
vn -0.4702668 0.8825243 0
vn -0.4702668 0.8825243 0
vn 0.291486 0.9565751 0
vn 0.291486 0.9565751 0
vn 0.291486 0.9565751 0
vn 0.291486 0.9565751 0
vn -0.8825148 -0.4702846 0
vn -0.8825148 -0.4702846 0
vn -0.8825148 -0.4702846 0
vn -0.8825148 -0.4702846 0
vn -0.9565703 0.2915018 0
vn -0.9565703 0.2915018 0
vn -0.9565703 0.2915018 0
vn -0.9565703 0.2915018 0
vn 0.4702668 -0.8825243 0
vn 0.4702668 -0.8825243 0
vn 0.4702668 -0.8825243 0
vn 0.4702668 -0.8825243 0
vn -0.291486 -0.9565751 0
vn -0.291486 -0.9565751 0
vn -0.291486 -0.9565751 0
vn -0.291486 -0.9565751 0
vn -0.6353445 -0.7722288 0
vn -0.6353445 -0.7722288 0
vn -0.6353445 -0.7722288 0
vn -0.6353445 -0.7722288 0
vn 0.7722006 -0.6353787 0
vn 0.7722006 -0.6353787 0
vn 0.7722006 -0.6353787 0
vn 0.7722073 -0.6353708 -0.0001070429
vn 0.7722006 -0.6353787 0
vn 0.7722073 -0.6353708 -0.0001070429
vn 0.7722099 -0.6353675 0.0001042376
vn 0.7722099 -0.6353675 0.0001042376
vn 0.7722073 -0.6353708 -0.0001070429
vn 0.7722073 -0.6353708 -0.0001070429
vn 0.7721995 -0.6353801 3.003966E-05
vn 0.7721995 -0.6353801 3.003966E-05
vn 0.7721995 -0.6353801 3.003966E-05
vn 0.7721995 -0.6353801 3.003966E-05
vn 0.7722099 -0.6353675 0.0001042376
vn 0.7722099 -0.6353675 0.0001042376
vn 0.7722085 -0.6353692 0
vn 0.7722085 -0.6353692 0
vn 0.7722085 -0.6353692 0
vn 0.7722105 -0.6353667 0
vn 0.7722085 -0.6353692 0
vn 0.7722105 -0.6353667 0
vn 0.7722056 -0.6353728 -0.0001389828
vn 0.7722056 -0.6353728 -0.0001389828
vn 0.7722105 -0.6353667 0
vn 0.7722105 -0.6353667 0
vn 0.7722107 -0.6353666 6.007785E-05
vn 0.7722107 -0.6353666 6.007785E-05
vn 0.7722107 -0.6353666 6.007785E-05
vn 0.7722107 -0.6353666 6.007785E-05
vn 0.7722056 -0.6353728 -0.0001389828
vn 0.7722056 -0.6353728 -0.0001389828
vn 2.522562E-07 0 -1
vn 0 0 -1
vn 2.522562E-07 0 -1
vn 1.009025E-06 0 -1
vn 2.522562E-07 0 -1
vn 1.009025E-06 0 -1
vn 2.522562E-07 0 -1
vn 0 0 -1
vn -1.009026E-06 0 -1
vn 0 0 -1
vn -1.009026E-06 0 -1
vn -1.009026E-06 0 -1
vn -1.009026E-06 0 -1
vn 0 0 -1
vn 0 0 -1
vn 0 0 -1
vn 0 0 -1
vn -2.522582E-07 0 -1
vn -2.522582E-07 0 -1
vn 1.009035E-06 0 -1
vn -0.7721995 0.6353801 -3.003966E-05
vn -0.7721995 0.6353801 -3.003966E-05
vn -0.7721995 0.6353801 -3.003966E-05
vn -0.7722056 0.6353728 -6.949138E-05
vn -0.7721995 0.6353801 -3.003966E-05
vn -0.7722056 0.6353728 -6.949138E-05
vn -0.7722094 0.6353681 0
vn -0.7722056 0.6353728 -6.949138E-05
vn -0.7722094 0.6353681 0
vn -0.7722056 0.6353728 -6.949138E-05
vn -0.7722094 0.6353681 0
vn -0.7722085 0.6353692 -2.985477E-05
vn -0.7722094 0.6353681 0
vn -0.7722085 0.6353692 -2.985477E-05
vn -0.7722085 0.6353692 -2.985477E-05
vn -0.7722085 0.6353692 -2.985477E-05
vn -0.7722117 0.6353654 -0.0001201559
vn -0.7722117 0.6353654 -0.0001201559
vn -0.7722117 0.6353654 -0.0001201559
vn -0.7722077 0.6353702 3.474579E-05
vn -0.7722117 0.6353654 -0.0001201559
vn -0.7722077 0.6353702 3.474579E-05
vn -0.7722145 0.635362 -7.136093E-05
vn -0.7722077 0.6353702 3.474579E-05
vn -0.7722145 0.635362 -7.136093E-05
vn -0.7722077 0.6353702 3.474579E-05
vn -0.7722145 0.635362 -7.136093E-05
vn -0.7722058 0.6353726 -2.985466E-05
vn -0.7722145 0.635362 -7.136093E-05
vn -0.7722058 0.6353726 -2.985466E-05
vn -0.7722058 0.6353726 -2.985466E-05
vn -0.7722058 0.6353726 -2.985466E-05
vn 0 -1 0
vn 0 -1 0
vn 0 -1 0
vn 0 -1 0
usemtl main_building
f 1/1/1 3/3/3 2/2/2
f 4/4/4 6/6/6 5/5/5
f 7/7/7 9/9/9 8/8/8
f 10/10/10 12/12/12 11/11/11
f 13/13/13 15/15/15 14/14/14
f 16/16/16 18/18/18 17/17/17
f 19/19/19 21/21/21 20/20/20
f 22/22/22 24/24/24 23/23/23
f 25/25/25 27/27/27 26/26/26
f 28/28/28 30/30/30 29/29/29
f 31/31/31 33/33/33 32/32/32
f 34/34/34 36/36/36 35/35/35
f 37/37/37 39/39/39 38/38/38
f 40/40/40 42/42/42 41/41/41
f 43/43/43 45/45/45 44/44/44
f 43/43/43 46/46/46 45/45/45
f 47/47/47 49/49/49 48/48/48
f 47/47/47 50/50/50 49/49/49
f 51/51/51 50/50/50 47/47/47
f 51/51/51 52/52/52 50/50/50
f 53/53/53 52/52/52 51/51/51
f 53/53/53 54/54/54 52/52/52
f 55/55/55 57/57/57 56/56/56
f 55/55/55 58/58/58 57/57/57
f 59/59/59 61/61/61 60/60/60
f 59/59/59 62/62/62 61/61/61
f 63/63/63 65/65/65 64/64/64
f 63/63/63 66/66/66 65/65/65
f 67/67/67 66/66/66 63/63/63
f 67/67/67 68/68/68 66/66/66
f 67/67/67 69/69/69 68/68/68
f 69/69/69 67/67/67 70/70/70
f 68/68/68 69/69/69 71/71/71
f 72/72/72 71/71/71 69/69/69
f 73/73/73 71/71/71 72/72/72
f 71/71/71 73/73/73 74/74/74
f 75/75/75 77/77/77 76/76/76
f 75/75/75 78/78/78 77/77/77
f 79/79/79 81/81/81 80/80/80
f 79/79/79 82/82/82 81/81/81
f 83/83/83 85/85/85 84/84/84
f 86/86/86 85/85/85 83/83/83
f 86/86/86 87/87/87 85/85/85
f 86/86/86 83/83/83 88/88/88
f 86/86/86 88/88/88 89/89/89
f 90/90/90 87/87/87 86/86/86
f 90/90/90 91/91/91 87/87/87
f 91/91/91 90/90/90 92/92/92
f 88/88/88 93/93/93 89/89/89
f 93/93/93 88/88/88 94/94/94
f 88/88/88 95/95/95 94/94/94
f 95/95/95 88/88/88 96/96/96
f 96/96/96 88/88/88 97/97/97
f 96/96/96 97/97/97 98/98/98
f 98/98/98 97/97/97 99/99/99
f 99/99/99 97/97/97 100/100/100
f 101/101/101 89/89/89 93/93/93
f 100/100/100 97/97/97 102/102/102
f 103/103/103 89/89/89 101/101/101
f 102/102/102 97/97/97 104/104/104
f 105/105/105 89/89/89 103/103/103
f 106/106/106 89/89/89 105/105/105
f 89/89/89 106/106/106 107/107/107
f 107/107/107 108/108/108 89/89/89
f 108/108/108 107/107/107 109/109/109
f 104/104/104 97/97/97 110/110/110
f 108/108/108 109/109/109 111/111/111
f 110/110/110 97/97/97 112/112/112
f 112/112/112 97/97/97 113/113/113
f 113/113/113 97/97/97 114/114/114
f 108/108/108 114/114/114 97/97/97
f 108/108/108 111/111/111 115/115/115
f 108/108/108 116/116/116 114/114/114
f 108/108/108 115/115/115 117/117/117
f 108/108/108 118/118/118 116/116/116
f 108/108/108 117/117/117 118/118/118
f 119/119/119 121/121/121 120/120/120
f 119/119/119 122/122/122 121/121/121
f 123/123/123 125/125/125 124/124/124
f 123/123/123 126/126/126 125/125/125
f 127/127/127 129/129/129 128/128/128
f 127/127/127 130/130/130 129/129/129
f 131/131/131 133/133/133 132/132/132
f 131/131/131 134/134/134 133/133/133
f 135/135/135 137/137/137 136/136/136
f 135/135/135 138/138/138 137/137/137
f 139/139/139 141/141/141 140/140/140
f 139/139/139 142/142/142 141/141/141
f 143/143/143 145/145/145 144/144/144
f 145/145/145 143/143/143 146/146/146
f 146/146/146 143/143/143 147/147/147
f 147/147/147 143/143/143 148/148/148
f 148/148/148 143/143/143 149/149/149
f 149/149/149 143/143/143 150/150/150
f 151/151/151 150/150/150 143/143/143
f 151/151/151 152/152/152 150/150/150
f 152/152/152 151/151/151 153/153/153
f 154/154/154 156/156/156 155/155/155
f 154/154/154 157/157/157 156/156/156
f 158/158/158 160/160/160 159/159/159
f 158/158/158 161/161/161 160/160/160
f 161/161/161 162/162/162 160/160/160
f 161/161/161 163/163/163 162/162/162
f 164/164/164 166/166/166 165/165/165
f 164/164/164 167/167/167 166/166/166
f 168/168/168 170/170/170 169/169/169
f 168/168/168 171/171/171 170/170/170
f 172/172/172 174/174/174 173/173/173
f 172/172/172 175/175/175 174/174/174
f 176/176/176 178/178/178 177/177/177
f 176/176/176 179/179/179 178/178/178
f 180/180/180 179/179/179 176/176/176
f 180/180/180 176/176/176 181/181/181
f 180/180/180 181/181/181 182/182/182
f 180/180/180 182/182/182 183/183/183
f 184/184/184 186/186/186 185/185/185
f 184/184/184 187/187/187 186/186/186
f 188/188/188 187/187/187 184/184/184
f 188/188/188 184/184/184 189/189/189
f 188/188/188 189/189/189 190/190/190
f 188/188/188 190/190/190 191/191/191
f 192/192/192 194/194/194 193/193/193
f 192/192/192 195/195/195 194/194/194
f 195/195/195 196/196/196 194/194/194
f 195/195/195 197/197/197 196/196/196
f 197/197/197 198/198/198 196/196/196
f 197/197/197 199/199/199 198/198/198
f 199/199/199 200/200/200 198/198/198
f 199/199/199 201/201/201 200/200/200
f 202/202/202 204/204/204 203/203/203
f 202/202/202 205/205/205 204/204/204
f 205/205/205 202/202/202 206/206/206
f 205/205/205 206/206/206 207/207/207
f 207/207/207 206/206/206 208/208/208
f 207/207/207 208/208/208 209/209/209
f 210/210/210 212/212/212 211/211/211
f 210/210/210 213/213/213 212/212/212
f 214/214/214 216/216/216 215/215/215
f 214/214/214 217/217/217 216/216/216
f 218/218/218 220/220/220 219/219/219
f 218/218/218 221/221/221 220/220/220
f 222/222/222 224/224/224 223/223/223
f 222/222/222 225/225/225 224/224/224
f 226/226/226 228/228/228 227/227/227
f 226/226/226 229/229/229 228/228/228
f 230/230/230 232/232/232 231/231/231
f 230/230/230 233/233/233 232/232/232
f 234/234/234 236/236/236 235/235/235
f 234/234/234 237/237/237 236/236/236
f 238/238/238 240/240/240 239/239/239
f 241/241/241 240/240/240 238/238/238
f 240/240/240 241/241/241 242/242/242
f 240/240/240 242/242/242 243/243/243
f 243/243/243 242/242/242 244/244/244
f 244/244/244 242/242/242 245/245/245
f 246/246/246 248/248/248 247/247/247
f 246/246/246 249/249/249 248/248/248
f 250/250/250 252/252/252 251/251/251
f 250/250/250 253/253/253 252/252/252
f 254/254/254 256/256/256 255/255/255
f 254/254/254 257/257/257 256/256/256
f 258/258/258 260/260/260 259/259/259
f 258/258/258 261/261/261 260/260/260
f 262/262/262 264/264/264 263/263/263
f 262/262/262 265/265/265 264/264/264
f 266/266/266 268/268/268 267/267/267
f 266/266/266 269/269/269 268/268/268
f 270/270/270 272/272/272 271/271/271
f 270/270/270 273/273/273 272/272/272
f 274/274/274 276/276/276 275/275/275
f 274/274/274 277/277/277 276/276/276
f 278/278/278 280/280/280 279/279/279
f 278/278/278 281/281/281 280/280/280
f 282/282/282 284/284/284 283/283/283
f 282/282/282 285/285/285 284/284/284
f 286/286/286 288/288/288 287/287/287
f 286/286/286 289/289/289 288/288/288
f 290/290/290 292/292/292 291/291/291
f 290/290/290 293/293/293 292/292/292
f 294/294/294 296/296/296 295/295/295
f 294/294/294 297/297/297 296/296/296
f 298/298/298 300/300/300 299/299/299
f 298/298/298 301/301/301 300/300/300
f 302/302/302 304/304/304 303/303/303
f 302/302/302 305/305/305 304/304/304
f 306/306/306 308/308/308 307/307/307
f 306/306/306 309/309/309 308/308/308
f 310/310/310 312/312/312 311/311/311
f 310/310/310 313/313/313 312/312/312
f 314/314/314 316/316/316 315/315/315
f 314/314/314 317/317/317 316/316/316
f 318/318/318 320/320/320 319/319/319
f 318/318/318 321/321/321 320/320/320
f 322/322/322 324/324/324 323/323/323
f 322/322/322 325/325/325 324/324/324
f 326/326/326 328/328/328 327/327/327
f 326/326/326 329/329/329 328/328/328
f 330/330/330 332/332/332 331/331/331
f 330/330/330 333/333/333 332/332/332
f 334/334/334 336/336/336 335/335/335
f 334/334/334 337/337/337 336/336/336
f 338/338/338 340/340/340 339/339/339
f 338/338/338 341/341/341 340/340/340
f 342/342/342 344/344/344 343/343/343
f 342/342/342 345/345/345 344/344/344
f 346/346/346 348/348/348 347/347/347
f 346/346/346 349/349/349 348/348/348
f 346/346/346 350/350/350 349/349/349
f 351/351/351 350/350/350 346/346/346
f 352/352/352 350/350/350 351/351/351
f 353/353/353 350/350/350 352/352/352
f 354/354/354 350/350/350 353/353/353
f 350/350/350 354/354/354 355/355/355
f 350/350/350 355/355/355 356/356/356
f 350/350/350 356/356/356 357/357/357
f 358/358/358 360/360/360 359/359/359
f 358/358/358 361/361/361 360/360/360
f 362/362/362 364/364/364 363/363/363
f 362/362/362 365/365/365 364/364/364
f 366/366/366 368/368/368 367/367/367
f 366/366/366 369/369/369 368/368/368
f 370/370/370 372/372/372 371/371/371
f 370/370/370 373/373/373 372/372/372
f 374/374/374 376/376/376 375/375/375
f 374/374/374 377/377/377 376/376/376
f 378/378/378 380/380/380 379/379/379
f 378/378/378 381/381/381 380/380/380
f 382/382/382 384/384/384 383/383/383
f 382/382/382 385/385/385 384/384/384
f 386/386/386 385/385/385 382/382/382
f 386/386/386 387/387/387 385/385/385
f 388/388/388 390/390/390 389/389/389
f 388/388/388 391/391/391 390/390/390
f 392/392/392 394/394/394 393/393/393
f 392/392/392 395/395/395 394/394/394
f 396/396/396 398/398/398 397/397/397
f 396/396/396 399/399/399 398/398/398
f 400/400/400 402/402/402 401/401/401
f 400/400/400 403/403/403 402/402/402
f 404/404/404 406/406/406 405/405/405
f 404/404/404 407/407/407 406/406/406
f 408/408/408 410/410/410 409/409/409
f 408/408/408 411/411/411 410/410/410
f 412/412/412 414/414/414 413/413/413
f 412/412/412 415/415/415 414/414/414
f 416/416/416 418/418/418 417/417/417
f 416/416/416 419/419/419 418/418/418
f 420/420/420 422/422/422 421/421/421
f 420/420/420 423/423/423 422/422/422
f 424/424/424 426/426/426 425/425/425
f 424/424/424 427/427/427 426/426/426
f 428/428/428 430/430/430 429/429/429
f 428/428/428 431/431/431 430/430/430
f 432/432/432 434/434/434 433/433/433
f 432/432/432 435/435/435 434/434/434
f 436/436/436 438/438/438 437/437/437
f 436/436/436 439/439/439 438/438/438
f 440/440/440 442/442/442 441/441/441
f 440/440/440 443/443/443 442/442/442
f 444/444/444 446/446/446 445/445/445
f 444/444/444 447/447/447 446/446/446
f 448/448/448 450/450/450 449/449/449
f 448/448/448 451/451/451 450/450/450
f 452/452/452 454/454/454 453/453/453
f 452/452/452 455/455/455 454/454/454
f 456/456/456 458/458/458 457/457/457
f 456/456/456 459/459/459 458/458/458
f 460/460/460 462/462/462 461/461/461
f 460/460/460 463/463/463 462/462/462
f 464/464/464 466/466/466 465/465/465
f 464/464/464 467/467/467 466/466/466
f 468/468/468 470/470/470 469/469/469
f 468/468/468 471/471/471 470/470/470
f 472/472/472 474/474/474 473/473/473
f 475/475/475 473/473/473 474/474/474
f 475/475/475 476/476/476 473/473/473
f 477/477/477 476/476/476 475/475/475
f 478/478/478 476/476/476 477/477/477
f 479/479/479 476/476/476 478/478/478
f 476/476/476 479/479/479 480/480/480
f 481/481/481 483/483/483 482/482/482
f 483/483/483 481/481/481 484/484/484
f 484/484/484 481/481/481 485/485/485
f 484/484/484 485/485/485 486/486/486
f 486/486/486 485/485/485 487/487/487
f 487/487/487 485/485/485 488/488/488
f 488/488/488 485/485/485 489/489/489
f 489/489/489 485/485/485 490/490/490
f 490/490/490 485/485/485 491/491/491
f 491/491/491 485/485/485 492/492/492
f 492/492/492 485/485/485 493/493/493
f 493/493/493 485/485/485 494/494/494
f 495/495/495 494/494/494 485/485/485
f 495/495/495 496/496/496 494/494/494
f 495/495/495 497/497/497 496/496/496
f 495/495/495 498/498/498 497/497/497
f 495/495/495 499/499/499 498/498/498
f 495/495/495 500/500/500 499/499/499
f 495/495/495 501/501/501 500/500/500
f 495/495/495 502/502/502 501/501/501
f 502/502/502 495/495/495 503/503/503
f 504/504/504 506/506/506 505/505/505
f 504/504/504 507/507/507 506/506/506
f 508/508/508 510/510/510 509/509/509
f 508/508/508 511/511/511 510/510/510
f 512/512/512 514/514/514 513/513/513
f 512/512/512 515/515/515 514/514/514
f 516/516/516 518/518/518 517/517/517
f 516/516/516 519/519/519 518/518/518
f 520/520/520 522/522/522 521/521/521
f 520/520/520 523/523/523 522/522/522
f 524/524/524 526/526/526 525/525/525
f 524/524/524 527/527/527 526/526/526
f 528/528/528 530/530/530 529/529/529
f 528/528/528 531/531/531 530/530/530
f 532/532/532 534/534/534 533/533/533
f 532/532/532 535/535/535 534/534/534
f 536/536/536 538/538/538 537/537/537
f 536/536/536 539/539/539 538/538/538
f 540/540/540 542/542/542 541/541/541
f 540/540/540 543/543/543 542/542/542
f 544/544/544 546/546/546 545/545/545
f 544/544/544 547/547/547 546/546/546
f 548/548/548 550/550/550 549/549/549
f 548/548/548 551/551/551 550/550/550
f 552/552/552 554/554/554 553/553/553
f 552/552/552 555/555/555 554/554/554
f 556/556/556 558/558/558 557/557/557
f 556/556/556 559/559/559 558/558/558
f 560/560/560 562/562/562 561/561/561
f 560/560/560 563/563/563 562/562/562
f 564/564/564 566/566/566 565/565/565
f 564/564/564 567/567/567 566/566/566
f 568/568/568 570/570/570 569/569/569
f 568/568/568 571/571/571 570/570/570
f 572/572/572 574/574/574 573/573/573
f 572/572/572 575/575/575 574/574/574
f 576/576/576 578/578/578 577/577/577
f 576/576/576 579/579/579 578/578/578
f 580/580/580 582/582/582 581/581/581
f 580/580/580 583/583/583 582/582/582
f 584/584/584 586/586/586 585/585/585
f 586/586/586 587/587/587 585/585/585
f 587/587/587 588/588/588 585/585/585
f 588/588/588 589/589/589 585/585/585
f 589/589/589 590/590/590 585/585/585
f 591/591/591 593/593/593 592/592/592
f 591/591/591 594/594/594 593/593/593
f 595/595/595 597/597/597 596/596/596
f 595/595/595 598/598/598 597/597/597
f 599/599/599 601/601/601 600/600/600
f 599/599/599 602/602/602 601/601/601
f 603/603/603 605/605/605 604/604/604
f 603/603/603 606/606/606 605/605/605
f 607/607/607 609/609/609 608/608/608
f 607/607/607 610/610/610 609/609/609
f 611/611/611 613/613/613 612/612/612
f 613/613/613 611/611/611 614/614/614
f 613/613/613 614/614/614 615/615/615
f 615/615/615 614/614/614 616/616/616
f 617/617/617 615/615/615 616/616/616
f 615/615/615 617/617/617 618/618/618
f 619/619/619 621/621/621 620/620/620
f 619/619/619 622/622/622 621/621/621
f 623/623/623 625/625/625 624/624/624
f 623/623/623 626/626/626 625/625/625
f 627/627/627 629/629/629 628/628/628
f 627/627/627 630/630/630 629/629/629
f 631/631/631 633/633/633 632/632/632
f 631/631/631 634/634/634 633/633/633
f 635/635/635 637/637/637 636/636/636
f 635/635/635 636/636/636 638/638/638
f 639/639/639 635/635/635 638/638/638
f 639/639/639 638/638/638 640/640/640
f 641/641/641 639/639/639 640/640/640
f 641/641/641 640/640/640 642/642/642
f 643/643/643 645/645/645 644/644/644
f 643/643/643 646/646/646 645/645/645
f 647/647/647 649/649/649 648/648/648
f 647/647/647 650/650/650 649/649/649
f 651/651/651 653/653/653 652/652/652
f 651/651/651 654/654/654 653/653/653
f 655/655/655 657/657/657 656/656/656
f 655/655/655 658/658/658 657/657/657
f 659/659/659 661/661/661 660/660/660
f 659/659/659 662/662/662 661/661/661
f 663/663/663 665/665/665 664/664/664
f 663/663/663 666/666/666 665/665/665
f 667/667/667 669/669/669 668/668/668
f 667/667/667 670/670/670 669/669/669
f 671/671/671 673/673/673 672/672/672
f 671/671/671 674/674/674 673/673/673
f 675/675/675 677/677/677 676/676/676
f 675/675/675 678/678/678 677/677/677
f 679/679/679 681/681/681 680/680/680
f 679/679/679 682/682/682 681/681/681
f 683/683/683 685/685/685 684/684/684
f 683/683/683 686/686/686 685/685/685
f 687/687/687 689/689/689 688/688/688
f 687/687/687 690/690/690 689/689/689
f 691/691/691 693/693/693 692/692/692
f 691/691/691 694/694/694 693/693/693
f 695/695/695 697/697/697 696/696/696
f 695/695/695 698/698/698 697/697/697
f 699/699/699 701/701/701 700/700/700
f 699/699/699 702/702/702 701/701/701
f 703/703/703 701/701/701 702/702/702
f 703/703/703 702/702/702 704/704/704
f 704/704/704 705/705/705 703/703/703
f 704/704/704 706/706/706 705/705/705
f 707/707/707 709/709/709 708/708/708
f 707/707/707 710/710/710 709/709/709
f 711/711/711 713/713/713 712/712/712
f 711/711/711 714/714/714 713/713/713
f 715/715/715 717/717/717 716/716/716
f 715/715/715 718/718/718 717/717/717
f 719/719/719 721/721/721 720/720/720
f 719/719/719 722/722/722 721/721/721
f 723/723/723 725/725/725 724/724/724
f 723/723/723 726/726/726 725/725/725
f 727/727/727 729/729/729 728/728/728
f 727/727/727 730/730/730 729/729/729
f 731/731/731 733/733/733 732/732/732
f 731/731/731 734/734/734 733/733/733
f 735/735/735 737/737/737 736/736/736
f 735/735/735 738/738/738 737/737/737
f 739/739/739 741/741/741 740/740/740
f 739/739/739 742/742/742 741/741/741
f 743/743/743 745/745/745 744/744/744
f 743/743/743 746/746/746 745/745/745
f 747/747/747 749/749/749 748/748/748
f 747/747/747 750/750/750 749/749/749
f 751/751/751 753/753/753 752/752/752
f 751/751/751 754/754/754 753/753/753
f 755/755/755 757/757/757 756/756/756
f 755/755/755 758/758/758 757/757/757
f 759/759/759 761/761/761 760/760/760
f 759/759/759 762/762/762 761/761/761
f 763/763/763 765/765/765 764/764/764
f 763/763/763 766/766/766 765/765/765
f 767/767/767 769/769/769 768/768/768
f 767/767/767 770/770/770 769/769/769
f 771/771/771 773/773/773 772/772/772
f 771/771/771 774/774/774 773/773/773
f 775/775/775 777/777/777 776/776/776
f 775/775/775 778/778/778 777/777/777
f 779/779/779 781/781/781 780/780/780
f 779/779/779 782/782/782 781/781/781
f 782/782/782 783/783/783 781/781/781
f 782/782/782 784/784/784 783/783/783
f 784/784/784 785/785/785 783/783/783
f 784/784/784 786/786/786 785/785/785
f 787/787/787 789/789/789 788/788/788
f 787/787/787 790/790/790 789/789/789
f 791/791/791 793/793/793 792/792/792
f 791/791/791 794/794/794 793/793/793
f 795/795/795 797/797/797 796/796/796
f 795/795/795 798/798/798 797/797/797
f 799/799/799 801/801/801 800/800/800
f 799/799/799 802/802/802 801/801/801
f 803/803/803 805/805/805 804/804/804
f 803/803/803 804/804/804 806/806/806
f 807/807/807 803/803/803 806/806/806
f 807/807/807 806/806/806 808/808/808
f 809/809/809 807/807/807 808/808/808
f 809/809/809 808/808/808 810/810/810
f 811/811/811 813/813/813 812/812/812
f 811/811/811 814/814/814 813/813/813
f 815/815/815 817/817/817 816/816/816
f 815/815/815 818/818/818 817/817/817
f 819/819/819 821/821/821 820/820/820
f 819/819/819 822/822/822 821/821/821
f 823/823/823 825/825/825 824/824/824
f 823/823/823 826/826/826 825/825/825
f 827/827/827 829/829/829 828/828/828
f 827/827/827 830/830/830 829/829/829
f 831/831/831 833/833/833 832/832/832
f 831/831/831 834/834/834 833/833/833
f 835/835/835 837/837/837 836/836/836
f 835/835/835 838/838/838 837/837/837
f 839/839/839 841/841/841 840/840/840
f 839/839/839 842/842/842 841/841/841
f 843/843/843 845/845/845 844/844/844
f 843/843/843 846/846/846 845/845/845
f 847/847/847 849/849/849 848/848/848
f 847/847/847 850/850/850 849/849/849
f 851/851/851 853/853/853 852/852/852
f 851/851/851 854/854/854 853/853/853
f 855/855/855 857/857/857 856/856/856
f 855/855/855 858/858/858 857/857/857
f 859/859/859 861/861/861 860/860/860
f 859/859/859 862/862/862 861/861/861
f 863/863/863 865/865/865 864/864/864
f 863/863/863 866/866/866 865/865/865
f 867/867/867 869/869/869 868/868/868
f 867/867/867 870/870/870 869/869/869
f 871/871/871 873/873/873 872/872/872
f 871/871/871 874/874/874 873/873/873
f 875/875/875 877/877/877 876/876/876
f 875/875/875 878/878/878 877/877/877
f 879/879/879 881/881/881 880/880/880
f 879/879/879 882/882/882 881/881/881
f 883/883/883 885/885/885 884/884/884
f 883/883/883 886/886/886 885/885/885
f 887/887/887 889/889/889 888/888/888
f 887/887/887 890/890/890 889/889/889
f 891/891/891 893/893/893 892/892/892
f 891/891/891 894/894/894 893/893/893
f 895/895/895 897/897/897 896/896/896
f 895/895/895 898/898/898 897/897/897
f 899/899/899 901/901/901 900/900/900
f 899/899/899 902/902/902 901/901/901
f 903/903/903 905/905/905 904/904/904
f 903/903/903 906/906/906 905/905/905
f 907/907/907 909/909/909 908/908/908
f 907/907/907 910/910/910 909/909/909
f 911/911/911 913/913/913 912/912/912
f 911/911/911 914/914/914 913/913/913
f 915/915/915 917/917/917 916/916/916
f 915/915/915 918/918/918 917/917/917
f 919/919/919 921/921/921 920/920/920
f 919/919/919 922/922/922 921/921/921
f 923/923/923 925/925/925 924/924/924
f 923/923/923 926/926/926 925/925/925
f 927/927/927 929/929/929 928/928/928
f 927/927/927 930/930/930 929/929/929
f 931/931/931 933/933/933 932/932/932
f 931/931/931 934/934/934 933/933/933
f 935/935/935 937/937/937 936/936/936
f 935/935/935 938/938/938 937/937/937
f 939/939/939 941/941/941 940/940/940
f 939/939/939 942/942/942 941/941/941
f 943/943/943 945/945/945 944/944/944
f 943/943/943 946/946/946 945/945/945
f 947/947/947 949/949/949 948/948/948
f 947/947/947 950/950/950 949/949/949
f 951/951/951 953/953/953 952/952/952
f 951/951/951 954/954/954 953/953/953
f 955/955/955 957/957/957 956/956/956
f 955/955/955 956/956/956 958/958/958
f 958/958/958 959/959/959 955/955/955
f 958/958/958 960/960/960 959/959/959
f 961/961/961 959/959/959 960/960/960
f 961/961/961 960/960/960 962/962/962
f 963/963/963 965/965/965 964/964/964
f 963/963/963 966/966/966 965/965/965
f 967/967/967 969/969/969 968/968/968
f 967/967/967 970/970/970 969/969/969
f 971/971/971 973/973/973 972/972/972
f 971/971/971 974/974/974 973/973/973
f 975/975/975 977/977/977 976/976/976
f 975/975/975 978/978/978 977/977/977
f 979/979/979 981/981/981 980/980/980
f 979/979/979 982/982/982 981/981/981
f 983/983/983 985/985/985 984/984/984
f 983/983/983 986/986/986 985/985/985
f 987/987/987 989/989/989 988/988/988
f 987/987/987 990/990/990 989/989/989
f 991/991/991 993/993/993 992/992/992
f 991/991/991 994/994/994 993/993/993
f 995/995/995 997/997/997 996/996/996
f 995/995/995 998/998/998 997/997/997
f 999/999/999 1001/1001/1001 1000/1000/1000
f 999/999/999 1002/1002/1002 1001/1001/1001
f 1003/1003/1003 1005/1005/1005 1004/1004/1004
f 1003/1003/1003 1006/1006/1006 1005/1005/1005
f 1007/1007/1007 1009/1009/1009 1008/1008/1008
f 1007/1007/1007 1010/1010/1010 1009/1009/1009
f 1011/1011/1011 1013/1013/1013 1012/1012/1012
f 1011/1011/1011 1014/1014/1014 1013/1013/1013
f 1015/1015/1015 1017/1017/1017 1016/1016/1016
f 1015/1015/1015 1018/1018/1018 1017/1017/1017
f 1019/1019/1019 1021/1021/1021 1020/1020/1020
f 1019/1019/1019 1022/1022/1022 1021/1021/1021
f 1023/1023/1023 1021/1021/1021 1022/1022/1022
f 1023/1023/1023 1022/1022/1022 1024/1024/1024
f 1024/1024/1024 1025/1025/1025 1023/1023/1023
f 1024/1024/1024 1026/1026/1026 1025/1025/1025
f 1027/1027/1027 1029/1029/1029 1028/1028/1028
f 1027/1027/1027 1030/1030/1030 1029/1029/1029
f 1031/1031/1031 1033/1033/1033 1032/1032/1032
f 1031/1031/1031 1034/1034/1034 1033/1033/1033
f 1035/1035/1035 1037/1037/1037 1036/1036/1036
f 1035/1035/1035 1038/1038/1038 1037/1037/1037
f 1039/1039/1039 1041/1041/1041 1040/1040/1040
f 1039/1039/1039 1042/1042/1042 1041/1041/1041
f 1043/1043/1043 1045/1045/1045 1044/1044/1044
f 1043/1043/1043 1046/1046/1046 1045/1045/1045
f 1047/1047/1047 1049/1049/1049 1048/1048/1048
f 1047/1047/1047 1050/1050/1050 1049/1049/1049
f 1051/1051/1051 1053/1053/1053 1052/1052/1052
f 1051/1051/1051 1054/1054/1054 1053/1053/1053
f 1055/1055/1055 1057/1057/1057 1056/1056/1056
f 1055/1055/1055 1058/1058/1058 1057/1057/1057
f 1059/1059/1059 1061/1061/1061 1060/1060/1060
f 1059/1059/1059 1062/1062/1062 1061/1061/1061
f 1063/1063/1063 1065/1065/1065 1064/1064/1064
f 1063/1063/1063 1066/1066/1066 1065/1065/1065
f 1067/1067/1067 1069/1069/1069 1068/1068/1068
f 1067/1067/1067 1070/1070/1070 1069/1069/1069
f 1071/1071/1071 1073/1073/1073 1072/1072/1072
f 1071/1071/1071 1074/1074/1074 1073/1073/1073
f 1075/1075/1075 1077/1077/1077 1076/1076/1076
f 1075/1075/1075 1078/1078/1078 1077/1077/1077
f 1079/1079/1079 1081/1081/1081 1080/1080/1080
f 1079/1079/1079 1082/1082/1082 1081/1081/1081
f 1083/1083/1083 1085/1085/1085 1084/1084/1084
f 1083/1083/1083 1086/1086/1086 1085/1085/1085
f 1087/1087/1087 1089/1089/1089 1088/1088/1088
f 1087/1087/1087 1090/1090/1090 1089/1089/1089
f 1091/1091/1091 1093/1093/1093 1092/1092/1092
f 1091/1091/1091 1094/1094/1094 1093/1093/1093
f 1095/1095/1095 1097/1097/1097 1096/1096/1096
f 1095/1095/1095 1098/1098/1098 1097/1097/1097
f 1099/1099/1099 1101/1101/1101 1100/1100/1100
f 1099/1099/1099 1102/1102/1102 1101/1101/1101
f 1103/1103/1103 1101/1101/1101 1102/1102/1102
f 1103/1103/1103 1102/1102/1102 1104/1104/1104
f 1104/1104/1104 1105/1105/1105 1103/1103/1103
f 1104/1104/1104 1106/1106/1106 1105/1105/1105
f 1107/1107/1107 1109/1109/1109 1108/1108/1108
f 1107/1107/1107 1110/1110/1110 1109/1109/1109
f 1111/1111/1111 1113/1113/1113 1112/1112/1112
f 1111/1111/1111 1114/1114/1114 1113/1113/1113
f 1115/1115/1115 1117/1117/1117 1116/1116/1116
f 1115/1115/1115 1118/1118/1118 1117/1117/1117
f 1119/1119/1119 1121/1121/1121 1120/1120/1120
f 1119/1119/1119 1122/1122/1122 1121/1121/1121
f 1123/1123/1123 1125/1125/1125 1124/1124/1124
f 1123/1123/1123 1126/1126/1126 1125/1125/1125
f 1127/1127/1127 1129/1129/1129 1128/1128/1128
f 1127/1127/1127 1130/1130/1130 1129/1129/1129
f 1131/1131/1131 1133/1133/1133 1132/1132/1132
f 1131/1131/1131 1134/1134/1134 1133/1133/1133
f 1135/1135/1135 1137/1137/1137 1136/1136/1136
f 1135/1135/1135 1138/1138/1138 1137/1137/1137
f 1139/1139/1139 1141/1141/1141 1140/1140/1140
f 1139/1139/1139 1142/1142/1142 1141/1141/1141
f 1143/1143/1143 1145/1145/1145 1144/1144/1144
f 1143/1143/1143 1146/1146/1146 1145/1145/1145
f 1147/1147/1147 1149/1149/1149 1148/1148/1148
f 1147/1147/1147 1150/1150/1150 1149/1149/1149
f 1151/1151/1151 1153/1153/1153 1152/1152/1152
f 1151/1151/1151 1154/1154/1154 1153/1153/1153
f 1155/1155/1155 1157/1157/1157 1156/1156/1156
f 1155/1155/1155 1158/1158/1158 1157/1157/1157
f 1159/1159/1159 1161/1161/1161 1160/1160/1160
f 1159/1159/1159 1162/1162/1162 1161/1161/1161
f 1163/1163/1163 1165/1165/1165 1164/1164/1164
f 1163/1163/1163 1166/1166/1166 1165/1165/1165
f 1167/1167/1167 1169/1169/1169 1168/1168/1168
f 1167/1167/1167 1170/1170/1170 1169/1169/1169
f 1171/1171/1171 1173/1173/1173 1172/1172/1172
f 1171/1171/1171 1174/1174/1174 1173/1173/1173
f 1175/1175/1175 1177/1177/1177 1176/1176/1176
f 1175/1175/1175 1178/1178/1178 1177/1177/1177
f 1179/1179/1179 1181/1181/1181 1180/1180/1180
f 1179/1179/1179 1182/1182/1182 1181/1181/1181
f 1183/1183/1183 1181/1181/1181 1182/1182/1182
f 1183/1183/1183 1182/1182/1182 1184/1184/1184
f 1184/1184/1184 1185/1185/1185 1183/1183/1183
f 1184/1184/1184 1186/1186/1186 1185/1185/1185
f 1187/1187/1187 1189/1189/1189 1188/1188/1188
f 1187/1187/1187 1190/1190/1190 1189/1189/1189
f 1191/1191/1191 1193/1193/1193 1192/1192/1192
f 1191/1191/1191 1194/1194/1194 1193/1193/1193
f 1195/1195/1195 1197/1197/1197 1196/1196/1196
f 1195/1195/1195 1198/1198/1198 1197/1197/1197
f 1199/1199/1199 1201/1201/1201 1200/1200/1200
f 1199/1199/1199 1202/1202/1202 1201/1201/1201
f 1203/1203/1203 1205/1205/1205 1204/1204/1204
f 1203/1203/1203 1206/1206/1206 1205/1205/1205
f 1207/1207/1207 1209/1209/1209 1208/1208/1208
f 1207/1207/1207 1210/1210/1210 1209/1209/1209
f 1211/1211/1211 1213/1213/1213 1212/1212/1212
f 1211/1211/1211 1214/1214/1214 1213/1213/1213
f 1215/1215/1215 1217/1217/1217 1216/1216/1216
f 1215/1215/1215 1218/1218/1218 1217/1217/1217
f 1219/1219/1219 1221/1221/1221 1220/1220/1220
f 1219/1219/1219 1222/1222/1222 1221/1221/1221
f 1223/1223/1223 1225/1225/1225 1224/1224/1224
f 1223/1223/1223 1226/1226/1226 1225/1225/1225
f 1227/1227/1227 1229/1229/1229 1228/1228/1228
f 1227/1227/1227 1230/1230/1230 1229/1229/1229
f 1231/1231/1231 1233/1233/1233 1232/1232/1232
f 1231/1231/1231 1234/1234/1234 1233/1233/1233
f 1235/1235/1235 1237/1237/1237 1236/1236/1236
f 1235/1235/1235 1238/1238/1238 1237/1237/1237
f 1239/1239/1239 1241/1241/1241 1240/1240/1240
f 1239/1239/1239 1242/1242/1242 1241/1241/1241
f 1243/1243/1243 1245/1245/1245 1244/1244/1244
f 1243/1243/1243 1246/1246/1246 1245/1245/1245
f 1247/1247/1247 1249/1249/1249 1248/1248/1248
f 1247/1247/1247 1250/1250/1250 1249/1249/1249
f 1251/1251/1251 1253/1253/1253 1252/1252/1252
f 1251/1251/1251 1254/1254/1254 1253/1253/1253
f 1255/1255/1255 1257/1257/1257 1256/1256/1256
f 1255/1255/1255 1258/1258/1258 1257/1257/1257
f 1259/1259/1259 1261/1261/1261 1260/1260/1260
f 1259/1259/1259 1262/1262/1262 1261/1261/1261
f 1263/1263/1263 1265/1265/1265 1264/1264/1264
f 1263/1263/1263 1266/1266/1266 1265/1265/1265
f 1267/1267/1267 1269/1269/1269 1268/1268/1268
f 1267/1267/1267 1270/1270/1270 1269/1269/1269
f 1271/1271/1271 1273/1273/1273 1272/1272/1272
f 1271/1271/1271 1274/1274/1274 1273/1273/1273
f 1275/1275/1275 1277/1277/1277 1276/1276/1276
f 1275/1275/1275 1278/1278/1278 1277/1277/1277
f 1279/1279/1279 1281/1281/1281 1280/1280/1280
f 1279/1279/1279 1282/1282/1282 1281/1281/1281
f 1283/1283/1283 1285/1285/1285 1284/1284/1284
f 1283/1283/1283 1286/1286/1286 1285/1285/1285
f 1287/1287/1287 1289/1289/1289 1288/1288/1288
f 1287/1287/1287 1290/1290/1290 1289/1289/1289
f 1291/1291/1291 1293/1293/1293 1292/1292/1292
f 1291/1291/1291 1294/1294/1294 1293/1293/1293
f 1295/1295/1295 1297/1297/1297 1296/1296/1296
f 1295/1295/1295 1298/1298/1298 1297/1297/1297
f 1299/1299/1299 1301/1301/1301 1300/1300/1300
f 1299/1299/1299 1302/1302/1302 1301/1301/1301
f 1303/1303/1303 1305/1305/1305 1304/1304/1304
f 1303/1303/1303 1306/1306/1306 1305/1305/1305
f 1307/1307/1307 1309/1309/1309 1308/1308/1308
f 1307/1307/1307 1310/1310/1310 1309/1309/1309
f 1311/1311/1311 1313/1313/1313 1312/1312/1312
f 1311/1311/1311 1314/1314/1314 1313/1313/1313
f 1315/1315/1315 1317/1317/1317 1316/1316/1316
f 1315/1315/1315 1318/1318/1318 1317/1317/1317
f 1319/1319/1319 1321/1321/1321 1320/1320/1320
f 1319/1319/1319 1322/1322/1322 1321/1321/1321
f 1323/1323/1323 1325/1325/1325 1324/1324/1324
f 1323/1323/1323 1326/1326/1326 1325/1325/1325
f 1327/1327/1327 1329/1329/1329 1328/1328/1328
f 1327/1327/1327 1330/1330/1330 1329/1329/1329
f 1331/1331/1331 1333/1333/1333 1332/1332/1332
f 1331/1331/1331 1334/1334/1334 1333/1333/1333
f 1335/1335/1335 1337/1337/1337 1336/1336/1336
f 1335/1335/1335 1338/1338/1338 1337/1337/1337
f 1339/1339/1339 1341/1341/1341 1340/1340/1340
f 1339/1339/1339 1342/1342/1342 1341/1341/1341
f 1343/1343/1343 1345/1345/1345 1344/1344/1344
f 1343/1343/1343 1346/1346/1346 1345/1345/1345
f 1347/1347/1347 1349/1349/1349 1348/1348/1348
f 1347/1347/1347 1350/1350/1350 1349/1349/1349
f 1351/1351/1351 1353/1353/1353 1352/1352/1352
f 1351/1351/1351 1354/1354/1354 1353/1353/1353
f 1355/1355/1355 1357/1357/1357 1356/1356/1356
f 1355/1355/1355 1358/1358/1358 1357/1357/1357
f 1359/1359/1359 1361/1361/1361 1360/1360/1360
f 1359/1359/1359 1362/1362/1362 1361/1361/1361
f 1363/1363/1363 1365/1365/1365 1364/1364/1364
f 1363/1363/1363 1366/1366/1366 1365/1365/1365
f 1367/1367/1367 1369/1369/1369 1368/1368/1368
f 1367/1367/1367 1370/1370/1370 1369/1369/1369
f 1371/1371/1371 1373/1373/1373 1372/1372/1372
f 1371/1371/1371 1374/1374/1374 1373/1373/1373
f 1375/1375/1375 1377/1377/1377 1376/1376/1376
f 1375/1375/1375 1378/1378/1378 1377/1377/1377
f 1379/1379/1379 1381/1381/1381 1380/1380/1380
f 1379/1379/1379 1382/1382/1382 1381/1381/1381
f 1383/1383/1383 1385/1385/1385 1384/1384/1384
f 1383/1383/1383 1386/1386/1386 1385/1385/1385
f 1387/1387/1387 1389/1389/1389 1388/1388/1388
f 1387/1387/1387 1390/1390/1390 1389/1389/1389
f 1391/1391/1391 1393/1393/1393 1392/1392/1392
f 1391/1391/1391 1394/1394/1394 1393/1393/1393
f 1395/1395/1395 1397/1397/1397 1396/1396/1396
f 1395/1395/1395 1396/1396/1396 1398/1398/1398
f 1399/1399/1399 1395/1395/1395 1398/1398/1398
f 1399/1399/1399 1400/1400/1400 1395/1395/1395
f 1401/1401/1401 1400/1400/1400 1399/1399/1399
f 1401/1401/1401 1402/1402/1402 1400/1400/1400
f 1403/1403/1403 1402/1402/1402 1401/1401/1401
f 1403/1403/1403 1404/1404/1404 1402/1402/1402
f 1405/1405/1405 1404/1404/1404 1403/1403/1403
f 1405/1405/1405 1403/1403/1403 1406/1406/1406
f 1407/1407/1407 1409/1409/1409 1408/1408/1408
f 1407/1407/1407 1410/1410/1410 1409/1409/1409
f 1411/1411/1411 1410/1410/1410 1407/1407/1407
f 1410/1410/1410 1411/1411/1411 1412/1412/1412
f 1412/1412/1412 1411/1411/1411 1413/1413/1413
f 1413/1413/1413 1411/1411/1411 1414/1414/1414
f 1414/1414/1414 1411/1411/1411 1415/1415/1415
f 1415/1415/1415 1411/1411/1411 1416/1416/1416
f 1416/1416/1416 1411/1411/1411 1417/1417/1417
f 1416/1416/1416 1417/1417/1417 1418/1418/1418
f 1419/1419/1419 1421/1421/1421 1420/1420/1420
f 1419/1419/1419 1422/1422/1422 1421/1421/1421
f 1423/1423/1423 1425/1425/1425 1424/1424/1424
f 1423/1423/1423 1426/1426/1426 1425/1425/1425
f 1427/1427/1427 1429/1429/1429 1428/1428/1428
f 1427/1427/1427 1430/1430/1430 1429/1429/1429
f 1427/1427/1427 1431/1431/1431 1430/1430/1430
f 1427/1427/1427 1432/1432/1432 1431/1431/1431
f 1432/1432/1432 1433/1433/1433 1431/1431/1431
f 1432/1432/1432 1434/1434/1434 1433/1433/1433
f 1434/1434/1434 1435/1435/1435 1433/1433/1433
f 1434/1434/1434 1436/1436/1436 1435/1435/1435
f 1436/1436/1436 1437/1437/1437 1435/1435/1435
f 1436/1436/1436 1438/1438/1438 1437/1437/1437
f 1438/1438/1438 1439/1439/1439 1437/1437/1437
f 1438/1438/1438 1440/1440/1440 1439/1439/1439
f 1439/1439/1439 1440/1440/1440 1441/1441/1441
f 1439/1439/1439 1441/1441/1441 1442/1442/1442
f 1443/1443/1443 1445/1445/1445 1444/1444/1444
f 1443/1443/1443 1446/1446/1446 1445/1445/1445
f 1446/1446/1446 1447/1447/1447 1445/1445/1445
f 1446/1446/1446 1448/1448/1448 1447/1447/1447
f 1449/1449/1449 1451/1451/1451 1450/1450/1450
f 1449/1449/1449 1450/1450/1450 1452/1452/1452
f 1453/1453/1453 1449/1449/1449 1452/1452/1452
f 1453/1453/1453 1452/1452/1452 1454/1454/1454
f 1455/1455/1455 1457/1457/1457 1456/1456/1456
f 1455/1455/1455 1456/1456/1456 1458/1458/1458
f 1459/1459/1459 1455/1455/1455 1458/1458/1458
f 1459/1459/1459 1458/1458/1458 1460/1460/1460
f 1461/1461/1461 1463/1463/1463 1462/1462/1462
f 1461/1461/1461 1462/1462/1462 1464/1464/1464
f 1465/1465/1465 1461/1461/1461 1464/1464/1464
f 1465/1465/1465 1464/1464/1464 1466/1466/1466
f 1467/1467/1467 1469/1469/1469 1468/1468/1468
f 1467/1467/1467 1470/1470/1470 1469/1469/1469
f 1471/1471/1471 1470/1470/1470 1467/1467/1467
f 1471/1471/1471 1467/1467/1467 1472/1472/1472
f 1473/1473/1473 1471/1471/1471 1472/1472/1472
f 1473/1473/1473 1472/1472/1472 1474/1474/1474
f 1475/1475/1475 1473/1473/1473 1474/1474/1474
f 1475/1475/1475 1474/1474/1474 1476/1476/1476
f 1477/1477/1477 1475/1475/1475 1476/1476/1476
f 1477/1477/1477 1476/1476/1476 1478/1478/1478
f 1479/1479/1479 1477/1477/1477 1478/1478/1478
f 1479/1479/1479 1478/1478/1478 1480/1480/1480
f 1479/1479/1479 1480/1480/1480 1481/1481/1481
f 1479/1479/1479 1481/1481/1481 1482/1482/1482
f 1483/1483/1483 1485/1485/1485 1484/1484/1484
f 1483/1483/1483 1486/1486/1486 1485/1485/1485
f 1487/1487/1487 1489/1489/1489 1488/1488/1488
f 1487/1487/1487 1488/1488/1488 1490/1490/1490
f 1491/1491/1491 1487/1487/1487 1490/1490/1490
f 1491/1491/1491 1490/1490/1490 1492/1492/1492
f 1493/1493/1493 1495/1495/1495 1494/1494/1494
f 1493/1493/1493 1496/1496/1496 1495/1495/1495
f 1496/1496/1496 1497/1497/1497 1495/1495/1495
f 1498/1498/1498 1496/1496/1496 1493/1493/1493
f 1496/1496/1496 1499/1499/1499 1497/1497/1497
f 1496/1496/1496 1498/1498/1498 1500/1500/1500
f 1500/1500/1500 1498/1498/1498 1501/1501/1501
f 1500/1500/1500 1501/1501/1501 1502/1502/1502
f 1500/1500/1500 1502/1502/1502 1503/1503/1503
f 1504/1504/1504 1499/1499/1499 1496/1496/1496
f 1496/1496/1496 1500/1500/1500 1504/1504/1504
f 1499/1499/1499 1504/1504/1504 1505/1505/1505
f 1500/1500/1500 1503/1503/1503 1506/1506/1506
f 1506/1506/1506 1504/1504/1504 1500/1500/1500
f 1506/1506/1506 1503/1503/1503 1507/1507/1507
f 1505/1505/1505 1504/1504/1504 1508/1508/1508
f 1504/1504/1504 1506/1506/1506 1508/1508/1508
f 1506/1506/1506 1507/1507/1507 1509/1509/1509
f 1508/1508/1508 1506/1506/1506 1509/1509/1509
f 1509/1509/1509 1507/1507/1507 1510/1510/1510
f 1509/1509/1509 1510/1510/1510 1508/1508/1508
f 1505/1505/1505 1508/1508/1508 1510/1510/1510
f 1505/1505/1505 1510/1510/1510 1511/1511/1511
f 1512/1512/1512 1514/1514/1514 1513/1513/1513
f 1512/1512/1512 1515/1515/1515 1514/1514/1514
f 1516/1516/1516 1518/1518/1518 1517/1517/1517
f 1516/1516/1516 1519/1519/1519 1518/1518/1518
f 1520/1520/1520 1522/1522/1522 1521/1521/1521
f 1520/1520/1520 1523/1523/1523 1522/1522/1522
f 1524/1524/1524 1526/1526/1526 1525/1525/1525
f 1524/1524/1524 1527/1527/1527 1526/1526/1526
f 1528/1528/1528 1530/1530/1530 1529/1529/1529
f 1528/1528/1528 1531/1531/1531 1530/1530/1530
f 1532/1532/1532 1534/1534/1534 1533/1533/1533
f 1532/1532/1532 1535/1535/1535 1534/1534/1534
f 1536/1536/1536 1538/1538/1538 1537/1537/1537
f 1536/1536/1536 1539/1539/1539 1538/1538/1538
f 1540/1540/1540 1542/1542/1542 1541/1541/1541
f 1540/1540/1540 1543/1543/1543 1542/1542/1542
f 1544/1544/1544 1546/1546/1546 1545/1545/1545
f 1544/1544/1544 1547/1547/1547 1546/1546/1546
f 1548/1548/1548 1550/1550/1550 1549/1549/1549
f 1548/1548/1548 1551/1551/1551 1550/1550/1550
f 1551/1551/1551 1552/1552/1552 1550/1550/1550
f 1551/1551/1551 1553/1553/1553 1552/1552/1552
f 1553/1553/1553 1554/1554/1554 1552/1552/1552
f 1553/1553/1553 1555/1555/1555 1554/1554/1554
f 1555/1555/1555 1556/1556/1556 1554/1554/1554
f 1555/1555/1555 1557/1557/1557 1556/1556/1556
f 1558/1558/1558 1560/1560/1560 1559/1559/1559
f 1558/1558/1558 1561/1561/1561 1560/1560/1560
f 1561/1561/1561 1562/1562/1562 1560/1560/1560
f 1561/1561/1561 1563/1563/1563 1562/1562/1562
f 1563/1563/1563 1564/1564/1564 1562/1562/1562
f 1563/1563/1563 1565/1565/1565 1564/1564/1564
f 1565/1565/1565 1566/1566/1566 1564/1564/1564
f 1565/1565/1565 1567/1567/1567 1566/1566/1566
f 1568/1568/1568 1570/1570/1570 1569/1569/1569
f 1568/1568/1568 1571/1571/1571 1570/1570/1570
f 1572/1572/1572 1574/1574/1574 1573/1573/1573
f 1572/1572/1572 1575/1575/1575 1574/1574/1574
f 1576/1576/1576 1578/1578/1578 1577/1577/1577
f 1576/1576/1576 1579/1579/1579 1578/1578/1578
f 1580/1580/1580 1582/1582/1582 1581/1581/1581
f 1580/1580/1580 1583/1583/1583 1582/1582/1582
f 1584/1584/1584 1586/1586/1586 1585/1585/1585
f 1584/1584/1584 1587/1587/1587 1586/1586/1586
f 1588/1588/1588 1590/1590/1590 1589/1589/1589
f 1588/1588/1588 1591/1591/1591 1590/1590/1590
f 1592/1592/1592 1594/1594/1594 1593/1593/1593
f 1592/1592/1592 1595/1595/1595 1594/1594/1594
f 1596/1596/1596 1598/1598/1598 1597/1597/1597
f 1596/1596/1596 1599/1599/1599 1598/1598/1598
f 1600/1600/1600 1602/1602/1602 1601/1601/1601
f 1600/1600/1600 1603/1603/1603 1602/1602/1602
f 1604/1604/1604 1606/1606/1606 1605/1605/1605
f 1604/1604/1604 1607/1607/1607 1606/1606/1606
f 1608/1608/1608 1610/1610/1610 1609/1609/1609
f 1608/1608/1608 1611/1611/1611 1610/1610/1610
f 1612/1612/1612 1614/1614/1614 1613/1613/1613
f 1612/1612/1612 1615/1615/1615 1614/1614/1614
f 1616/1616/1616 1618/1618/1618 1617/1617/1617
f 1616/1616/1616 1619/1619/1619 1618/1618/1618
f 1620/1620/1620 1622/1622/1622 1621/1621/1621
f 1620/1620/1620 1623/1623/1623 1622/1622/1622
f 1624/1624/1624 1626/1626/1626 1625/1625/1625
f 1624/1624/1624 1627/1627/1627 1626/1626/1626
f 1628/1628/1628 1630/1630/1630 1629/1629/1629
f 1628/1628/1628 1631/1631/1631 1630/1630/1630
f 1632/1632/1632 1634/1634/1634 1633/1633/1633
f 1632/1632/1632 1635/1635/1635 1634/1634/1634
f 1636/1636/1636 1638/1638/1638 1637/1637/1637
f 1636/1636/1636 1639/1639/1639 1638/1638/1638
f 1640/1640/1640 1642/1642/1642 1641/1641/1641
f 1640/1640/1640 1643/1643/1643 1642/1642/1642
f 1644/1644/1644 1646/1646/1646 1645/1645/1645
f 1644/1644/1644 1647/1647/1647 1646/1646/1646
f 1648/1648/1648 1650/1650/1650 1649/1649/1649
f 1648/1648/1648 1651/1651/1651 1650/1650/1650
f 1652/1652/1652 1654/1654/1654 1653/1653/1653
f 1652/1652/1652 1653/1653/1653 1655/1655/1655
f 1656/1656/1656 1652/1652/1652 1655/1655/1655
f 1656/1656/1656 1655/1655/1655 1657/1657/1657
f 1658/1658/1658 1660/1660/1660 1659/1659/1659
f 1658/1658/1658 1659/1659/1659 1661/1661/1661
f 1658/1658/1658 1661/1661/1661 1662/1662/1662
f 1663/1663/1663 1658/1658/1658 1662/1662/1662
f 1663/1663/1663 1662/1662/1662 1664/1664/1664
f 1665/1665/1665 1667/1667/1667 1666/1666/1666
f 1665/1665/1665 1666/1666/1666 1668/1668/1668
f 1665/1665/1665 1668/1668/1668 1669/1669/1669
f 1670/1670/1670 1665/1665/1665 1669/1669/1669
f 1670/1670/1670 1669/1669/1669 1671/1671/1671
f 1672/1672/1672 1674/1674/1674 1673/1673/1673
f 1672/1672/1672 1675/1675/1675 1674/1674/1674
f 1675/1675/1675 1676/1676/1676 1674/1674/1674
f 1675/1675/1675 1677/1677/1677 1676/1676/1676
f 1678/1678/1678 1680/1680/1680 1679/1679/1679
f 1678/1678/1678 1681/1681/1681 1680/1680/1680
f 1681/1681/1681 1682/1682/1682 1680/1680/1680
f 1681/1681/1681 1683/1683/1683 1682/1682/1682
f 1681/1681/1681 1684/1684/1684 1683/1683/1683
f 1685/1685/1685 1687/1687/1687 1686/1686/1686
f 1685/1685/1685 1688/1688/1688 1687/1687/1687
f 1689/1689/1689 1691/1691/1691 1690/1690/1690
f 1689/1689/1689 1692/1692/1692 1691/1691/1691
f 1692/1692/1692 1693/1693/1693 1691/1691/1691
f 1692/1692/1692 1694/1694/1694 1693/1693/1693
f 1695/1695/1695 1697/1697/1697 1696/1696/1696
f 1695/1695/1695 1698/1698/1698 1697/1697/1697
f 1698/1698/1698 1699/1699/1699 1697/1697/1697
f 1698/1698/1698 1700/1700/1700 1699/1699/1699
f 1698/1698/1698 1701/1701/1701 1700/1700/1700
f 1702/1702/1702 1704/1704/1704 1703/1703/1703
f 1702/1702/1702 1705/1705/1705 1704/1704/1704
f 1706/1706/1706 1708/1708/1708 1707/1707/1707
f 1706/1706/1706 1709/1709/1709 1708/1708/1708
f 1709/1709/1709 1710/1710/1710 1708/1708/1708
f 1709/1709/1709 1711/1711/1711 1710/1710/1710
f 1712/1712/1712 1714/1714/1714 1713/1713/1713
f 1712/1712/1712 1715/1715/1715 1714/1714/1714
f 1716/1716/1716 1718/1718/1718 1717/1717/1717
f 1716/1716/1716 1719/1719/1719 1718/1718/1718
f 1720/1720/1720 1722/1722/1722 1721/1721/1721
f 1720/1720/1720 1723/1723/1723 1722/1722/1722
f 1724/1724/1724 1726/1726/1726 1725/1725/1725
f 1724/1724/1724 1727/1727/1727 1726/1726/1726
f 1728/1728/1728 1730/1730/1730 1729/1729/1729
f 1728/1728/1728 1731/1731/1731 1730/1730/1730
f 1732/1732/1732 1734/1734/1734 1733/1733/1733
f 1732/1732/1732 1735/1735/1735 1734/1734/1734
f 1736/1736/1736 1738/1738/1738 1737/1737/1737
f 1736/1736/1736 1739/1739/1739 1738/1738/1738
f 1740/1740/1740 1742/1742/1742 1741/1741/1741
f 1740/1740/1740 1743/1743/1743 1742/1742/1742
f 1744/1744/1744 1746/1746/1746 1745/1745/1745
f 1744/1744/1744 1747/1747/1747 1746/1746/1746
f 1748/1748/1748 1750/1750/1750 1749/1749/1749
f 1748/1748/1748 1751/1751/1751 1750/1750/1750
f 1752/1752/1752 1754/1754/1754 1753/1753/1753
f 1752/1752/1752 1755/1755/1755 1754/1754/1754
f 1756/1756/1756 1758/1758/1758 1757/1757/1757
f 1756/1756/1756 1759/1759/1759 1758/1758/1758
f 1760/1760/1760 1762/1762/1762 1761/1761/1761
f 1760/1760/1760 1763/1763/1763 1762/1762/1762
f 1764/1764/1764 1762/1762/1762 1763/1763/1763
f 1764/1764/1764 1763/1763/1763 1765/1765/1765
f 1765/1765/1765 1766/1766/1766 1764/1764/1764
f 1765/1765/1765 1767/1767/1767 1766/1766/1766
f 1768/1768/1768 1770/1770/1770 1769/1769/1769
f 1768/1768/1768 1771/1771/1771 1770/1770/1770
f 1772/1772/1772 1774/1774/1774 1773/1773/1773
f 1772/1772/1772 1775/1775/1775 1774/1774/1774
f 1776/1776/1776 1778/1778/1778 1777/1777/1777
f 1776/1776/1776 1779/1779/1779 1778/1778/1778
f 1780/1780/1780 1782/1782/1782 1781/1781/1781
f 1780/1780/1780 1783/1783/1783 1782/1782/1782
f 1784/1784/1784 1786/1786/1786 1785/1785/1785
f 1784/1784/1784 1787/1787/1787 1786/1786/1786
f 1788/1788/1788 1790/1790/1790 1789/1789/1789
f 1788/1788/1788 1791/1791/1791 1790/1790/1790
f 1792/1792/1792 1794/1794/1794 1793/1793/1793
f 1792/1792/1792 1795/1795/1795 1794/1794/1794
f 1796/1796/1796 1798/1798/1798 1797/1797/1797
f 1796/1796/1796 1799/1799/1799 1798/1798/1798
f 1800/1800/1800 1802/1802/1802 1801/1801/1801
f 1800/1800/1800 1803/1803/1803 1802/1802/1802
f 1804/1804/1804 1806/1806/1806 1805/1805/1805
f 1804/1804/1804 1807/1807/1807 1806/1806/1806
f 1808/1808/1808 1810/1810/1810 1809/1809/1809
f 1808/1808/1808 1811/1811/1811 1810/1810/1810
f 1812/1812/1812 1814/1814/1814 1813/1813/1813
f 1812/1812/1812 1813/1813/1813 1815/1815/1815
f 1815/1815/1815 1816/1816/1816 1812/1812/1812
f 1815/1815/1815 1817/1817/1817 1816/1816/1816
f 1818/1818/1818 1816/1816/1816 1817/1817/1817
f 1818/1818/1818 1817/1817/1817 1819/1819/1819
f 1820/1820/1820 1822/1822/1822 1821/1821/1821
f 1820/1820/1820 1823/1823/1823 1822/1822/1822
f 1824/1824/1824 1826/1826/1826 1825/1825/1825
f 1824/1824/1824 1827/1827/1827 1826/1826/1826
f 1828/1828/1828 1830/1830/1830 1829/1829/1829
f 1828/1828/1828 1831/1831/1831 1830/1830/1830
f 1832/1832/1832 1834/1834/1834 1833/1833/1833
f 1832/1832/1832 1833/1833/1833 1835/1835/1835
f 1835/1835/1835 1836/1836/1836 1832/1832/1832
f 1835/1835/1835 1837/1837/1837 1836/1836/1836
f 1838/1838/1838 1836/1836/1836 1837/1837/1837
f 1838/1838/1838 1837/1837/1837 1839/1839/1839
f 1840/1840/1840 1842/1842/1842 1841/1841/1841
f 1840/1840/1840 1843/1843/1843 1842/1842/1842
f 1844/1844/1844 1846/1846/1846 1845/1845/1845
f 1844/1844/1844 1847/1847/1847 1846/1846/1846
f 1848/1848/1848 1850/1850/1850 1849/1849/1849
f 1848/1848/1848 1851/1851/1851 1850/1850/1850
f 1852/1852/1852 1854/1854/1854 1853/1853/1853
f 1852/1852/1852 1855/1855/1855 1854/1854/1854
f 1856/1856/1856 1858/1858/1858 1857/1857/1857
f 1856/1856/1856 1859/1859/1859 1858/1858/1858
f 1860/1860/1860 1862/1862/1862 1861/1861/1861
f 1860/1860/1860 1863/1863/1863 1862/1862/1862
f 1864/1864/1864 1866/1866/1866 1865/1865/1865
f 1864/1864/1864 1867/1867/1867 1866/1866/1866
f 1868/1868/1868 1870/1870/1870 1869/1869/1869
f 1868/1868/1868 1871/1871/1871 1870/1870/1870
f 1872/1872/1872 1874/1874/1874 1873/1873/1873
f 1872/1872/1872 1875/1875/1875 1874/1874/1874
f 1876/1876/1876 1878/1878/1878 1877/1877/1877
f 1876/1876/1876 1879/1879/1879 1878/1878/1878
f 1880/1880/1880 1882/1882/1882 1881/1881/1881
f 1880/1880/1880 1883/1883/1883 1882/1882/1882
f 1884/1884/1884 1886/1886/1886 1885/1885/1885
f 1884/1884/1884 1887/1887/1887 1886/1886/1886
f 1888/1888/1888 1890/1890/1890 1889/1889/1889
f 1888/1888/1888 1891/1891/1891 1890/1890/1890
f 1892/1892/1892 1894/1894/1894 1893/1893/1893
f 1892/1892/1892 1895/1895/1895 1894/1894/1894
f 1896/1896/1896 1898/1898/1898 1897/1897/1897
f 1896/1896/1896 1897/1897/1897 1899/1899/1899
f 1899/1899/1899 1900/1900/1900 1896/1896/1896
f 1899/1899/1899 1901/1901/1901 1900/1900/1900
f 1902/1902/1902 1900/1900/1900 1901/1901/1901
f 1902/1902/1902 1901/1901/1901 1903/1903/1903
f 1904/1904/1904 1906/1906/1906 1905/1905/1905
f 1904/1904/1904 1907/1907/1907 1906/1906/1906
f 1908/1908/1908 1910/1910/1910 1909/1909/1909
f 1908/1908/1908 1911/1911/1911 1910/1910/1910
f 1912/1912/1912 1914/1914/1914 1913/1913/1913
f 1912/1912/1912 1915/1915/1915 1914/1914/1914
f 1916/1916/1916 1918/1918/1918 1917/1917/1917
f 1916/1916/1916 1919/1919/1919 1918/1918/1918
f 1920/1920/1920 1922/1922/1922 1921/1921/1921
f 1920/1920/1920 1923/1923/1923 1922/1922/1922
f 1924/1924/1924 1926/1926/1926 1925/1925/1925
f 1924/1924/1924 1927/1927/1927 1926/1926/1926
f 1928/1928/1928 1930/1930/1930 1929/1929/1929
f 1928/1928/1928 1931/1931/1931 1930/1930/1930
f 1932/1932/1932 1934/1934/1934 1933/1933/1933
f 1932/1932/1932 1935/1935/1935 1934/1934/1934
f 1936/1936/1936 1938/1938/1938 1937/1937/1937
f 1936/1936/1936 1939/1939/1939 1938/1938/1938
f 1940/1940/1940 1942/1942/1942 1941/1941/1941
f 1940/1940/1940 1943/1943/1943 1942/1942/1942
f 1944/1944/1944 1946/1946/1946 1945/1945/1945
f 1944/1944/1944 1947/1947/1947 1946/1946/1946
f 1948/1948/1948 1950/1950/1950 1949/1949/1949
f 1948/1948/1948 1951/1951/1951 1950/1950/1950
f 1952/1952/1952 1954/1954/1954 1953/1953/1953
f 1952/1952/1952 1955/1955/1955 1954/1954/1954
f 1956/1956/1956 1958/1958/1958 1957/1957/1957
f 1956/1956/1956 1959/1959/1959 1958/1958/1958
f 1960/1960/1960 1962/1962/1962 1961/1961/1961
f 1960/1960/1960 1963/1963/1963 1962/1962/1962
f 1964/1964/1964 1966/1966/1966 1965/1965/1965
f 1964/1964/1964 1967/1967/1967 1966/1966/1966
f 1968/1968/1968 1970/1970/1970 1969/1969/1969
f 1968/1968/1968 1971/1971/1971 1970/1970/1970
f 1972/1972/1972 1974/1974/1974 1973/1973/1973
f 1972/1972/1972 1975/1975/1975 1974/1974/1974
f 1976/1976/1976 1978/1978/1978 1977/1977/1977
f 1976/1976/1976 1979/1979/1979 1978/1978/1978
f 1980/1980/1980 1982/1982/1982 1981/1981/1981
f 1980/1980/1980 1983/1983/1983 1982/1982/1982
f 1984/1984/1984 1986/1986/1986 1985/1985/1985
f 1984/1984/1984 1987/1987/1987 1986/1986/1986
f 1988/1988/1988 1990/1990/1990 1989/1989/1989
f 1988/1988/1988 1991/1991/1991 1990/1990/1990
f 1992/1992/1992 1994/1994/1994 1993/1993/1993
f 1992/1992/1992 1995/1995/1995 1994/1994/1994
f 1996/1996/1996 1998/1998/1998 1997/1997/1997
f 1996/1996/1996 1999/1999/1999 1998/1998/1998
f 2000/2000/2000 2002/2002/2002 2001/2001/2001
f 2000/2000/2000 2003/2003/2003 2002/2002/2002
f 2004/2004/2004 2006/2006/2006 2005/2005/2005
f 2004/2004/2004 2007/2007/2007 2006/2006/2006
f 2008/2008/2008 2010/2010/2010 2009/2009/2009
f 2008/2008/2008 2011/2011/2011 2010/2010/2010
f 2012/2012/2012 2014/2014/2014 2013/2013/2013
f 2012/2012/2012 2015/2015/2015 2014/2014/2014
f 2016/2016/2016 2018/2018/2018 2017/2017/2017
f 2016/2016/2016 2019/2019/2019 2018/2018/2018
f 2020/2020/2020 2022/2022/2022 2021/2021/2021
f 2020/2020/2020 2023/2023/2023 2022/2022/2022
f 2024/2024/2024 2026/2026/2026 2025/2025/2025
f 2024/2024/2024 2027/2027/2027 2026/2026/2026
f 2028/2028/2028 2030/2030/2030 2029/2029/2029
f 2028/2028/2028 2031/2031/2031 2030/2030/2030
f 2032/2032/2032 2034/2034/2034 2033/2033/2033
f 2032/2032/2032 2035/2035/2035 2034/2034/2034
f 2036/2036/2036 2038/2038/2038 2037/2037/2037
f 2036/2036/2036 2039/2039/2039 2038/2038/2038
f 2040/2040/2040 2042/2042/2042 2041/2041/2041
f 2040/2040/2040 2043/2043/2043 2042/2042/2042
f 2044/2044/2044 2046/2046/2046 2045/2045/2045
f 2044/2044/2044 2047/2047/2047 2046/2046/2046
f 2048/2048/2048 2050/2050/2050 2049/2049/2049
f 2048/2048/2048 2051/2051/2051 2050/2050/2050
f 2052/2052/2052 2054/2054/2054 2053/2053/2053
f 2052/2052/2052 2055/2055/2055 2054/2054/2054
f 2056/2056/2056 2058/2058/2058 2057/2057/2057
f 2056/2056/2056 2057/2057/2057 2059/2059/2059
f 2060/2060/2060 2056/2056/2056 2059/2059/2059
f 2060/2060/2060 2059/2059/2059 2061/2061/2061
f 2062/2062/2062 2060/2060/2060 2061/2061/2061
f 2062/2062/2062 2061/2061/2061 2063/2063/2063
f 2064/2064/2064 2062/2062/2062 2063/2063/2063
f 2064/2064/2064 2063/2063/2063 2065/2065/2065
f 2066/2066/2066 2068/2068/2068 2067/2067/2067
f 2066/2066/2066 2069/2069/2069 2068/2068/2068
f 2069/2069/2069 2070/2070/2070 2068/2068/2068
f 2069/2069/2069 2071/2071/2071 2070/2070/2070
f 2071/2071/2071 2072/2072/2072 2070/2070/2070
f 2071/2071/2071 2073/2073/2073 2072/2072/2072
f 2073/2073/2073 2074/2074/2074 2072/2072/2072
f 2073/2073/2073 2075/2075/2075 2074/2074/2074
f 2076/2076/2076 2078/2078/2078 2077/2077/2077
f 2076/2076/2076 2079/2079/2079 2078/2078/2078
f 2080/2080/2080 2082/2082/2082 2081/2081/2081
f 2080/2080/2080 2083/2083/2083 2082/2082/2082
f 2084/2084/2084 2086/2086/2086 2085/2085/2085
f 2084/2084/2084 2087/2087/2087 2086/2086/2086
f 2088/2088/2088 2090/2090/2090 2089/2089/2089
f 2088/2088/2088 2091/2091/2091 2090/2090/2090
f 2092/2092/2092 2094/2094/2094 2093/2093/2093
f 2092/2092/2092 2093/2093/2093 2095/2095/2095
f 2096/2096/2096 2092/2092/2092 2095/2095/2095
f 2096/2096/2096 2095/2095/2095 2097/2097/2097
f 2098/2098/2098 2096/2096/2096 2097/2097/2097
f 2098/2098/2098 2097/2097/2097 2099/2099/2099
f 2100/2100/2100 2098/2098/2098 2099/2099/2099
f 2100/2100/2100 2099/2099/2099 2101/2101/2101
f 2102/2102/2102 2104/2104/2104 2103/2103/2103
f 2102/2102/2102 2105/2105/2105 2104/2104/2104
f 2106/2106/2106 2108/2108/2108 2107/2107/2107
f 2106/2106/2106 2109/2109/2109 2108/2108/2108
f 2109/2109/2109 2110/2110/2110 2108/2108/2108
f 2109/2109/2109 2111/2111/2111 2110/2110/2110
f 2111/2111/2111 2112/2112/2112 2110/2110/2110
f 2111/2111/2111 2113/2113/2113 2112/2112/2112
f 2113/2113/2113 2114/2114/2114 2112/2112/2112
f 2113/2113/2113 2115/2115/2115 2114/2114/2114
f 2116/2116/2116 2118/2118/2118 2117/2117/2117
f 2116/2116/2116 2119/2119/2119 2118/2118/2118
f 2120/2120/2120 2122/2122/2122 2121/2121/2121
f 2120/2120/2120 2123/2123/2123 2122/2122/2122
f 2124/2124/2124 2126/2126/2126 2125/2125/2125
f 2124/2124/2124 2127/2127/2127 2126/2126/2126
f 2128/2128/2128 2130/2130/2130 2129/2129/2129
f 2128/2128/2128 2131/2131/2131 2130/2130/2130
f 2132/2132/2132 2134/2134/2134 2133/2133/2133
f 2132/2132/2132 2133/2133/2133 2135/2135/2135
f 2136/2136/2136 2132/2132/2132 2135/2135/2135
f 2136/2136/2136 2135/2135/2135 2137/2137/2137
f 2138/2138/2138 2136/2136/2136 2137/2137/2137
f 2138/2138/2138 2137/2137/2137 2139/2139/2139
f 2140/2140/2140 2138/2138/2138 2139/2139/2139
f 2140/2140/2140 2139/2139/2139 2141/2141/2141
f 2142/2142/2142 2144/2144/2144 2143/2143/2143
f 2142/2142/2142 2145/2145/2145 2144/2144/2144
f 2145/2145/2145 2146/2146/2146 2144/2144/2144
f 2145/2145/2145 2147/2147/2147 2146/2146/2146
f 2147/2147/2147 2148/2148/2148 2146/2146/2146
f 2147/2147/2147 2149/2149/2149 2148/2148/2148
f 2149/2149/2149 2150/2150/2150 2148/2148/2148
f 2149/2149/2149 2151/2151/2151 2150/2150/2150
f 2152/2152/2152 2154/2154/2154 2153/2153/2153
f 2152/2152/2152 2155/2155/2155 2154/2154/2154
f 2156/2156/2156 2158/2158/2158 2157/2157/2157
f 2156/2156/2156 2159/2159/2159 2158/2158/2158
f 2160/2160/2160 2162/2162/2162 2161/2161/2161
f 2160/2160/2160 2163/2163/2163 2162/2162/2162
f 2164/2164/2164 2166/2166/2166 2165/2165/2165
f 2164/2164/2164 2167/2167/2167 2166/2166/2166
f 2168/2168/2168 2170/2170/2170 2169/2169/2169
f 2168/2168/2168 2171/2171/2171 2170/2170/2170
f 2172/2172/2172 2174/2174/2174 2173/2173/2173
f 2172/2172/2172 2175/2175/2175 2174/2174/2174
f 2176/2176/2176 2178/2178/2178 2177/2177/2177
f 2176/2176/2176 2179/2179/2179 2178/2178/2178
f 2180/2180/2180 2182/2182/2182 2181/2181/2181
f 2180/2180/2180 2183/2183/2183 2182/2182/2182
f 2184/2184/2184 2186/2186/2186 2185/2185/2185
f 2184/2184/2184 2187/2187/2187 2186/2186/2186
f 2188/2188/2188 2190/2190/2190 2189/2189/2189
f 2188/2188/2188 2191/2191/2191 2190/2190/2190
f 2192/2192/2192 2194/2194/2194 2193/2193/2193
f 2192/2192/2192 2195/2195/2195 2194/2194/2194
f 2196/2196/2196 2198/2198/2198 2197/2197/2197
f 2196/2196/2196 2199/2199/2199 2198/2198/2198
f 2200/2200/2200 2202/2202/2202 2201/2201/2201
f 2200/2200/2200 2203/2203/2203 2202/2202/2202
f 2204/2204/2204 2206/2206/2206 2205/2205/2205
f 2204/2204/2204 2207/2207/2207 2206/2206/2206
f 2208/2208/2208 2210/2210/2210 2209/2209/2209
f 2208/2208/2208 2211/2211/2211 2210/2210/2210
f 2212/2212/2212 2214/2214/2214 2213/2213/2213
f 2212/2212/2212 2215/2215/2215 2214/2214/2214
f 2216/2216/2216 2218/2218/2218 2217/2217/2217
f 2216/2216/2216 2219/2219/2219 2218/2218/2218
f 2220/2220/2220 2222/2222/2222 2221/2221/2221
f 2220/2220/2220 2223/2223/2223 2222/2222/2222
f 2224/2224/2224 2226/2226/2226 2225/2225/2225
f 2224/2224/2224 2227/2227/2227 2226/2226/2226
f 2228/2228/2228 2230/2230/2230 2229/2229/2229
f 2228/2228/2228 2231/2231/2231 2230/2230/2230
f 2232/2232/2232 2234/2234/2234 2233/2233/2233
f 2232/2232/2232 2235/2235/2235 2234/2234/2234
f 2236/2236/2236 2238/2238/2238 2237/2237/2237
f 2236/2236/2236 2239/2239/2239 2238/2238/2238
f 2240/2240/2240 2242/2242/2242 2241/2241/2241
f 2240/2240/2240 2243/2243/2243 2242/2242/2242
f 2244/2244/2244 2246/2246/2246 2245/2245/2245
f 2244/2244/2244 2247/2247/2247 2246/2246/2246
f 2248/2248/2248 2250/2250/2250 2249/2249/2249
f 2248/2248/2248 2251/2251/2251 2250/2250/2250
f 2252/2252/2252 2254/2254/2254 2253/2253/2253
f 2252/2252/2252 2255/2255/2255 2254/2254/2254
f 2256/2256/2256 2258/2258/2258 2257/2257/2257
f 2256/2256/2256 2259/2259/2259 2258/2258/2258
f 2260/2260/2260 2262/2262/2262 2261/2261/2261
f 2260/2260/2260 2263/2263/2263 2262/2262/2262
f 2264/2264/2264 2266/2266/2266 2265/2265/2265
f 2264/2264/2264 2267/2267/2267 2266/2266/2266
f 2268/2268/2268 2270/2270/2270 2269/2269/2269
f 2268/2268/2268 2271/2271/2271 2270/2270/2270
f 2272/2272/2272 2274/2274/2274 2273/2273/2273
f 2272/2272/2272 2275/2275/2275 2274/2274/2274
f 2276/2276/2276 2278/2278/2278 2277/2277/2277
f 2276/2276/2276 2279/2279/2279 2278/2278/2278
f 2280/2280/2280 2282/2282/2282 2281/2281/2281
f 2280/2280/2280 2283/2283/2283 2282/2282/2282
f 2284/2284/2284 2286/2286/2286 2285/2285/2285
f 2284/2284/2284 2287/2287/2287 2286/2286/2286
f 2288/2288/2288 2290/2290/2290 2289/2289/2289
f 2288/2288/2288 2291/2291/2291 2290/2290/2290
f 2292/2292/2292 2294/2294/2294 2293/2293/2293
f 2292/2292/2292 2295/2295/2295 2294/2294/2294
f 2296/2296/2296 2298/2298/2298 2297/2297/2297
f 2296/2296/2296 2299/2299/2299 2298/2298/2298
f 2300/2300/2300 2302/2302/2302 2301/2301/2301
f 2300/2300/2300 2303/2303/2303 2302/2302/2302
f 2304/2304/2304 2306/2306/2306 2305/2305/2305
f 2304/2304/2304 2307/2307/2307 2306/2306/2306
f 2308/2308/2308 2310/2310/2310 2309/2309/2309
f 2308/2308/2308 2311/2311/2311 2310/2310/2310
f 2312/2312/2312 2314/2314/2314 2313/2313/2313
f 2312/2312/2312 2315/2315/2315 2314/2314/2314
f 2316/2316/2316 2318/2318/2318 2317/2317/2317
f 2316/2316/2316 2319/2319/2319 2318/2318/2318
f 2320/2320/2320 2322/2322/2322 2321/2321/2321
f 2320/2320/2320 2323/2323/2323 2322/2322/2322
f 2324/2324/2324 2326/2326/2326 2325/2325/2325
f 2324/2324/2324 2327/2327/2327 2326/2326/2326
f 2328/2328/2328 2330/2330/2330 2329/2329/2329
f 2328/2328/2328 2329/2329/2329 2331/2331/2331
f 2332/2332/2332 2331/2331/2331 2328/2328/2328
f 2332/2332/2332 2333/2333/2333 2331/2331/2331
f 2334/2334/2334 2332/2332/2332 2333/2333/2333
f 2334/2334/2334 2333/2333/2333 2335/2335/2335
f 2336/2336/2336 2338/2338/2338 2337/2337/2337
f 2336/2336/2336 2339/2339/2339 2338/2338/2338
f 2340/2340/2340 2342/2342/2342 2341/2341/2341
f 2340/2340/2340 2343/2343/2343 2342/2342/2342
f 2344/2344/2344 2346/2346/2346 2345/2345/2345
f 2344/2344/2344 2347/2347/2347 2346/2346/2346
f 2348/2348/2348 2350/2350/2350 2349/2349/2349
f 2348/2348/2348 2351/2351/2351 2350/2350/2350
f 2352/2352/2352 2354/2354/2354 2353/2353/2353
f 2352/2352/2352 2355/2355/2355 2354/2354/2354
f 2356/2356/2356 2358/2358/2358 2357/2357/2357
f 2356/2356/2356 2359/2359/2359 2358/2358/2358
f 2360/2360/2360 2362/2362/2362 2361/2361/2361
f 2360/2360/2360 2363/2363/2363 2362/2362/2362
f 2364/2364/2364 2366/2366/2366 2365/2365/2365
f 2364/2364/2364 2367/2367/2367 2366/2366/2366
f 2368/2368/2368 2370/2370/2370 2369/2369/2369
f 2368/2368/2368 2371/2371/2371 2370/2370/2370
f 2372/2372/2372 2374/2374/2374 2373/2373/2373
f 2372/2372/2372 2375/2375/2375 2374/2374/2374
f 2376/2376/2376 2378/2378/2378 2377/2377/2377
f 2376/2376/2376 2379/2379/2379 2378/2378/2378
f 2380/2380/2380 2382/2382/2382 2381/2381/2381
f 2380/2380/2380 2383/2383/2383 2382/2382/2382
f 2384/2384/2384 2386/2386/2386 2385/2385/2385
f 2384/2384/2384 2387/2387/2387 2386/2386/2386
f 2388/2388/2388 2390/2390/2390 2389/2389/2389
f 2388/2388/2388 2391/2391/2391 2390/2390/2390
f 2392/2392/2392 2394/2394/2394 2393/2393/2393
f 2392/2392/2392 2395/2395/2395 2394/2394/2394
f 2396/2396/2396 2398/2398/2398 2397/2397/2397
f 2396/2396/2396 2399/2399/2399 2398/2398/2398
f 2400/2400/2400 2402/2402/2402 2401/2401/2401
f 2400/2400/2400 2403/2403/2403 2402/2402/2402
f 2404/2404/2404 2406/2406/2406 2405/2405/2405
f 2404/2404/2404 2407/2407/2407 2406/2406/2406
f 2408/2408/2408 2410/2410/2410 2409/2409/2409
f 2408/2408/2408 2411/2411/2411 2410/2410/2410
f 2412/2412/2412 2414/2414/2414 2413/2413/2413
f 2412/2412/2412 2415/2415/2415 2414/2414/2414
f 2416/2416/2416 2418/2418/2418 2417/2417/2417
f 2416/2416/2416 2419/2419/2419 2418/2418/2418
f 2420/2420/2420 2422/2422/2422 2421/2421/2421
f 2420/2420/2420 2423/2423/2423 2422/2422/2422
f 2424/2424/2424 2426/2426/2426 2425/2425/2425
f 2424/2424/2424 2427/2427/2427 2426/2426/2426
f 2428/2428/2428 2430/2430/2430 2429/2429/2429
f 2428/2428/2428 2431/2431/2431 2430/2430/2430
f 2431/2431/2431 2430/2430/2430 2432/2432/2432
f 2431/2431/2431 2432/2432/2432 2433/2433/2433
f 2433/2433/2433 2434/2434/2434 2432/2432/2432
f 2433/2433/2433 2435/2435/2435 2434/2434/2434
f 2436/2436/2436 2438/2438/2438 2437/2437/2437
f 2436/2436/2436 2439/2439/2439 2438/2438/2438
f 2440/2440/2440 2442/2442/2442 2441/2441/2441
f 2440/2440/2440 2443/2443/2443 2442/2442/2442
f 2444/2444/2444 2446/2446/2446 2445/2445/2445
f 2444/2444/2444 2447/2447/2447 2446/2446/2446
f 2448/2448/2448 2450/2450/2450 2449/2449/2449
f 2448/2448/2448 2451/2451/2451 2450/2450/2450
f 2452/2452/2452 2451/2451/2451 2450/2450/2450
f 2452/2452/2452 2453/2453/2453 2451/2451/2451
f 2453/2453/2453 2454/2454/2454 2452/2452/2452
f 2453/2453/2453 2455/2455/2455 2454/2454/2454
f 2456/2456/2456 2458/2458/2458 2457/2457/2457
f 2456/2456/2456 2459/2459/2459 2458/2458/2458
f 2460/2460/2460 2462/2462/2462 2461/2461/2461
f 2460/2460/2460 2463/2463/2463 2462/2462/2462
f 2464/2464/2464 2466/2466/2466 2465/2465/2465
f 2464/2464/2464 2467/2467/2467 2466/2466/2466
f 2468/2468/2468 2470/2470/2470 2469/2469/2469
f 2468/2468/2468 2471/2471/2471 2470/2470/2470
f 2472/2472/2472 2474/2474/2474 2473/2473/2473
f 2472/2472/2472 2475/2475/2475 2474/2474/2474
f 2476/2476/2476 2478/2478/2478 2477/2477/2477
f 2476/2476/2476 2479/2479/2479 2478/2478/2478
f 2480/2480/2480 2482/2482/2482 2481/2481/2481
f 2480/2480/2480 2483/2483/2483 2482/2482/2482
f 2484/2484/2484 2486/2486/2486 2485/2485/2485
f 2484/2484/2484 2487/2487/2487 2486/2486/2486
f 2488/2488/2488 2490/2490/2490 2489/2489/2489
f 2488/2488/2488 2491/2491/2491 2490/2490/2490
f 2492/2492/2492 2494/2494/2494 2493/2493/2493
f 2492/2492/2492 2495/2495/2495 2494/2494/2494
f 2496/2496/2496 2498/2498/2498 2497/2497/2497
f 2496/2496/2496 2499/2499/2499 2498/2498/2498
f 2500/2500/2500 2502/2502/2502 2501/2501/2501
f 2500/2500/2500 2503/2503/2503 2502/2502/2502
f 2504/2504/2504 2506/2506/2506 2505/2505/2505
f 2504/2504/2504 2507/2507/2507 2506/2506/2506
f 2508/2508/2508 2510/2510/2510 2509/2509/2509
f 2508/2508/2508 2511/2511/2511 2510/2510/2510
f 2512/2512/2512 2514/2514/2514 2513/2513/2513
f 2512/2512/2512 2515/2515/2515 2514/2514/2514
f 2516/2516/2516 2518/2518/2518 2517/2517/2517
f 2516/2516/2516 2519/2519/2519 2518/2518/2518
f 2520/2520/2520 2522/2522/2522 2521/2521/2521
f 2520/2520/2520 2523/2523/2523 2522/2522/2522
f 2524/2524/2524 2526/2526/2526 2525/2525/2525
f 2524/2524/2524 2527/2527/2527 2526/2526/2526
f 2528/2528/2528 2530/2530/2530 2529/2529/2529
f 2528/2528/2528 2531/2531/2531 2530/2530/2530
f 2532/2532/2532 2534/2534/2534 2533/2533/2533
f 2532/2532/2532 2535/2535/2535 2534/2534/2534
f 2536/2536/2536 2538/2538/2538 2537/2537/2537
f 2536/2536/2536 2539/2539/2539 2538/2538/2538
f 2540/2540/2540 2542/2542/2542 2541/2541/2541
f 2540/2540/2540 2543/2543/2543 2542/2542/2542
f 2544/2544/2544 2546/2546/2546 2545/2545/2545
f 2544/2544/2544 2547/2547/2547 2546/2546/2546
f 2548/2548/2548 2550/2550/2550 2549/2549/2549
f 2548/2548/2548 2551/2551/2551 2550/2550/2550
f 2552/2552/2552 2554/2554/2554 2553/2553/2553
f 2552/2552/2552 2555/2555/2555 2554/2554/2554
f 2556/2556/2556 2558/2558/2558 2557/2557/2557
f 2556/2556/2556 2559/2559/2559 2558/2558/2558
f 2560/2560/2560 2562/2562/2562 2561/2561/2561
f 2560/2560/2560 2563/2563/2563 2562/2562/2562
f 2564/2564/2564 2566/2566/2566 2565/2565/2565
f 2564/2564/2564 2567/2567/2567 2566/2566/2566
f 2568/2568/2568 2570/2570/2570 2569/2569/2569
f 2568/2568/2568 2571/2571/2571 2570/2570/2570
f 2572/2572/2572 2574/2574/2574 2573/2573/2573
f 2572/2572/2572 2575/2575/2575 2574/2574/2574
f 2576/2576/2576 2578/2578/2578 2577/2577/2577
f 2576/2576/2576 2579/2579/2579 2578/2578/2578
f 2580/2580/2580 2579/2579/2579 2578/2578/2578
f 2580/2580/2580 2581/2581/2581 2579/2579/2579
f 2581/2581/2581 2582/2582/2582 2580/2580/2580
f 2581/2581/2581 2583/2583/2583 2582/2582/2582
f 2584/2584/2584 2586/2586/2586 2585/2585/2585
f 2584/2584/2584 2587/2587/2587 2586/2586/2586
f 2588/2588/2588 2590/2590/2590 2589/2589/2589
f 2588/2588/2588 2591/2591/2591 2590/2590/2590
f 2592/2592/2592 2594/2594/2594 2593/2593/2593
f 2592/2592/2592 2595/2595/2595 2594/2594/2594
f 2596/2596/2596 2598/2598/2598 2597/2597/2597
f 2596/2596/2596 2599/2599/2599 2598/2598/2598
f 2600/2600/2600 2602/2602/2602 2601/2601/2601
f 2600/2600/2600 2603/2603/2603 2602/2602/2602
f 2604/2604/2604 2606/2606/2606 2605/2605/2605
f 2604/2604/2604 2607/2607/2607 2606/2606/2606
f 2608/2608/2608 2610/2610/2610 2609/2609/2609
f 2608/2608/2608 2611/2611/2611 2610/2610/2610
f 2612/2612/2612 2614/2614/2614 2613/2613/2613
f 2612/2612/2612 2615/2615/2615 2614/2614/2614
f 2616/2616/2616 2618/2618/2618 2617/2617/2617
f 2616/2616/2616 2619/2619/2619 2618/2618/2618
f 2620/2620/2620 2622/2622/2622 2621/2621/2621
f 2620/2620/2620 2623/2623/2623 2622/2622/2622
f 2624/2624/2624 2626/2626/2626 2625/2625/2625
f 2624/2624/2624 2627/2627/2627 2626/2626/2626
f 2628/2628/2628 2630/2630/2630 2629/2629/2629
f 2628/2628/2628 2631/2631/2631 2630/2630/2630
f 2632/2632/2632 2634/2634/2634 2633/2633/2633
f 2632/2632/2632 2635/2635/2635 2634/2634/2634
f 2636/2636/2636 2638/2638/2638 2637/2637/2637
f 2636/2636/2636 2639/2639/2639 2638/2638/2638
f 2640/2640/2640 2642/2642/2642 2641/2641/2641
f 2640/2640/2640 2643/2643/2643 2642/2642/2642
f 2644/2644/2644 2646/2646/2646 2645/2645/2645
f 2644/2644/2644 2647/2647/2647 2646/2646/2646
f 2648/2648/2648 2650/2650/2650 2649/2649/2649
f 2648/2648/2648 2651/2651/2651 2650/2650/2650
f 2652/2652/2652 2654/2654/2654 2653/2653/2653
f 2652/2652/2652 2655/2655/2655 2654/2654/2654
f 2656/2656/2656 2658/2658/2658 2657/2657/2657
f 2656/2656/2656 2659/2659/2659 2658/2658/2658
f 2660/2660/2660 2662/2662/2662 2661/2661/2661
f 2660/2660/2660 2663/2663/2663 2662/2662/2662
f 2664/2664/2664 2666/2666/2666 2665/2665/2665
f 2664/2664/2664 2667/2667/2667 2666/2666/2666
f 2668/2668/2668 2670/2670/2670 2669/2669/2669
f 2668/2668/2668 2671/2671/2671 2670/2670/2670
f 2672/2672/2672 2674/2674/2674 2673/2673/2673
f 2672/2672/2672 2675/2675/2675 2674/2674/2674
f 2676/2676/2676 2678/2678/2678 2677/2677/2677
f 2676/2676/2676 2679/2679/2679 2678/2678/2678
f 2680/2680/2680 2682/2682/2682 2681/2681/2681
f 2680/2680/2680 2683/2683/2683 2682/2682/2682
f 2684/2684/2684 2686/2686/2686 2685/2685/2685
f 2684/2684/2684 2687/2687/2687 2686/2686/2686
f 2688/2688/2688 2690/2690/2690 2689/2689/2689
f 2688/2688/2688 2691/2691/2691 2690/2690/2690
f 2692/2692/2692 2694/2694/2694 2693/2693/2693
f 2692/2692/2692 2695/2695/2695 2694/2694/2694
f 2696/2696/2696 2698/2698/2698 2697/2697/2697
f 2696/2696/2696 2699/2699/2699 2698/2698/2698
f 2700/2700/2700 2702/2702/2702 2701/2701/2701
f 2700/2700/2700 2703/2703/2703 2702/2702/2702
f 2704/2704/2704 2706/2706/2706 2705/2705/2705
f 2704/2704/2704 2707/2707/2707 2706/2706/2706
f 2708/2708/2708 2710/2710/2710 2709/2709/2709
f 2708/2708/2708 2711/2711/2711 2710/2710/2710
f 2712/2712/2712 2714/2714/2714 2713/2713/2713
f 2712/2712/2712 2715/2715/2715 2714/2714/2714
f 2716/2716/2716 2718/2718/2718 2717/2717/2717
f 2716/2716/2716 2719/2719/2719 2718/2718/2718
f 2720/2720/2720 2722/2722/2722 2721/2721/2721
f 2720/2720/2720 2723/2723/2723 2722/2722/2722
f 2724/2724/2724 2726/2726/2726 2725/2725/2725
f 2724/2724/2724 2727/2727/2727 2726/2726/2726
f 2728/2728/2728 2730/2730/2730 2729/2729/2729
f 2728/2728/2728 2731/2731/2731 2730/2730/2730
f 2732/2732/2732 2734/2734/2734 2733/2733/2733
f 2732/2732/2732 2735/2735/2735 2734/2734/2734
f 2736/2736/2736 2738/2738/2738 2737/2737/2737
f 2736/2736/2736 2739/2739/2739 2738/2738/2738
f 2740/2740/2740 2742/2742/2742 2741/2741/2741
f 2740/2740/2740 2743/2743/2743 2742/2742/2742
f 2744/2744/2744 2746/2746/2746 2745/2745/2745
f 2744/2744/2744 2747/2747/2747 2746/2746/2746
f 2748/2748/2748 2750/2750/2750 2749/2749/2749
f 2748/2748/2748 2751/2751/2751 2750/2750/2750
f 2752/2752/2752 2754/2754/2754 2753/2753/2753
f 2752/2752/2752 2755/2755/2755 2754/2754/2754
f 2756/2756/2756 2758/2758/2758 2757/2757/2757
f 2756/2756/2756 2759/2759/2759 2758/2758/2758
f 2760/2760/2760 2762/2762/2762 2761/2761/2761
f 2760/2760/2760 2763/2763/2763 2762/2762/2762
f 2764/2764/2764 2766/2766/2766 2765/2765/2765
f 2764/2764/2764 2767/2767/2767 2766/2766/2766
f 2768/2768/2768 2770/2770/2770 2769/2769/2769
f 2768/2768/2768 2771/2771/2771 2770/2770/2770
f 2772/2772/2772 2774/2774/2774 2773/2773/2773
f 2772/2772/2772 2775/2775/2775 2774/2774/2774
f 2776/2776/2776 2778/2778/2778 2777/2777/2777
f 2776/2776/2776 2779/2779/2779 2778/2778/2778
f 2780/2780/2780 2782/2782/2782 2781/2781/2781
f 2780/2780/2780 2783/2783/2783 2782/2782/2782
f 2784/2784/2784 2786/2786/2786 2785/2785/2785
f 2784/2784/2784 2787/2787/2787 2786/2786/2786
f 2788/2788/2788 2790/2790/2790 2789/2789/2789
f 2788/2788/2788 2791/2791/2791 2790/2790/2790
f 2792/2792/2792 2794/2794/2794 2793/2793/2793
f 2792/2792/2792 2795/2795/2795 2794/2794/2794
f 2796/2796/2796 2798/2798/2798 2797/2797/2797
f 2796/2796/2796 2799/2799/2799 2798/2798/2798
f 2800/2800/2800 2802/2802/2802 2801/2801/2801
f 2800/2800/2800 2803/2803/2803 2802/2802/2802
f 2804/2804/2804 2806/2806/2806 2805/2805/2805
f 2804/2804/2804 2807/2807/2807 2806/2806/2806
f 2808/2808/2808 2810/2810/2810 2809/2809/2809
f 2808/2808/2808 2811/2811/2811 2810/2810/2810
f 2812/2812/2812 2814/2814/2814 2813/2813/2813
f 2812/2812/2812 2815/2815/2815 2814/2814/2814
f 2816/2816/2816 2818/2818/2818 2817/2817/2817
f 2816/2816/2816 2819/2819/2819 2818/2818/2818
f 2820/2820/2820 2822/2822/2822 2821/2821/2821
f 2820/2820/2820 2823/2823/2823 2822/2822/2822
f 2824/2824/2824 2826/2826/2826 2825/2825/2825
f 2824/2824/2824 2827/2827/2827 2826/2826/2826
f 2828/2828/2828 2830/2830/2830 2829/2829/2829
f 2828/2828/2828 2831/2831/2831 2830/2830/2830
f 2832/2832/2832 2834/2834/2834 2833/2833/2833
f 2832/2832/2832 2835/2835/2835 2834/2834/2834
f 2836/2836/2836 2838/2838/2838 2837/2837/2837
f 2836/2836/2836 2839/2839/2839 2838/2838/2838
f 2840/2840/2840 2842/2842/2842 2841/2841/2841
f 2840/2840/2840 2843/2843/2843 2842/2842/2842
f 2844/2844/2844 2846/2846/2846 2845/2845/2845
f 2844/2844/2844 2847/2847/2847 2846/2846/2846
f 2848/2848/2848 2850/2850/2850 2849/2849/2849
f 2848/2848/2848 2851/2851/2851 2850/2850/2850
f 2852/2852/2852 2854/2854/2854 2853/2853/2853
f 2852/2852/2852 2855/2855/2855 2854/2854/2854
f 2856/2856/2856 2858/2858/2858 2857/2857/2857
f 2856/2856/2856 2859/2859/2859 2858/2858/2858
f 2860/2860/2860 2862/2862/2862 2861/2861/2861
f 2860/2860/2860 2863/2863/2863 2862/2862/2862
f 2864/2864/2864 2866/2866/2866 2865/2865/2865
f 2864/2864/2864 2867/2867/2867 2866/2866/2866
f 2868/2868/2868 2870/2870/2870 2869/2869/2869
f 2868/2868/2868 2871/2871/2871 2870/2870/2870
f 2872/2872/2872 2874/2874/2874 2873/2873/2873
f 2872/2872/2872 2875/2875/2875 2874/2874/2874
f 2876/2876/2876 2878/2878/2878 2877/2877/2877
f 2876/2876/2876 2879/2879/2879 2878/2878/2878
f 2880/2880/2880 2882/2882/2882 2881/2881/2881
f 2880/2880/2880 2883/2883/2883 2882/2882/2882
f 2884/2884/2884 2886/2886/2886 2885/2885/2885
f 2884/2884/2884 2887/2887/2887 2886/2886/2886
f 2888/2888/2888 2890/2890/2890 2889/2889/2889
f 2888/2888/2888 2891/2891/2891 2890/2890/2890
f 2892/2892/2892 2894/2894/2894 2893/2893/2893
f 2892/2892/2892 2895/2895/2895 2894/2894/2894
f 2896/2896/2896 2898/2898/2898 2897/2897/2897
f 2896/2896/2896 2899/2899/2899 2898/2898/2898
f 2900/2900/2900 2902/2902/2902 2901/2901/2901
f 2900/2900/2900 2903/2903/2903 2902/2902/2902
f 2904/2904/2904 2906/2906/2906 2905/2905/2905
f 2904/2904/2904 2907/2907/2907 2906/2906/2906
f 2908/2908/2908 2910/2910/2910 2909/2909/2909
f 2908/2908/2908 2911/2911/2911 2910/2910/2910
f 2911/2911/2911 2912/2912/2912 2910/2910/2910
f 2911/2911/2911 2913/2913/2913 2912/2912/2912
f 2914/2914/2914 2916/2916/2916 2915/2915/2915
f 2914/2914/2914 2917/2917/2917 2916/2916/2916
f 2918/2918/2918 2920/2920/2920 2919/2919/2919
f 2918/2918/2918 2921/2921/2921 2920/2920/2920
f 2922/2922/2922 2924/2924/2924 2923/2923/2923
f 2922/2922/2922 2925/2925/2925 2924/2924/2924
f 2926/2926/2926 2928/2928/2928 2927/2927/2927
f 2926/2926/2926 2929/2929/2929 2928/2928/2928
f 2929/2929/2929 2930/2930/2930 2928/2928/2928
f 2929/2929/2929 2931/2931/2931 2930/2930/2930
f 2932/2932/2932 2934/2934/2934 2933/2933/2933
f 2932/2932/2932 2933/2933/2933 2935/2935/2935
f 2932/2932/2932 2935/2935/2935 2936/2936/2936
f 2937/2937/2937 2932/2932/2932 2936/2936/2936
f 2937/2937/2937 2936/2936/2936 2938/2938/2938
f 2939/2939/2939 2941/2941/2941 2940/2940/2940
f 2939/2939/2939 2942/2942/2942 2941/2941/2941
f 2943/2943/2943 2945/2945/2945 2944/2944/2944
f 2943/2943/2943 2944/2944/2944 2946/2946/2946
f 2943/2943/2943 2946/2946/2946 2947/2947/2947
f 2948/2948/2948 2943/2943/2943 2947/2947/2947
f 2948/2948/2948 2947/2947/2947 2949/2949/2949
f 2950/2950/2950 2952/2952/2952 2951/2951/2951
f 2950/2950/2950 2953/2953/2953 2952/2952/2952
f 2953/2953/2953 2954/2954/2954 2952/2952/2952
f 2953/2953/2953 2955/2955/2955 2954/2954/2954
f 2956/2956/2956 2958/2958/2958 2957/2957/2957
f 2956/2956/2956 2957/2957/2957 2959/2959/2959
f 2956/2956/2956 2959/2959/2959 2960/2960/2960
f 2961/2961/2961 2956/2956/2956 2960/2960/2960
f 2961/2961/2961 2960/2960/2960 2962/2962/2962
f 2963/2963/2963 2965/2965/2965 2964/2964/2964
f 2963/2963/2963 2966/2966/2966 2965/2965/2965
f 2967/2967/2967 2969/2969/2969 2968/2968/2968
f 2967/2967/2967 2970/2970/2970 2969/2969/2969
f 2971/2971/2971 2973/2973/2973 2972/2972/2972
f 2971/2971/2971 2972/2972/2972 2974/2974/2974
f 2971/2971/2971 2974/2974/2974 2975/2975/2975
f 2976/2976/2976 2971/2971/2971 2975/2975/2975
f 2976/2976/2976 2975/2975/2975 2977/2977/2977
f 2978/2978/2978 2980/2980/2980 2979/2979/2979
f 2978/2978/2978 2981/2981/2981 2980/2980/2980
f 2981/2981/2981 2982/2982/2982 2980/2980/2980
f 2981/2981/2981 2983/2983/2983 2982/2982/2982
f 2984/2984/2984 2986/2986/2986 2985/2985/2985
f 2984/2984/2984 2987/2987/2987 2986/2986/2986
f 2988/2988/2988 2990/2990/2990 2989/2989/2989
f 2988/2988/2988 2991/2991/2991 2990/2990/2990
f 2992/2992/2992 2994/2994/2994 2993/2993/2993
f 2992/2992/2992 2995/2995/2995 2994/2994/2994
f 2996/2996/2996 2998/2998/2998 2997/2997/2997
f 2996/2996/2996 2999/2999/2999 2998/2998/2998
f 3000/3000/3000 3002/3002/3002 3001/3001/3001
f 3000/3000/3000 3003/3003/3003 3002/3002/3002
f 3004/3004/3004 3006/3006/3006 3005/3005/3005
f 3004/3004/3004 3007/3007/3007 3006/3006/3006
f 3008/3008/3008 3010/3010/3010 3009/3009/3009
f 3008/3008/3008 3011/3011/3011 3010/3010/3010
f 3012/3012/3012 3014/3014/3014 3013/3013/3013
f 3012/3012/3012 3015/3015/3015 3014/3014/3014
f 3016/3016/3016 3018/3018/3018 3017/3017/3017
f 3016/3016/3016 3019/3019/3019 3018/3018/3018
f 3020/3020/3020 3022/3022/3022 3021/3021/3021
f 3020/3020/3020 3023/3023/3023 3022/3022/3022
f 3024/3024/3024 3026/3026/3026 3025/3025/3025
f 3024/3024/3024 3027/3027/3027 3026/3026/3026
f 3028/3028/3028 3030/3030/3030 3029/3029/3029
f 3028/3028/3028 3031/3031/3031 3030/3030/3030
f 3032/3032/3032 3034/3034/3034 3033/3033/3033
f 3032/3032/3032 3035/3035/3035 3034/3034/3034
f 3036/3036/3036 3038/3038/3038 3037/3037/3037
f 3036/3036/3036 3039/3039/3039 3038/3038/3038
f 3040/3040/3040 3042/3042/3042 3041/3041/3041
f 3040/3040/3040 3043/3043/3043 3042/3042/3042
f 3044/3044/3044 3046/3046/3046 3045/3045/3045
f 3044/3044/3044 3047/3047/3047 3046/3046/3046
f 3048/3048/3048 3046/3046/3046 3047/3047/3047
f 3048/3048/3048 3047/3047/3047 3049/3049/3049
f 3049/3049/3049 3050/3050/3050 3048/3048/3048
f 3049/3049/3049 3051/3051/3051 3050/3050/3050
f 3052/3052/3052 3054/3054/3054 3053/3053/3053
f 3052/3052/3052 3055/3055/3055 3054/3054/3054
f 3056/3056/3056 3058/3058/3058 3057/3057/3057
f 3056/3056/3056 3059/3059/3059 3058/3058/3058
f 3060/3060/3060 3062/3062/3062 3061/3061/3061
f 3060/3060/3060 3063/3063/3063 3062/3062/3062
f 3064/3064/3064 3066/3066/3066 3065/3065/3065
f 3064/3064/3064 3067/3067/3067 3066/3066/3066
f 3068/3068/3068 3070/3070/3070 3069/3069/3069
f 3068/3068/3068 3071/3071/3071 3070/3070/3070
f 3072/3072/3072 3074/3074/3074 3073/3073/3073
f 3072/3072/3072 3075/3075/3075 3074/3074/3074
f 3076/3076/3076 3078/3078/3078 3077/3077/3077
f 3076/3076/3076 3079/3079/3079 3078/3078/3078
f 3080/3080/3080 3082/3082/3082 3081/3081/3081
f 3080/3080/3080 3083/3083/3083 3082/3082/3082
f 3084/3084/3084 3086/3086/3086 3085/3085/3085
f 3084/3084/3084 3087/3087/3087 3086/3086/3086
f 3088/3088/3088 3090/3090/3090 3089/3089/3089
f 3088/3088/3088 3091/3091/3091 3090/3090/3090
f 3092/3092/3092 3094/3094/3094 3093/3093/3093
f 3092/3092/3092 3095/3095/3095 3094/3094/3094
f 3096/3096/3096 3098/3098/3098 3097/3097/3097
f 3096/3096/3096 3099/3099/3099 3098/3098/3098
f 3100/3100/3100 3102/3102/3102 3101/3101/3101
f 3100/3100/3100 3103/3103/3103 3102/3102/3102
f 3104/3104/3104 3106/3106/3106 3105/3105/3105
f 3104/3104/3104 3107/3107/3107 3106/3106/3106
f 3108/3108/3108 3110/3110/3110 3109/3109/3109
f 3108/3108/3108 3111/3111/3111 3110/3110/3110
f 3112/3112/3112 3114/3114/3114 3113/3113/3113
f 3112/3112/3112 3115/3115/3115 3114/3114/3114
f 3116/3116/3116 3118/3118/3118 3117/3117/3117
f 3116/3116/3116 3119/3119/3119 3118/3118/3118
f 3120/3120/3120 3122/3122/3122 3121/3121/3121
f 3120/3120/3120 3123/3123/3123 3122/3122/3122
f 3123/3123/3123 3124/3124/3124 3122/3122/3122
f 3123/3123/3123 3125/3125/3125 3124/3124/3124
f 3125/3125/3125 3126/3126/3126 3124/3124/3124
f 3125/3125/3125 3127/3127/3127 3126/3126/3126
f 3128/3128/3128 3130/3130/3130 3129/3129/3129
f 3128/3128/3128 3131/3131/3131 3130/3130/3130
f 3132/3132/3132 3134/3134/3134 3133/3133/3133
f 3132/3132/3132 3135/3135/3135 3134/3134/3134
f 3136/3136/3136 3138/3138/3138 3137/3137/3137
f 3136/3136/3136 3139/3139/3139 3138/3138/3138
f 3140/3140/3140 3142/3142/3142 3141/3141/3141
f 3140/3140/3140 3141/3141/3141 3143/3143/3143
f 3143/3143/3143 3144/3144/3144 3140/3140/3140
f 3143/3143/3143 3145/3145/3145 3144/3144/3144
f 3146/3146/3146 3144/3144/3144 3145/3145/3145
f 3146/3146/3146 3145/3145/3145 3147/3147/3147
f 3148/3148/3148 3150/3150/3150 3149/3149/3149
f 3148/3148/3148 3151/3151/3151 3150/3150/3150
f 3152/3152/3152 3154/3154/3154 3153/3153/3153
f 3152/3152/3152 3155/3155/3155 3154/3154/3154
f 3156/3156/3156 3158/3158/3158 3157/3157/3157
f 3156/3156/3156 3159/3159/3159 3158/3158/3158
f 3160/3160/3160 3162/3162/3162 3161/3161/3161
f 3160/3160/3160 3163/3163/3163 3162/3162/3162
f 3164/3164/3164 3166/3166/3166 3165/3165/3165
f 3164/3164/3164 3167/3167/3167 3166/3166/3166
f 3168/3168/3168 3170/3170/3170 3169/3169/3169
f 3168/3168/3168 3171/3171/3171 3170/3170/3170
f 3172/3172/3172 3174/3174/3174 3173/3173/3173
f 3172/3172/3172 3175/3175/3175 3174/3174/3174
f 3176/3176/3176 3178/3178/3178 3177/3177/3177
f 3176/3176/3176 3179/3179/3179 3178/3178/3178
f 3180/3180/3180 3182/3182/3182 3181/3181/3181
f 3180/3180/3180 3183/3183/3183 3182/3182/3182
f 3184/3184/3184 3186/3186/3186 3185/3185/3185
f 3184/3184/3184 3187/3187/3187 3186/3186/3186
f 3188/3188/3188 3190/3190/3190 3189/3189/3189
f 3188/3188/3188 3191/3191/3191 3190/3190/3190
f 3192/3192/3192 3194/3194/3194 3193/3193/3193
f 3192/3192/3192 3195/3195/3195 3194/3194/3194
f 3196/3196/3196 3198/3198/3198 3197/3197/3197
f 3196/3196/3196 3199/3199/3199 3198/3198/3198
f 3200/3200/3200 3202/3202/3202 3201/3201/3201
f 3200/3200/3200 3203/3203/3203 3202/3202/3202
f 3204/3204/3204 3206/3206/3206 3205/3205/3205
f 3204/3204/3204 3207/3207/3207 3206/3206/3206
f 3208/3208/3208 3210/3210/3210 3209/3209/3209
f 3208/3208/3208 3211/3211/3211 3210/3210/3210
f 3212/3212/3212 3214/3214/3214 3213/3213/3213
f 3212/3212/3212 3215/3215/3215 3214/3214/3214
f 3216/3216/3216 3218/3218/3218 3217/3217/3217
f 3216/3216/3216 3219/3219/3219 3218/3218/3218
f 3220/3220/3220 3222/3222/3222 3221/3221/3221
f 3220/3220/3220 3223/3223/3223 3222/3222/3222
f 3224/3224/3224 3226/3226/3226 3225/3225/3225
f 3224/3224/3224 3227/3227/3227 3226/3226/3226
f 3228/3228/3228 3230/3230/3230 3229/3229/3229
f 3228/3228/3228 3231/3231/3231 3230/3230/3230
f 3232/3232/3232 3234/3234/3234 3233/3233/3233
f 3232/3232/3232 3235/3235/3235 3234/3234/3234
f 3236/3236/3236 3238/3238/3238 3237/3237/3237
f 3236/3236/3236 3239/3239/3239 3238/3238/3238
f 3240/3240/3240 3242/3242/3242 3241/3241/3241
f 3240/3240/3240 3243/3243/3243 3242/3242/3242
f 3244/3244/3244 3246/3246/3246 3245/3245/3245
f 3244/3244/3244 3247/3247/3247 3246/3246/3246
f 3248/3248/3248 3250/3250/3250 3249/3249/3249
f 3248/3248/3248 3251/3251/3251 3250/3250/3250
f 3251/3251/3251 3252/3252/3252 3250/3250/3250
f 3251/3251/3251 3253/3253/3253 3252/3252/3252
f 3253/3253/3253 3254/3254/3254 3252/3252/3252
f 3253/3253/3253 3255/3255/3255 3254/3254/3254
f 3256/3256/3256 3258/3258/3258 3257/3257/3257
f 3256/3256/3256 3259/3259/3259 3258/3258/3258
f 3260/3260/3260 3262/3262/3262 3261/3261/3261
f 3260/3260/3260 3263/3263/3263 3262/3262/3262
f 3264/3264/3264 3266/3266/3266 3265/3265/3265
f 3264/3264/3264 3267/3267/3267 3266/3266/3266
f 3268/3268/3268 3270/3270/3270 3269/3269/3269
f 3268/3268/3268 3271/3271/3271 3270/3270/3270
f 3272/3272/3272 3274/3274/3274 3273/3273/3273
f 3272/3272/3272 3275/3275/3275 3274/3274/3274
f 3276/3276/3276 3278/3278/3278 3277/3277/3277
f 3276/3276/3276 3279/3279/3279 3278/3278/3278
f 3280/3280/3280 3282/3282/3282 3281/3281/3281
f 3280/3280/3280 3283/3283/3283 3282/3282/3282
f 3284/3284/3284 3286/3286/3286 3285/3285/3285
f 3284/3284/3284 3287/3287/3287 3286/3286/3286
f 3288/3288/3288 3290/3290/3290 3289/3289/3289
f 3288/3288/3288 3291/3291/3291 3290/3290/3290
f 3292/3292/3292 3294/3294/3294 3293/3293/3293
f 3292/3292/3292 3295/3295/3295 3294/3294/3294
f 3296/3296/3296 3298/3298/3298 3297/3297/3297
f 3296/3296/3296 3299/3299/3299 3298/3298/3298
f 3300/3300/3300 3302/3302/3302 3301/3301/3301
f 3300/3300/3300 3303/3303/3303 3302/3302/3302
f 3304/3304/3304 3306/3306/3306 3305/3305/3305
f 3304/3304/3304 3307/3307/3307 3306/3306/3306
f 3308/3308/3308 3310/3310/3310 3309/3309/3309
f 3308/3308/3308 3311/3311/3311 3310/3310/3310
f 3312/3312/3312 3314/3314/3314 3313/3313/3313
f 3312/3312/3312 3315/3315/3315 3314/3314/3314
f 3316/3316/3316 3318/3318/3318 3317/3317/3317
f 3316/3316/3316 3319/3319/3319 3318/3318/3318
f 3320/3320/3320 3322/3322/3322 3321/3321/3321
f 3320/3320/3320 3323/3323/3323 3322/3322/3322
f 3324/3324/3324 3326/3326/3326 3325/3325/3325
f 3324/3324/3324 3327/3327/3327 3326/3326/3326
f 3328/3328/3328 3330/3330/3330 3329/3329/3329
f 3330/3330/3330 3328/3328/3328 3331/3331/3331
f 3330/3330/3330 3331/3331/3331 3332/3332/3332
f 3332/3332/3332 3331/3331/3331 3333/3333/3333
f 3332/3332/3332 3333/3333/3333 3334/3334/3334
f 3334/3334/3334 3333/3333/3333 3335/3335/3335
f 3334/3334/3334 3335/3335/3335 3336/3336/3336
f 3336/3336/3336 3335/3335/3335 3337/3337/3337
f 3336/3336/3336 3337/3337/3337 3338/3338/3338
f 3338/3338/3338 3337/3337/3337 3339/3339/3339
f 3338/3338/3338 3339/3339/3339 3340/3340/3340
f 3340/3340/3340 3339/3339/3339 3341/3341/3341
f 3340/3340/3340 3341/3341/3341 3342/3342/3342
f 3342/3342/3342 3341/3341/3341 3343/3343/3343
f 3344/3344/3344 3346/3346/3346 3345/3345/3345
f 3344/3344/3344 3347/3347/3347 3346/3346/3346
f 3348/3348/3348 3350/3350/3350 3349/3349/3349
f 3348/3348/3348 3351/3351/3351 3350/3350/3350
f 3352/3352/3352 3354/3354/3354 3353/3353/3353
f 3352/3352/3352 3355/3355/3355 3354/3354/3354
f 3356/3356/3356 3358/3358/3358 3357/3357/3357
f 3356/3356/3356 3359/3359/3359 3358/3358/3358
f 3360/3360/3360 3362/3362/3362 3361/3361/3361
f 3360/3360/3360 3363/3363/3363 3362/3362/3362
f 3364/3364/3364 3366/3366/3366 3365/3365/3365
f 3364/3364/3364 3367/3367/3367 3366/3366/3366
f 3368/3368/3368 3370/3370/3370 3369/3369/3369
f 3368/3368/3368 3371/3371/3371 3370/3370/3370
f 3372/3372/3372 3374/3374/3374 3373/3373/3373
f 3372/3372/3372 3375/3375/3375 3374/3374/3374
f 3376/3376/3376 3378/3378/3378 3377/3377/3377
f 3376/3376/3376 3379/3379/3379 3378/3378/3378
f 3380/3380/3380 3382/3382/3382 3381/3381/3381
f 3380/3380/3380 3383/3383/3383 3382/3382/3382
f 3384/3384/3384 3386/3386/3386 3385/3385/3385
f 3384/3384/3384 3387/3387/3387 3386/3386/3386
f 3388/3388/3388 3390/3390/3390 3389/3389/3389
f 3388/3388/3388 3391/3391/3391 3390/3390/3390
f 3392/3392/3392 3394/3394/3394 3393/3393/3393
f 3392/3392/3392 3395/3395/3395 3394/3394/3394
f 3396/3396/3396 3398/3398/3398 3397/3397/3397
f 3396/3396/3396 3399/3399/3399 3398/3398/3398
f 3400/3400/3400 3402/3402/3402 3401/3401/3401
f 3400/3400/3400 3403/3403/3403 3402/3402/3402
f 3404/3404/3404 3406/3406/3406 3405/3405/3405
f 3404/3404/3404 3407/3407/3407 3406/3406/3406
f 3408/3408/3408 3410/3410/3410 3409/3409/3409
f 3408/3408/3408 3411/3411/3411 3410/3410/3410
f 3412/3412/3412 3414/3414/3414 3413/3413/3413
f 3412/3412/3412 3415/3415/3415 3414/3414/3414
f 3416/3416/3416 3418/3418/3418 3417/3417/3417
f 3416/3416/3416 3419/3419/3419 3418/3418/3418
f 3420/3420/3420 3422/3422/3422 3421/3421/3421
f 3420/3420/3420 3423/3423/3423 3422/3422/3422
f 3424/3424/3424 3426/3426/3426 3425/3425/3425
f 3424/3424/3424 3427/3427/3427 3426/3426/3426
f 3428/3428/3428 3430/3430/3430 3429/3429/3429
f 3428/3428/3428 3431/3431/3431 3430/3430/3430
f 3432/3432/3432 3434/3434/3434 3433/3433/3433
f 3432/3432/3432 3435/3435/3435 3434/3434/3434
f 3436/3436/3436 3438/3438/3438 3437/3437/3437
f 3436/3436/3436 3439/3439/3439 3438/3438/3438
f 3440/3440/3440 3442/3442/3442 3441/3441/3441
f 3440/3440/3440 3443/3443/3443 3442/3442/3442
f 3444/3444/3444 3446/3446/3446 3445/3445/3445
f 3444/3444/3444 3447/3447/3447 3446/3446/3446
f 3448/3448/3448 3450/3450/3450 3449/3449/3449
f 3448/3448/3448 3451/3451/3451 3450/3450/3450
f 3452/3452/3452 3454/3454/3454 3453/3453/3453
f 3452/3452/3452 3455/3455/3455 3454/3454/3454
f 3456/3456/3456 3458/3458/3458 3457/3457/3457
f 3456/3456/3456 3459/3459/3459 3458/3458/3458
f 3460/3460/3460 3462/3462/3462 3461/3461/3461
f 3460/3460/3460 3463/3463/3463 3462/3462/3462
f 3464/3464/3464 3466/3466/3466 3465/3465/3465
f 3464/3464/3464 3467/3467/3467 3466/3466/3466
f 3468/3468/3468 3470/3470/3470 3469/3469/3469
f 3468/3468/3468 3471/3471/3471 3470/3470/3470
f 3472/3472/3472 3474/3474/3474 3473/3473/3473
f 3472/3472/3472 3475/3475/3475 3474/3474/3474
f 3476/3476/3476 3478/3478/3478 3477/3477/3477
f 3476/3476/3476 3479/3479/3479 3478/3478/3478
f 3480/3480/3480 3482/3482/3482 3481/3481/3481
f 3480/3480/3480 3483/3483/3483 3482/3482/3482
f 3484/3484/3484 3486/3486/3486 3485/3485/3485
f 3484/3484/3484 3487/3487/3487 3486/3486/3486
f 3488/3488/3488 3490/3490/3490 3489/3489/3489
f 3488/3488/3488 3491/3491/3491 3490/3490/3490
f 3492/3492/3492 3494/3494/3494 3493/3493/3493
f 3492/3492/3492 3495/3495/3495 3494/3494/3494
f 3496/3496/3496 3498/3498/3498 3497/3497/3497
f 3496/3496/3496 3499/3499/3499 3498/3498/3498
f 3500/3500/3500 3502/3502/3502 3501/3501/3501
f 3500/3500/3500 3503/3503/3503 3502/3502/3502
f 3504/3504/3504 3506/3506/3506 3505/3505/3505
f 3504/3504/3504 3507/3507/3507 3506/3506/3506
f 3508/3508/3508 3510/3510/3510 3509/3509/3509
f 3508/3508/3508 3509/3509/3509 3511/3511/3511
f 3512/3512/3512 3508/3508/3508 3511/3511/3511
f 3512/3512/3512 3511/3511/3511 3513/3513/3513
f 3514/3514/3514 3512/3512/3512 3513/3513/3513
f 3514/3514/3514 3513/3513/3513 3515/3515/3515
f 3516/3516/3516 3518/3518/3518 3517/3517/3517
f 3516/3516/3516 3519/3519/3519 3518/3518/3518
f 3520/3520/3520 3522/3522/3522 3521/3521/3521
f 3520/3520/3520 3523/3523/3523 3522/3522/3522
f 3524/3524/3524 3526/3526/3526 3525/3525/3525
f 3524/3524/3524 3525/3525/3525 3527/3527/3527
f 3528/3528/3528 3524/3524/3524 3527/3527/3527
f 3528/3528/3528 3527/3527/3527 3529/3529/3529
f 3530/3530/3530 3528/3528/3528 3529/3529/3529
f 3530/3530/3530 3529/3529/3529 3531/3531/3531
f 3532/3532/3532 3534/3534/3534 3533/3533/3533
f 3532/3532/3532 3535/3535/3535 3534/3534/3534
f 3536/3536/3536 3538/3538/3538 3537/3537/3537
f 3536/3536/3536 3539/3539/3539 3538/3538/3538
f 3540/3540/3540 3542/3542/3542 3541/3541/3541
f 3540/3540/3540 3543/3543/3543 3542/3542/3542
f 3544/3544/3544 3546/3546/3546 3545/3545/3545
f 3544/3544/3544 3545/3545/3545 3547/3547/3547
f 3548/3548/3548 3544/3544/3544 3547/3547/3547
f 3548/3548/3548 3547/3547/3547 3549/3549/3549
f 3550/3550/3550 3548/3548/3548 3549/3549/3549
f 3550/3550/3550 3549/3549/3549 3551/3551/3551
f 3552/3552/3552 3554/3554/3554 3553/3553/3553
f 3552/3552/3552 3555/3555/3555 3554/3554/3554
f 3556/3556/3556 3558/3558/3558 3557/3557/3557
f 3556/3556/3556 3559/3559/3559 3558/3558/3558
f 3560/3560/3560 3562/3562/3562 3561/3561/3561
f 3560/3560/3560 3563/3563/3563 3562/3562/3562
f 3564/3564/3564 3566/3566/3566 3565/3565/3565
f 3564/3564/3564 3567/3567/3567 3566/3566/3566
f 3568/3568/3568 3570/3570/3570 3569/3569/3569
f 3568/3568/3568 3569/3569/3569 3571/3571/3571
f 3572/3572/3572 3568/3568/3568 3571/3571/3571
f 3572/3572/3572 3571/3571/3571 3573/3573/3573
f 3574/3574/3574 3572/3572/3572 3573/3573/3573
f 3574/3574/3574 3573/3573/3573 3575/3575/3575
f 3576/3576/3576 3578/3578/3578 3577/3577/3577
f 3576/3576/3576 3579/3579/3579 3578/3578/3578
f 3580/3580/3580 3582/3582/3582 3581/3581/3581
f 3580/3580/3580 3583/3583/3583 3582/3582/3582
f 3584/3584/3584 3586/3586/3586 3585/3585/3585
f 3584/3584/3584 3587/3587/3587 3586/3586/3586
f 3588/3588/3588 3590/3590/3590 3589/3589/3589
f 3588/3588/3588 3591/3591/3591 3590/3590/3590
f 3592/3592/3592 3594/3594/3594 3593/3593/3593
f 3592/3592/3592 3595/3595/3595 3594/3594/3594
f 3596/3596/3596 3598/3598/3598 3597/3597/3597
f 3596/3596/3596 3599/3599/3599 3598/3598/3598
f 3600/3600/3600 3602/3602/3602 3601/3601/3601
f 3600/3600/3600 3603/3603/3603 3602/3602/3602
f 3604/3604/3604 3606/3606/3606 3605/3605/3605
f 3604/3604/3604 3607/3607/3607 3606/3606/3606
f 3608/3608/3608 3610/3610/3610 3609/3609/3609
f 3608/3608/3608 3611/3611/3611 3610/3610/3610
f 3612/3612/3612 3614/3614/3614 3613/3613/3613
f 3612/3612/3612 3615/3615/3615 3614/3614/3614
f 3616/3616/3616 3618/3618/3618 3617/3617/3617
f 3616/3616/3616 3619/3619/3619 3618/3618/3618
f 3620/3620/3620 3622/3622/3622 3621/3621/3621
f 3620/3620/3620 3623/3623/3623 3622/3622/3622
f 3624/3624/3624 3626/3626/3626 3625/3625/3625
f 3624/3624/3624 3627/3627/3627 3626/3626/3626
f 3628/3628/3628 3630/3630/3630 3629/3629/3629
f 3628/3628/3628 3631/3631/3631 3630/3630/3630
f 3632/3632/3632 3634/3634/3634 3633/3633/3633
f 3632/3632/3632 3635/3635/3635 3634/3634/3634
f 3636/3636/3636 3638/3638/3638 3637/3637/3637
f 3638/3638/3638 3636/3636/3636 3639/3639/3639
f 3639/3639/3639 3640/3640/3640 3638/3638/3638
f 3641/3641/3641 3643/3643/3643 3642/3642/3642
f 3643/3643/3643 3641/3641/3641 3644/3644/3644
f 3644/3644/3644 3641/3641/3641 3645/3645/3645
f 3645/3645/3645 3641/3641/3641 3646/3646/3646
f 3647/3647/3647 3649/3649/3649 3648/3648/3648
f 3650/3650/3650 3649/3649/3649 3647/3647/3647
f 3649/3649/3649 3650/3650/3650 3651/3651/3651
f 3652/3652/3652 3654/3654/3654 3653/3653/3653
f 3654/3654/3654 3652/3652/3652 3655/3655/3655
f 3654/3654/3654 3655/3655/3655 3656/3656/3656
f 3654/3654/3654 3656/3656/3656 3657/3657/3657
f 3658/3658/3658 3660/3660/3660 3659/3659/3659
f 3658/3658/3658 3661/3661/3661 3660/3660/3660
f 3662/3662/3662 3664/3664/3664 3663/3663/3663
f 3662/3662/3662 3665/3665/3665 3664/3664/3664
f 3666/3666/3666 3668/3668/3668 3667/3667/3667
f 3666/3666/3666 3669/3669/3669 3668/3668/3668
f 3670/3670/3670 3672/3672/3672 3671/3671/3671
f 3670/3670/3670 3673/3673/3673 3672/3672/3672
f 3674/3674/3674 3676/3676/3676 3675/3675/3675
f 3674/3674/3674 3677/3677/3677 3676/3676/3676
f 3678/3678/3678 3680/3680/3680 3679/3679/3679
f 3678/3678/3678 3681/3681/3681 3680/3680/3680
f 3682/3682/3682 3684/3684/3684 3683/3683/3683
f 3682/3682/3682 3685/3685/3685 3684/3684/3684
f 3686/3686/3686 3688/3688/3688 3687/3687/3687
f 3686/3686/3686 3689/3689/3689 3688/3688/3688
f 3690/3690/3690 3692/3692/3692 3691/3691/3691
f 3690/3690/3690 3693/3693/3693 3692/3692/3692
f 3694/3694/3694 3696/3696/3696 3695/3695/3695
f 3694/3694/3694 3697/3697/3697 3696/3696/3696
f 3698/3698/3698 3700/3700/3700 3699/3699/3699
f 3698/3698/3698 3701/3701/3701 3700/3700/3700
f 3702/3702/3702 3704/3704/3704 3703/3703/3703
f 3702/3702/3702 3705/3705/3705 3704/3704/3704
f 3706/3706/3706 3708/3708/3708 3707/3707/3707
f 3706/3706/3706 3709/3709/3709 3708/3708/3708
f 3710/3710/3710 3712/3712/3712 3711/3711/3711
f 3710/3710/3710 3713/3713/3713 3712/3712/3712
f 3714/3714/3714 3716/3716/3716 3715/3715/3715
f 3714/3714/3714 3717/3717/3717 3716/3716/3716
f 3718/3718/3718 3720/3720/3720 3719/3719/3719
f 3718/3718/3718 3721/3721/3721 3720/3720/3720
f 3722/3722/3722 3724/3724/3724 3723/3723/3723
f 3722/3722/3722 3725/3725/3725 3724/3724/3724
f 3726/3726/3726 3728/3728/3728 3727/3727/3727
f 3726/3726/3726 3729/3729/3729 3728/3728/3728
f 3730/3730/3730 3732/3732/3732 3731/3731/3731
f 3730/3730/3730 3733/3733/3733 3732/3732/3732
f 3734/3734/3734 3736/3736/3736 3735/3735/3735
f 3734/3734/3734 3737/3737/3737 3736/3736/3736
f 3738/3738/3738 3740/3740/3740 3739/3739/3739
f 3738/3738/3738 3741/3741/3741 3740/3740/3740
f 3742/3742/3742 3744/3744/3744 3743/3743/3743
f 3742/3742/3742 3745/3745/3745 3744/3744/3744
f 3746/3746/3746 3748/3748/3748 3747/3747/3747
f 3746/3746/3746 3749/3749/3749 3748/3748/3748
f 3750/3750/3750 3752/3752/3752 3751/3751/3751
f 3750/3750/3750 3753/3753/3753 3752/3752/3752
f 3754/3754/3754 3756/3756/3756 3755/3755/3755
f 3754/3754/3754 3757/3757/3757 3756/3756/3756
f 3758/3758/3758 3760/3760/3760 3759/3759/3759
f 3758/3758/3758 3761/3761/3761 3760/3760/3760
f 3762/3762/3762 3764/3764/3764 3763/3763/3763
f 3762/3762/3762 3763/3763/3763 3765/3765/3765
f 3766/3766/3766 3762/3762/3762 3765/3765/3765
f 3766/3766/3766 3767/3767/3767 3762/3762/3762
f 3768/3768/3768 3767/3767/3767 3766/3766/3766
f 3768/3768/3768 3766/3766/3766 3769/3769/3769
f 3770/3770/3770 3768/3768/3768 3769/3769/3769
f 3770/3770/3770 3771/3771/3771 3768/3768/3768
f 3772/3772/3772 3771/3771/3771 3770/3770/3770
f 3772/3772/3772 3770/3770/3770 3773/3773/3773
f 3774/3774/3774 3776/3776/3776 3775/3775/3775
f 3774/3774/3774 3777/3777/3777 3776/3776/3776
f 3778/3778/3778 3780/3780/3780 3779/3779/3779
f 3778/3778/3778 3781/3781/3781 3780/3780/3780
f 3782/3782/3782 3784/3784/3784 3783/3783/3783
f 3782/3782/3782 3785/3785/3785 3784/3784/3784
f 3786/3786/3786 3784/3784/3784 3785/3785/3785
f 3786/3786/3786 3785/3785/3785 3787/3787/3787
f 3787/3787/3787 3788/3788/3788 3786/3786/3786
f 3787/3787/3787 3789/3789/3789 3788/3788/3788
f 3790/3790/3790 3788/3788/3788 3789/3789/3789
f 3790/3790/3790 3789/3789/3789 3791/3791/3791
f 3791/3791/3791 3792/3792/3792 3790/3790/3790
f 3791/3791/3791 3793/3793/3793 3792/3792/3792
f 3794/3794/3794 3796/3796/3796 3795/3795/3795
f 3794/3794/3794 3797/3797/3797 3796/3796/3796
f 3798/3798/3798 3800/3800/3800 3799/3799/3799
f 3798/3798/3798 3801/3801/3801 3800/3800/3800
f 3801/3801/3801 3802/3802/3802 3800/3800/3800
f 3801/3801/3801 3803/3803/3803 3802/3802/3802
f 3803/3803/3803 3804/3804/3804 3802/3802/3802
f 3803/3803/3803 3805/3805/3805 3804/3804/3804
f 3805/3805/3805 3806/3806/3806 3804/3804/3804
f 3805/3805/3805 3807/3807/3807 3806/3806/3806
f 3807/3807/3807 3808/3808/3808 3806/3806/3806
f 3807/3807/3807 3809/3809/3809 3808/3808/3808
f 3809/3809/3809 3810/3810/3810 3808/3808/3808
f 3809/3809/3809 3811/3811/3811 3810/3810/3810
f 3812/3812/3812 3814/3814/3814 3813/3813/3813
f 3812/3812/3812 3815/3815/3815 3814/3814/3814
f 3816/3816/3816 3818/3818/3818 3817/3817/3817
f 3816/3816/3816 3819/3819/3819 3818/3818/3818
f 3820/3820/3820 3822/3822/3822 3821/3821/3821
f 3820/3820/3820 3823/3823/3823 3822/3822/3822
f 3824/3824/3824 3826/3826/3826 3825/3825/3825
f 3824/3824/3824 3827/3827/3827 3826/3826/3826
f 3828/3828/3828 3830/3830/3830 3829/3829/3829
f 3828/3828/3828 3831/3831/3831 3830/3830/3830
f 3832/3832/3832 3834/3834/3834 3833/3833/3833
f 3832/3832/3832 3835/3835/3835 3834/3834/3834
f 3836/3836/3836 3838/3838/3838 3837/3837/3837
f 3836/3836/3836 3839/3839/3839 3838/3838/3838
f 3840/3840/3840 3842/3842/3842 3841/3841/3841
f 3840/3840/3840 3843/3843/3843 3842/3842/3842
f 3844/3844/3844 3846/3846/3846 3845/3845/3845
f 3844/3844/3844 3847/3847/3847 3846/3846/3846
f 3848/3848/3848 3850/3850/3850 3849/3849/3849
f 3848/3848/3848 3851/3851/3851 3850/3850/3850
f 3852/3852/3852 3854/3854/3854 3853/3853/3853
f 3852/3852/3852 3855/3855/3855 3854/3854/3854
f 3856/3856/3856 3858/3858/3858 3857/3857/3857
f 3856/3856/3856 3859/3859/3859 3858/3858/3858
f 3860/3860/3860 3862/3862/3862 3861/3861/3861
f 3860/3860/3860 3861/3861/3861 3863/3863/3863
f 3864/3864/3864 3860/3860/3860 3863/3863/3863
f 3864/3864/3864 3865/3865/3865 3860/3860/3860
f 3866/3866/3866 3865/3865/3865 3864/3864/3864
f 3866/3866/3866 3864/3864/3864 3867/3867/3867
f 3868/3868/3868 3866/3866/3866 3867/3867/3867
f 3868/3868/3868 3867/3867/3867 3869/3869/3869
f 3870/3870/3870 3868/3868/3868 3869/3869/3869
f 3870/3870/3870 3869/3869/3869 3871/3871/3871
f 3872/3872/3872 3870/3870/3870 3871/3871/3871
f 3872/3872/3872 3871/3871/3871 3873/3873/3873
f 3874/3874/3874 3876/3876/3876 3875/3875/3875
f 3874/3874/3874 3877/3877/3877 3876/3876/3876
f 3878/3878/3878 3880/3880/3880 3879/3879/3879
f 3878/3878/3878 3881/3881/3881 3880/3880/3880
f 3882/3882/3882 3884/3884/3884 3883/3883/3883
f 3882/3882/3882 3885/3885/3885 3884/3884/3884
f 3886/3886/3886 3888/3888/3888 3887/3887/3887
f 3886/3886/3886 3889/3889/3889 3888/3888/3888
f 3890/3890/3890 3892/3892/3892 3891/3891/3891
f 3890/3890/3890 3893/3893/3893 3892/3892/3892
f 3894/3894/3894 3896/3896/3896 3895/3895/3895
f 3894/3894/3894 3897/3897/3897 3896/3896/3896
f 3898/3898/3898 3900/3900/3900 3899/3899/3899
f 3898/3898/3898 3901/3901/3901 3900/3900/3900
f 3901/3901/3901 3902/3902/3902 3900/3900/3900
f 3902/3902/3902 3901/3901/3901 3903/3903/3903
f 3903/3903/3903 3904/3904/3904 3902/3902/3902
f 3903/3903/3903 3901/3901/3901 3905/3905/3905
f 3901/3901/3901 3906/3906/3906 3905/3905/3905
f 3901/3901/3901 3907/3907/3907 3906/3906/3906
f 3903/3903/3903 3908/3908/3908 3904/3904/3904
f 3907/3907/3907 3909/3909/3909 3906/3906/3906
f 3910/3910/3910 3904/3904/3904 3908/3908/3908
f 3904/3904/3904 3910/3910/3910 3911/3911/3911
f 3910/3910/3910 3912/3912/3912 3911/3911/3911
f 3910/3910/3910 3913/3913/3913 3912/3912/3912
f 3910/3910/3910 3908/3908/3908 3914/3914/3914
f 3915/3915/3915 3910/3910/3910 3914/3914/3914
f 3915/3915/3915 3914/3914/3914 3916/3916/3916
f 3917/3917/3917 3915/3915/3915 3916/3916/3916
f 3917/3917/3917 3909/3909/3909 3918/3918/3918
f 3909/3909/3909 3907/3907/3907 3918/3918/3918
f 3917/3917/3917 3918/3918/3918 3919/3919/3919
f 3915/3915/3915 3917/3917/3917 3919/3919/3919
f 3918/3918/3918 3907/3907/3907 3920/3920/3920
f 3915/3915/3915 3919/3919/3919 3921/3921/3921
f 3907/3907/3907 3922/3922/3922 3920/3920/3920
f 3923/3923/3923 3915/3915/3915 3921/3921/3921
f 3907/3907/3907 3924/3924/3924 3922/3922/3922
f 3923/3923/3923 3921/3921/3921 3925/3925/3925
f 3924/3924/3924 3926/3926/3926 3922/3922/3922
f 3927/3927/3927 3923/3923/3923 3925/3925/3925
f 3928/3928/3928 3927/3927/3927 3926/3926/3926
f 3926/3926/3926 3924/3924/3924 3928/3928/3928
f 3928/3928/3928 3929/3929/3929 3927/3927/3927
f 3923/3923/3923 3927/3927/3927 3929/3929/3929
f 3928/3928/3928 3924/3924/3924 3930/3930/3930
f 3923/3923/3923 3929/3929/3929 3931/3931/3931
f 3924/3924/3924 3932/3932/3932 3930/3930/3930
f 3924/3924/3924 3933/3933/3933 3932/3932/3932
f 3934/3934/3934 3932/3932/3932 3933/3933/3933
f 3934/3934/3934 3933/3933/3933 3935/3935/3935
f 3936/3936/3936 3923/3923/3923 3931/3931/3931
f 3936/3936/3936 3931/3931/3931 3937/3937/3937
f 3935/3935/3935 3938/3938/3938 3934/3934/3934
f 3938/3938/3938 3936/3936/3936 3937/3937/3937
f 3935/3935/3935 3939/3939/3939 3938/3938/3938
f 3938/3938/3938 3939/3939/3939 3936/3936/3936
f 3940/3940/3940 3942/3942/3942 3941/3941/3941
f 3940/3940/3940 3943/3943/3943 3942/3942/3942
f 3944/3944/3944 3946/3946/3946 3945/3945/3945
f 3944/3944/3944 3947/3947/3947 3946/3946/3946
f 3948/3948/3948 3950/3950/3950 3949/3949/3949
f 3948/3948/3948 3949/3949/3949 3951/3951/3951
f 3952/3952/3952 3948/3948/3948 3951/3951/3951
f 3948/3948/3948 3952/3952/3952 3953/3953/3953
f 3948/3948/3948 3953/3953/3953 3954/3954/3954
f 3955/3955/3955 3953/3953/3953 3952/3952/3952
f 3956/3956/3956 3948/3948/3948 3954/3954/3954
f 3956/3956/3956 3954/3954/3954 3957/3957/3957
f 3955/3955/3955 3952/3952/3952 3958/3958/3958
f 3959/3959/3959 3956/3956/3956 3957/3957/3957
f 3958/3958/3958 3960/3960/3960 3955/3955/3955
f 3955/3955/3955 3960/3960/3960 3961/3961/3961
f 3960/3960/3960 3958/3958/3958 3962/3962/3962
f 3960/3960/3960 3963/3963/3963 3961/3961/3961
f 3964/3964/3964 3960/3960/3960 3962/3962/3962
f 3964/3964/3964 3962/3962/3962 3965/3965/3965
f 3960/3960/3960 3966/3966/3966 3963/3963/3963
f 3966/3966/3966 3967/3967/3967 3963/3963/3963
f 3959/3959/3959 3967/3967/3967 3968/3968/3968
f 3967/3967/3967 3966/3966/3966 3968/3968/3968
f 3959/3959/3959 3968/3968/3968 3969/3969/3969
f 3956/3956/3956 3959/3959/3959 3969/3969/3969
f 3968/3968/3968 3966/3966/3966 3970/3970/3970
f 3956/3956/3956 3969/3969/3969 3971/3971/3971
f 3966/3966/3966 3972/3972/3972 3970/3970/3970
f 3973/3973/3973 3956/3956/3956 3971/3971/3971
f 3966/3966/3966 3974/3974/3974 3972/3972/3972
f 3973/3973/3973 3971/3971/3971 3975/3975/3975
f 3974/3974/3974 3976/3976/3976 3972/3972/3972
f 3977/3977/3977 3973/3973/3973 3975/3975/3975
f 3978/3978/3978 3977/3977/3977 3976/3976/3976
f 3976/3976/3976 3974/3974/3974 3978/3978/3978
f 3978/3978/3978 3979/3979/3979 3977/3977/3977
f 3973/3973/3973 3977/3977/3977 3979/3979/3979
f 3978/3978/3978 3974/3974/3974 3980/3980/3980
f 3973/3973/3973 3979/3979/3979 3981/3981/3981
f 3974/3974/3974 3982/3982/3982 3980/3980/3980
f 3974/3974/3974 3983/3983/3983 3982/3982/3982
f 3984/3984/3984 3982/3982/3982 3983/3983/3983
f 3984/3984/3984 3983/3983/3983 3985/3985/3985
f 3986/3986/3986 3973/3973/3973 3981/3981/3981
f 3986/3986/3986 3981/3981/3981 3987/3987/3987
f 3985/3985/3985 3988/3988/3988 3984/3984/3984
f 3988/3988/3988 3986/3986/3986 3987/3987/3987
f 3985/3985/3985 3989/3989/3989 3988/3988/3988
f 3988/3988/3988 3989/3989/3989 3986/3986/3986
f 3990/3990/3990 3992/3992/3992 3991/3991/3991
f 3990/3990/3990 3993/3993/3993 3992/3992/3992
f 3994/3994/3994 3996/3996/3996 3995/3995/3995
f 3994/3994/3994 3997/3997/3997 3996/3996/3996
f 3998/3998/3998 4000/4000/4000 3999/3999/3999
f 3998/3998/3998 4001/4001/4001 4000/4000/4000
f 4002/4002/4002 4004/4004/4004 4003/4003/4003
f 4002/4002/4002 4005/4005/4005 4004/4004/4004
f 4006/4006/4006 4008/4008/4008 4007/4007/4007
f 4006/4006/4006 4009/4009/4009 4008/4008/4008
f 4010/4010/4010 4012/4012/4012 4011/4011/4011
f 4010/4010/4010 4013/4013/4013 4012/4012/4012
f 4014/4014/4014 4016/4016/4016 4015/4015/4015
f 4014/4014/4014 4017/4017/4017 4016/4016/4016
f 4018/4018/4018 4020/4020/4020 4019/4019/4019
f 4018/4018/4018 4021/4021/4021 4020/4020/4020
f 4022/4022/4022 4024/4024/4024 4023/4023/4023
f 4022/4022/4022 4025/4025/4025 4024/4024/4024
f 4026/4026/4026 4028/4028/4028 4027/4027/4027
f 4026/4026/4026 4029/4029/4029 4028/4028/4028
f 4030/4030/4030 4032/4032/4032 4031/4031/4031
f 4030/4030/4030 4033/4033/4033 4032/4032/4032
f 4034/4034/4034 4036/4036/4036 4035/4035/4035
f 4034/4034/4034 4037/4037/4037 4036/4036/4036
f 4038/4038/4038 4040/4040/4040 4039/4039/4039
f 4038/4038/4038 4041/4041/4041 4040/4040/4040
f 4042/4042/4042 4044/4044/4044 4043/4043/4043
f 4042/4042/4042 4045/4045/4045 4044/4044/4044
f 4046/4046/4046 4048/4048/4048 4047/4047/4047
f 4046/4046/4046 4049/4049/4049 4048/4048/4048
f 4050/4050/4050 4052/4052/4052 4051/4051/4051
f 4050/4050/4050 4053/4053/4053 4052/4052/4052
f 4054/4054/4054 4056/4056/4056 4055/4055/4055
f 4054/4054/4054 4057/4057/4057 4056/4056/4056
f 4058/4058/4058 4060/4060/4060 4059/4059/4059
f 4058/4058/4058 4061/4061/4061 4060/4060/4060
f 4062/4062/4062 4064/4064/4064 4063/4063/4063
f 4062/4062/4062 4065/4065/4065 4064/4064/4064
f 4066/4066/4066 4068/4068/4068 4067/4067/4067
f 4066/4066/4066 4069/4069/4069 4068/4068/4068
f 4070/4070/4070 4072/4072/4072 4071/4071/4071
f 4070/4070/4070 4073/4073/4073 4072/4072/4072
f 4074/4074/4074 4076/4076/4076 4075/4075/4075
f 4074/4074/4074 4077/4077/4077 4076/4076/4076
f 4078/4078/4078 4080/4080/4080 4079/4079/4079
f 4078/4078/4078 4081/4081/4081 4080/4080/4080
f 4082/4082/4082 4084/4084/4084 4083/4083/4083
f 4082/4082/4082 4085/4085/4085 4084/4084/4084
f 4086/4086/4086 4088/4088/4088 4087/4087/4087
f 4086/4086/4086 4089/4089/4089 4088/4088/4088
f 4090/4090/4090 4092/4092/4092 4091/4091/4091
f 4090/4090/4090 4093/4093/4093 4092/4092/4092
f 4094/4094/4094 4096/4096/4096 4095/4095/4095
f 4094/4094/4094 4097/4097/4097 4096/4096/4096
f 4098/4098/4098 4100/4100/4100 4099/4099/4099
f 4098/4098/4098 4101/4101/4101 4100/4100/4100
f 4102/4102/4102 4104/4104/4104 4103/4103/4103
f 4102/4102/4102 4105/4105/4105 4104/4104/4104
f 4106/4106/4106 4108/4108/4108 4107/4107/4107
f 4106/4106/4106 4109/4109/4109 4108/4108/4108
f 4110/4110/4110 4112/4112/4112 4111/4111/4111
f 4110/4110/4110 4113/4113/4113 4112/4112/4112
f 4114/4114/4114 4116/4116/4116 4115/4115/4115
f 4114/4114/4114 4117/4117/4117 4116/4116/4116
f 4118/4118/4118 4120/4120/4120 4119/4119/4119
f 4118/4118/4118 4121/4121/4121 4120/4120/4120
f 4122/4122/4122 4124/4124/4124 4123/4123/4123
f 4122/4122/4122 4125/4125/4125 4124/4124/4124
f 4126/4126/4126 4128/4128/4128 4127/4127/4127
f 4126/4126/4126 4129/4129/4129 4128/4128/4128
f 4130/4130/4130 4132/4132/4132 4131/4131/4131
f 4130/4130/4130 4133/4133/4133 4132/4132/4132
f 4134/4134/4134 4136/4136/4136 4135/4135/4135
f 4134/4134/4134 4137/4137/4137 4136/4136/4136
f 4138/4138/4138 4140/4140/4140 4139/4139/4139
f 4138/4138/4138 4141/4141/4141 4140/4140/4140
f 4142/4142/4142 4144/4144/4144 4143/4143/4143
f 4142/4142/4142 4145/4145/4145 4144/4144/4144
f 4146/4146/4146 4148/4148/4148 4147/4147/4147
f 4146/4146/4146 4149/4149/4149 4148/4148/4148
f 4150/4150/4150 4152/4152/4152 4151/4151/4151
f 4150/4150/4150 4153/4153/4153 4152/4152/4152
f 4154/4154/4154 4156/4156/4156 4155/4155/4155
f 4154/4154/4154 4157/4157/4157 4156/4156/4156
f 4158/4158/4158 4160/4160/4160 4159/4159/4159
f 4158/4158/4158 4161/4161/4161 4160/4160/4160
f 4162/4162/4162 4164/4164/4164 4163/4163/4163
f 4162/4162/4162 4165/4165/4165 4164/4164/4164
f 4166/4166/4166 4168/4168/4168 4167/4167/4167
f 4166/4166/4166 4169/4169/4169 4168/4168/4168
f 4170/4170/4170 4172/4172/4172 4171/4171/4171
f 4170/4170/4170 4173/4173/4173 4172/4172/4172
f 4174/4174/4174 4176/4176/4176 4175/4175/4175
f 4174/4174/4174 4177/4177/4177 4176/4176/4176
f 4178/4178/4178 4180/4180/4180 4179/4179/4179
f 4178/4178/4178 4181/4181/4181 4180/4180/4180
f 4181/4181/4181 4182/4182/4182 4180/4180/4180
f 4181/4181/4181 4183/4183/4183 4182/4182/4182
f 4183/4183/4183 4184/4184/4184 4182/4182/4182
f 4183/4183/4183 4185/4185/4185 4184/4184/4184
f 4185/4185/4185 4186/4186/4186 4184/4184/4184
f 4185/4185/4185 4187/4187/4187 4186/4186/4186
f 4188/4188/4188 4190/4190/4190 4189/4189/4189
f 4188/4188/4188 4191/4191/4191 4190/4190/4190
f 4192/4192/4192 4194/4194/4194 4193/4193/4193
f 4192/4192/4192 4193/4193/4193 4195/4195/4195
f 4196/4196/4196 4192/4192/4192 4195/4195/4195
f 4196/4196/4196 4195/4195/4195 4197/4197/4197
f 4198/4198/4198 4196/4196/4196 4197/4197/4197
f 4198/4198/4198 4197/4197/4197 4199/4199/4199
f 4200/4200/4200 4202/4202/4202 4201/4201/4201
f 4200/4200/4200 4203/4203/4203 4202/4202/4202
f 4204/4204/4204 4206/4206/4206 4205/4205/4205
f 4204/4204/4204 4207/4207/4207 4206/4206/4206
f 4208/4208/4208 4210/4210/4210 4209/4209/4209
f 4208/4208/4208 4211/4211/4211 4210/4210/4210
f 4212/4212/4212 4214/4214/4214 4213/4213/4213
f 4212/4212/4212 4215/4215/4215 4214/4214/4214
f 4216/4216/4216 4218/4218/4218 4217/4217/4217
f 4216/4216/4216 4219/4219/4219 4218/4218/4218
f 4219/4219/4219 4220/4220/4220 4218/4218/4218
f 4219/4219/4219 4221/4221/4221 4220/4220/4220
f 4221/4221/4221 4222/4222/4222 4220/4220/4220
f 4221/4221/4221 4223/4223/4223 4222/4222/4222
f 4224/4224/4224 4226/4226/4226 4225/4225/4225
f 4224/4224/4224 4227/4227/4227 4226/4226/4226
f 4228/4228/4228 4230/4230/4230 4229/4229/4229
f 4228/4228/4228 4229/4229/4229 4231/4231/4231
f 4232/4232/4232 4228/4228/4228 4231/4231/4231
f 4232/4232/4232 4231/4231/4231 4233/4233/4233
f 4234/4234/4234 4232/4232/4232 4233/4233/4233
f 4234/4234/4234 4233/4233/4233 4235/4235/4235
f 4236/4236/4236 4234/4234/4234 4235/4235/4235
f 4236/4236/4236 4235/4235/4235 4237/4237/4237
f 4238/4238/4238 4240/4240/4240 4239/4239/4239
f 4240/4240/4240 4238/4238/4238 4241/4241/4241
f 4242/4242/4242 4244/4244/4244 4243/4243/4243
f 4244/4244/4244 4242/4242/4242 4245/4245/4245
f 4246/4246/4246 4248/4248/4248 4247/4247/4247
f 4246/4246/4246 4249/4249/4249 4248/4248/4248
f 4250/4250/4250 4252/4252/4252 4251/4251/4251
f 4250/4250/4250 4253/4253/4253 4252/4252/4252
f 4254/4254/4254 4256/4256/4256 4255/4255/4255
f 4254/4254/4254 4257/4257/4257 4256/4256/4256
f 4258/4258/4258 4260/4260/4260 4259/4259/4259
f 4258/4258/4258 4261/4261/4261 4260/4260/4260
f 4262/4262/4262 4258/4258/4258 4259/4259/4259
f 4258/4258/4258 4263/4263/4263 4261/4261/4261
f 4262/4262/4262 4259/4259/4259 4264/4264/4264
f 4263/4263/4263 4265/4265/4265 4261/4261/4261
f 4266/4266/4266 4262/4262/4262 4264/4264/4264
f 4263/4263/4263 4267/4267/4267 4265/4265/4265
f 4266/4266/4266 4264/4264/4264 4268/4268/4268
f 4267/4267/4267 4269/4269/4269 4265/4265/4265
f 4270/4270/4270 4266/4266/4266 4268/4268/4268
f 4267/4267/4267 4271/4271/4271 4269/4269/4269
f 4270/4270/4270 4268/4268/4268 4272/4272/4272
f 4271/4271/4271 4273/4273/4273 4269/4269/4269
f 4274/4274/4274 4270/4270/4270 4272/4272/4272
f 4274/4274/4274 4272/4272/4272 4275/4275/4275
f 4274/4274/4274 4275/4275/4275 4276/4276/4276
f 4277/4277/4277 4274/4274/4274 4276/4276/4276
f 4277/4277/4277 4276/4276/4276 4278/4278/4278
f 4279/4279/4279 4277/4277/4277 4278/4278/4278
f 4279/4279/4279 4278/4278/4278 4280/4280/4280
f 4281/4281/4281 4279/4279/4279 4280/4280/4280
f 4281/4281/4281 4280/4280/4280 4282/4282/4282
f 4271/4271/4271 4283/4283/4283 4273/4273/4273
f 4283/4283/4283 4284/4284/4284 4273/4273/4273
f 4283/4283/4283 4285/4285/4285 4284/4284/4284
f 4283/4283/4283 4286/4286/4286 4285/4285/4285
f 4286/4286/4286 4287/4287/4287 4285/4285/4285
f 4286/4286/4286 4288/4288/4288 4287/4287/4287
f 4288/4288/4288 4289/4289/4289 4287/4287/4287
f 4288/4288/4288 4290/4290/4290 4289/4289/4289
f 4290/4290/4290 4291/4291/4291 4289/4289/4289
f 4292/4292/4292 4281/4281/4281 4282/4282/4282
f 4290/4290/4290 4292/4292/4292 4291/4291/4291
f 4292/4292/4292 4282/4282/4282 4293/4293/4293
f 4292/4292/4292 4293/4293/4293 4291/4291/4291
f 4294/4294/4294 4296/4296/4296 4295/4295/4295
f 4294/4294/4294 4295/4295/4295 4297/4297/4297
f 4294/4294/4294 4298/4298/4298 4296/4296/4296
f 4298/4298/4298 4299/4299/4299 4296/4296/4296
f 4300/4300/4300 4294/4294/4294 4297/4297/4297
f 4300/4300/4300 4298/4298/4298 4294/4294/4294
f 4300/4300/4300 4297/4297/4297 4301/4301/4301
f 4302/4302/4302 4300/4300/4300 4301/4301/4301
f 4302/4302/4302 4298/4298/4298 4300/4300/4300
f 4302/4302/4302 4301/4301/4301 4303/4303/4303
f 4298/4298/4298 4304/4304/4304 4299/4299/4299
f 4302/4302/4302 4304/4304/4304 4298/4298/4298
f 4304/4304/4304 4305/4305/4305 4299/4299/4299
f 4306/4306/4306 4302/4302/4302 4303/4303/4303
f 4306/4306/4306 4304/4304/4304 4302/4302/4302
f 4306/4306/4306 4303/4303/4303 4307/4307/4307
f 4304/4304/4304 4308/4308/4308 4305/4305/4305
f 4306/4306/4306 4308/4308/4308 4304/4304/4304
f 4308/4308/4308 4309/4309/4309 4305/4305/4305
f 4310/4310/4310 4306/4306/4306 4307/4307/4307
f 4310/4310/4310 4308/4308/4308 4306/4306/4306
f 4310/4310/4310 4307/4307/4307 4311/4311/4311
f 4310/4310/4310 4311/4311/4311 4312/4312/4312
f 4308/4308/4308 4313/4313/4313 4309/4309/4309
f 4310/4310/4310 4313/4313/4313 4308/4308/4308
f 4313/4313/4313 4314/4314/4314 4309/4309/4309
f 4313/4313/4313 4315/4315/4315 4314/4314/4314
f 4316/4316/4316 4310/4310/4310 4312/4312/4312
f 4316/4316/4316 4313/4313/4313 4310/4310/4310
f 4316/4316/4316 4312/4312/4312 4317/4317/4317
f 4313/4313/4313 4318/4318/4318 4315/4315/4315
f 4316/4316/4316 4318/4318/4318 4313/4313/4313
f 4318/4318/4318 4319/4319/4319 4315/4315/4315
f 4320/4320/4320 4316/4316/4316 4317/4317/4317
f 4320/4320/4320 4318/4318/4318 4316/4316/4316
f 4320/4320/4320 4317/4317/4317 4321/4321/4321
f 4318/4318/4318 4322/4322/4322 4319/4319/4319
f 4320/4320/4320 4322/4322/4322 4318/4318/4318
f 4322/4322/4322 4323/4323/4323 4319/4319/4319
f 4324/4324/4324 4320/4320/4320 4321/4321/4321
f 4324/4324/4324 4322/4322/4322 4320/4320/4320
f 4324/4324/4324 4321/4321/4321 4325/4325/4325
f 4322/4322/4322 4326/4326/4326 4323/4323/4323
f 4324/4324/4324 4326/4326/4326 4322/4322/4322
f 4326/4326/4326 4327/4327/4327 4323/4323/4323
f 4328/4328/4328 4324/4324/4324 4325/4325/4325
f 4326/4326/4326 4324/4324/4324 4328/4328/4328
f 4326/4326/4326 4328/4328/4328 4327/4327/4327
f 4328/4328/4328 4325/4325/4325 4329/4329/4329
f 4328/4328/4328 4329/4329/4329 4327/4327/4327
f 4330/4330/4330 4332/4332/4332 4331/4331/4331
f 4332/4332/4332 4330/4330/4330 4333/4333/4333
f 4334/4334/4334 4332/4332/4332 4333/4333/4333
f 4331/4331/4331 4335/4335/4335 4330/4330/4330
f 4336/4336/4336 4334/4334/4334 4333/4333/4333
f 4335/4335/4335 4337/4337/4337 4330/4330/4330
f 4338/4338/4338 4336/4336/4336 4333/4333/4333
f 4337/4337/4337 4339/4339/4339 4330/4330/4330
f 4340/4340/4340 4338/4338/4338 4333/4333/4333
f 4339/4339/4339 4341/4341/4341 4330/4330/4330
f 4341/4341/4341 4342/4342/4342 4330/4330/4330
f 4343/4343/4343 4340/4340/4340 4333/4333/4333
f 4342/4342/4342 4344/4344/4344 4330/4330/4330
f 4333/4333/4333 4330/4330/4330 4344/4344/4344
f 4333/4333/4333 4344/4344/4344 4345/4345/4345
f 4345/4345/4345 4343/4343/4343 4333/4333/4333
f 4344/4344/4344 4342/4342/4342 4346/4346/4346
f 4343/4343/4343 4345/4345/4345 4347/4347/4347
f 4346/4346/4346 4342/4342/4342 4348/4348/4348
f 4346/4346/4346 4348/4348/4348 4349/4349/4349
f 4349/4349/4349 4347/4347/4347 4346/4346/4346
f 4348/4348/4348 4350/4350/4350 4349/4349/4349
f 4350/4350/4350 4351/4351/4351 4349/4349/4349
f 4351/4351/4351 4352/4352/4352 4349/4349/4349
f 4352/4352/4352 4353/4353/4353 4349/4349/4349
f 4343/4343/4343 4347/4347/4347 4354/4354/4354
f 4354/4354/4354 4347/4347/4347 4355/4355/4355
f 4347/4347/4347 4349/4349/4349 4355/4355/4355
f 4353/4353/4353 4356/4356/4356 4349/4349/4349
f 4355/4355/4355 4349/4349/4349 4356/4356/4356
f 4357/4357/4357 4354/4354/4354 4355/4355/4355
f 4355/4355/4355 4356/4356/4356 4358/4358/4358
f 4359/4359/4359 4357/4357/4357 4355/4355/4355
f 4358/4358/4358 4360/4360/4360 4355/4355/4355
f 4361/4361/4361 4359/4359/4359 4355/4355/4355
f 4360/4360/4360 4361/4361/4361 4355/4355/4355
f 4362/4362/4362 4364/4364/4364 4363/4363/4363
f 4364/4364/4364 4362/4362/4362 4365/4365/4365
f 4366/4366/4366 4364/4364/4364 4365/4365/4365
f 4363/4363/4363 4367/4367/4367 4362/4362/4362
f 4368/4368/4368 4366/4366/4366 4365/4365/4365
f 4367/4367/4367 4369/4369/4369 4362/4362/4362
f 4370/4370/4370 4368/4368/4368 4365/4365/4365
f 4369/4369/4369 4371/4371/4371 4362/4362/4362
f 4372/4372/4372 4370/4370/4370 4365/4365/4365
f 4371/4371/4371 4373/4373/4373 4362/4362/4362
f 4373/4373/4373 4374/4374/4374 4362/4362/4362
f 4375/4375/4375 4372/4372/4372 4365/4365/4365
f 4365/4365/4365 4362/4362/4362 4376/4376/4376
f 4374/4374/4374 4376/4376/4376 4362/4362/4362
f 4365/4365/4365 4376/4376/4376 4377/4377/4377
f 4377/4377/4377 4375/4375/4375 4365/4365/4365
f 4376/4376/4376 4374/4374/4374 4378/4378/4378
f 4375/4375/4375 4377/4377/4377 4379/4379/4379
f 4378/4378/4378 4374/4374/4374 4380/4380/4380
f 4378/4378/4378 4380/4380/4380 4381/4381/4381
f 4381/4381/4381 4379/4379/4379 4378/4378/4378
f 4380/4380/4380 4382/4382/4382 4381/4381/4381
f 4382/4382/4382 4383/4383/4383 4381/4381/4381
f 4383/4383/4383 4384/4384/4384 4381/4381/4381
f 4384/4384/4384 4385/4385/4385 4381/4381/4381
f 4375/4375/4375 4379/4379/4379 4386/4386/4386
f 4386/4386/4386 4379/4379/4379 4387/4387/4387
f 4379/4379/4379 4381/4381/4381 4387/4387/4387
f 4385/4385/4385 4388/4388/4388 4381/4381/4381
f 4387/4387/4387 4381/4381/4381 4388/4388/4388
f 4389/4389/4389 4386/4386/4386 4387/4387/4387
f 4387/4387/4387 4388/4388/4388 4390/4390/4390
f 4391/4391/4391 4389/4389/4389 4387/4387/4387
f 4390/4390/4390 4392/4392/4392 4387/4387/4387
f 4393/4393/4393 4391/4391/4391 4387/4387/4387
f 4392/4392/4392 4393/4393/4393 4387/4387/4387
f 4394/4394/4394 4396/4396/4396 4395/4395/4395
f 4394/4394/4394 4395/4395/4395 4397/4397/4397
f 4396/4396/4396 4394/4394/4394 4398/4398/4398
f 4394/4394/4394 4397/4397/4397 4399/4399/4399
f 4396/4396/4396 4398/4398/4398 4400/4400/4400
f 4400/4400/4400 4399/4399/4399 4397/4397/4397
f 4401/4401/4401 4400/4400/4400 4398/4398/4398
f 4399/4399/4399 4400/4400/4400 4402/4402/4402
f 4403/4403/4403 4400/4400/4400 4401/4401/4401
f 4402/4402/4402 4400/4400/4400 4404/4404/4404
f 4404/4404/4404 4400/4400/4400 4403/4403/4403
f 4405/4405/4405 4407/4407/4407 4406/4406/4406
f 4408/4408/4408 4406/4406/4406 4407/4407/4407
f 4409/4409/4409 4405/4405/4405 4406/4406/4406
f 4408/4408/4408 4407/4407/4407 4410/4410/4410
f 4411/4411/4411 4409/4409/4409 4406/4406/4406
f 4410/4410/4410 4412/4412/4412 4408/4408/4408
f 4412/4412/4412 4413/4413/4413 4408/4408/4408
f 4413/4413/4413 4414/4414/4414 4408/4408/4408
f 4414/4414/4414 4415/4415/4415 4408/4408/4408
f 4416/4416/4416 4411/4411/4411 4406/4406/4406
f 4415/4415/4415 4417/4417/4417 4408/4408/4408
f 4417/4417/4417 4406/4406/4406 4408/4408/4408
f 4418/4418/4418 4417/4417/4417 4415/4415/4415
f 4418/4418/4418 4419/4419/4419 4417/4417/4417
f 4419/4419/4419 4418/4418/4418 4420/4420/4420
f 4418/4418/4418 4421/4421/4421 4420/4420/4420
f 4421/4421/4421 4422/4422/4422 4420/4420/4420
f 4422/4422/4422 4423/4423/4423 4420/4420/4420
f 4424/4424/4424 4406/4406/4406 4417/4417/4417
f 4423/4423/4423 4425/4425/4425 4420/4420/4420
f 4425/4425/4425 4426/4426/4426 4420/4420/4420
f 4420/4420/4420 4427/4427/4427 4419/4419/4419
f 4420/4420/4420 4426/4426/4426 4427/4427/4427
f 4426/4426/4426 4425/4425/4425 4428/4428/4428
f 4428/4428/4428 4429/4429/4429 4426/4426/4426
f 4429/4429/4429 4430/4430/4430 4426/4426/4426
f 4430/4430/4430 4431/4431/4431 4426/4426/4426
f 4431/4431/4431 4432/4432/4432 4426/4426/4426
f 4432/4432/4432 4427/4427/4427 4426/4426/4426
f 4427/4427/4427 4432/4432/4432 4433/4433/4433
f 4433/4433/4433 4432/4432/4432 4416/4416/4416
f 4433/4433/4433 4416/4416/4416 4406/4406/4406
f 4406/4406/4406 4424/4424/4424 4434/4434/4434
f 4433/4433/4433 4406/4406/4406 4434/4434/4434
f 4424/4424/4424 4435/4435/4435 4434/4434/4434
f 4436/4436/4436 4433/4433/4433 4434/4434/4434
f 4435/4435/4435 4437/4437/4437 4434/4434/4434
f 4438/4438/4438 4436/4436/4436 4434/4434/4434
f 4437/4437/4437 4438/4438/4438 4434/4434/4434
f 4439/4439/4439 4441/4441/4441 4440/4440/4440
f 4442/4442/4442 4439/4439/4439 4440/4440/4440
f 4443/4443/4443 4442/4442/4442 4440/4440/4440
f 4444/4444/4444 4443/4443/4443 4440/4440/4440
f 4443/4443/4443 4444/4444/4444 4445/4445/4445
f 4446/4446/4446 4445/4445/4445 4444/4444/4444
f 4447/4447/4447 4446/4446/4446 4444/4444/4444
f 4448/4448/4448 4447/4447/4447 4444/4444/4444
f 4449/4449/4449 4448/4448/4448 4444/4444/4444
f 4441/4441/4441 4450/4450/4450 4440/4440/4440
f 4451/4451/4451 4449/4449/4449 4444/4444/4444
f 4444/4444/4444 4440/4440/4440 4451/4451/4451
f 4451/4451/4451 4440/4440/4440 4452/4452/4452
f 4450/4450/4450 4452/4452/4452 4440/4440/4440
f 4449/4449/4449 4451/4451/4451 4453/4453/4453
f 4452/4452/4452 4450/4450/4450 4454/4454/4454
f 4455/4455/4455 4453/4453/4453 4454/4454/4454
f 4453/4453/4453 4455/4455/4455 4456/4456/4456
f 4449/4449/4449 4453/4453/4453 4457/4457/4457
f 4457/4457/4457 4453/4453/4453 4456/4456/4456
f 4454/4454/4454 4450/4450/4450 4458/4458/4458
f 4454/4454/4454 4458/4458/4458 4455/4455/4455
f 4459/4459/4459 4457/4457/4457 4456/4456/4456
f 4458/4458/4458 4460/4460/4460 4455/4455/4455
f 4461/4461/4461 4459/4459/4459 4456/4456/4456
f 4460/4460/4460 4462/4462/4462 4455/4455/4455
f 4462/4462/4462 4463/4463/4463 4455/4455/4455
f 4463/4463/4463 4464/4464/4464 4455/4455/4455
f 4456/4456/4456 4455/4455/4455 4464/4464/4464
f 4465/4465/4465 4461/4461/4461 4456/4456/4456
f 4456/4456/4456 4464/4464/4464 4466/4466/4466
f 4466/4466/4466 4465/4465/4465 4456/4456/4456
usemtl screen
f 4467/4467/4467 4469/4469/4469 4468/4468/4468
f 4469/4469/4469 4467/4467/4467 4470/4470/4470
f 4470/4470/4470 4467/4467/4467 4471/4471/4471
f 4470/4470/4470 4471/4471/4471 4472/4472/4472
f 4472/4472/4472 4471/4471/4471 4473/4473/4473
f 4472/4472/4472 4473/4473/4473 4474/4474/4474
f 4474/4474/4474 4473/4473/4473 4475/4475/4475
f 4474/4474/4474 4475/4475/4475 4476/4476/4476
usemtl glass
f 4477/4477/4477 4479/4479/4479 4478/4478/4478
f 4477/4477/4477 4480/4480/4480 4479/4479/4479
f 4481/4481/4481 4483/4483/4483 4482/4482/4482
f 4481/4481/4481 4484/4484/4484 4483/4483/4483
f 4485/4485/4485 4487/4487/4487 4486/4486/4486
f 4485/4485/4485 4488/4488/4488 4487/4487/4487
f 4489/4489/4489 4491/4491/4491 4490/4490/4490
f 4489/4489/4489 4492/4492/4492 4491/4491/4491
f 4493/4493/4493 4495/4495/4495 4494/4494/4494
f 4493/4493/4493 4496/4496/4496 4495/4495/4495
f 4497/4497/4497 4499/4499/4499 4498/4498/4498
f 4497/4497/4497 4500/4500/4500 4499/4499/4499
usemtl desk
f 4501/4501/4501 4503/4503/4503 4502/4502/4502
f 4501/4501/4501 4504/4504/4504 4503/4503/4503
f 4505/4505/4505 4507/4507/4507 4506/4506/4506
f 4505/4505/4505 4508/4508/4508 4507/4507/4507
f 4509/4509/4509 4511/4511/4511 4510/4510/4510
f 4509/4509/4509 4512/4512/4512 4511/4511/4511
f 4513/4513/4513 4515/4515/4515 4514/4514/4514
f 4513/4513/4513 4516/4516/4516 4515/4515/4515
f 4517/4517/4517 4519/4519/4519 4518/4518/4518
f 4517/4517/4517 4518/4518/4518 4520/4520/4520
f 4521/4521/4521 4517/4517/4517 4520/4520/4520
f 4521/4521/4521 4520/4520/4520 4522/4522/4522
f 4523/4523/4523 4521/4521/4521 4522/4522/4522
f 4523/4523/4523 4522/4522/4522 4524/4524/4524
f 4525/4525/4525 4523/4523/4523 4524/4524/4524
f 4525/4525/4525 4524/4524/4524 4526/4526/4526
f 4527/4527/4527 4525/4525/4525 4526/4526/4526
f 4527/4527/4527 4526/4526/4526 4528/4528/4528
f 4529/4529/4529 4527/4527/4527 4528/4528/4528
f 4529/4529/4529 4528/4528/4528 4530/4530/4530
f 4531/4531/4531 4529/4529/4529 4530/4530/4530
f 4531/4531/4531 4530/4530/4530 4532/4532/4532
f 4533/4533/4533 4531/4531/4531 4532/4532/4532
f 4533/4533/4533 4532/4532/4532 4534/4534/4534
f 4535/4535/4535 4537/4537/4537 4536/4536/4536
f 4535/4535/4535 4538/4538/4538 4537/4537/4537
f 4539/4539/4539 4541/4541/4541 4540/4540/4540
f 4539/4539/4539 4542/4542/4542 4541/4541/4541
f 4543/4543/4543 4545/4545/4545 4544/4544/4544
f 4543/4543/4543 4546/4546/4546 4545/4545/4545
f 4547/4547/4547 4549/4549/4549 4548/4548/4548
f 4547/4547/4547 4550/4550/4550 4549/4549/4549
f 4551/4551/4551 4553/4553/4553 4552/4552/4552
f 4551/4551/4551 4554/4554/4554 4553/4553/4553
f 4555/4555/4555 4557/4557/4557 4556/4556/4556
f 4555/4555/4555 4558/4558/4558 4557/4557/4557
f 4559/4559/4559 4561/4561/4561 4560/4560/4560
f 4559/4559/4559 4562/4562/4562 4561/4561/4561
f 4563/4563/4563 4565/4565/4565 4564/4564/4564
f 4563/4563/4563 4566/4566/4566 4565/4565/4565
f 4567/4567/4567 4569/4569/4569 4568/4568/4568
f 4567/4567/4567 4570/4570/4570 4569/4569/4569
f 4571/4571/4571 4573/4573/4573 4572/4572/4572
f 4571/4571/4571 4574/4574/4574 4573/4573/4573
f 4575/4575/4575 4577/4577/4577 4576/4576/4576
f 4575/4575/4575 4578/4578/4578 4577/4577/4577
f 4579/4579/4579 4581/4581/4581 4580/4580/4580
f 4579/4579/4579 4582/4582/4582 4581/4581/4581
f 4583/4583/4583 4585/4585/4585 4584/4584/4584
f 4583/4583/4583 4586/4586/4586 4585/4585/4585
f 4587/4587/4587 4589/4589/4589 4588/4588/4588
f 4587/4587/4587 4590/4590/4590 4589/4589/4589
f 4591/4591/4591 4593/4593/4593 4592/4592/4592
f 4591/4591/4591 4594/4594/4594 4593/4593/4593
f 4595/4595/4595 4597/4597/4597 4596/4596/4596
f 4595/4595/4595 4598/4598/4598 4597/4597/4597
f 4599/4599/4599 4601/4601/4601 4600/4600/4600
f 4599/4599/4599 4602/4602/4602 4601/4601/4601
f 4603/4603/4603 4605/4605/4605 4604/4604/4604
f 4603/4603/4603 4606/4606/4606 4605/4605/4605
f 4607/4607/4607 4609/4609/4609 4608/4608/4608
f 4607/4607/4607 4610/4610/4610 4609/4609/4609
f 4611/4611/4611 4613/4613/4613 4612/4612/4612
f 4611/4611/4611 4614/4614/4614 4613/4613/4613
f 4615/4615/4615 4617/4617/4617 4616/4616/4616
f 4615/4615/4615 4618/4618/4618 4617/4617/4617
f 4619/4619/4619 4621/4621/4621 4620/4620/4620
f 4619/4619/4619 4622/4622/4622 4621/4621/4621
f 4623/4623/4623 4625/4625/4625 4624/4624/4624
f 4623/4623/4623 4626/4626/4626 4625/4625/4625
f 4627/4627/4627 4629/4629/4629 4628/4628/4628
f 4627/4627/4627 4630/4630/4630 4629/4629/4629
f 4631/4631/4631 4633/4633/4633 4632/4632/4632
f 4631/4631/4631 4634/4634/4634 4633/4633/4633
f 4635/4635/4635 4637/4637/4637 4636/4636/4636
f 4635/4635/4635 4638/4638/4638 4637/4637/4637
f 4639/4639/4639 4641/4641/4641 4640/4640/4640
f 4639/4639/4639 4642/4642/4642 4641/4641/4641
f 4643/4643/4643 4645/4645/4645 4644/4644/4644
f 4643/4643/4643 4646/4646/4646 4645/4645/4645
f 4647/4647/4647 4649/4649/4649 4648/4648/4648
f 4647/4647/4647 4650/4650/4650 4649/4649/4649
f 4651/4651/4651 4653/4653/4653 4652/4652/4652
f 4651/4651/4651 4654/4654/4654 4653/4653/4653
f 4655/4655/4655 4657/4657/4657 4656/4656/4656
f 4655/4655/4655 4658/4658/4658 4657/4657/4657
f 4659/4659/4659 4661/4661/4661 4660/4660/4660
f 4659/4659/4659 4662/4662/4662 4661/4661/4661
f 4663/4663/4663 4665/4665/4665 4664/4664/4664
f 4663/4663/4663 4666/4666/4666 4665/4665/4665
f 4667/4667/4667 4669/4669/4669 4668/4668/4668
f 4667/4667/4667 4670/4670/4670 4669/4669/4669
f 4671/4671/4671 4673/4673/4673 4672/4672/4672
f 4671/4671/4671 4674/4674/4674 4673/4673/4673
f 4675/4675/4675 4677/4677/4677 4676/4676/4676
f 4675/4675/4675 4678/4678/4678 4677/4677/4677
f 4679/4679/4679 4681/4681/4681 4680/4680/4680
f 4679/4679/4679 4682/4682/4682 4681/4681/4681
f 4683/4683/4683 4685/4685/4685 4684/4684/4684
f 4683/4683/4683 4686/4686/4686 4685/4685/4685
f 4687/4687/4687 4689/4689/4689 4688/4688/4688
f 4687/4687/4687 4690/4690/4690 4689/4689/4689
f 4691/4691/4691 4693/4693/4693 4692/4692/4692
f 4691/4691/4691 4694/4694/4694 4693/4693/4693
f 4695/4695/4695 4697/4697/4697 4696/4696/4696
f 4695/4695/4695 4698/4698/4698 4697/4697/4697
f 4699/4699/4699 4701/4701/4701 4700/4700/4700
f 4699/4699/4699 4702/4702/4702 4701/4701/4701
f 4703/4703/4703 4705/4705/4705 4704/4704/4704
f 4703/4703/4703 4706/4706/4706 4705/4705/4705
f 4707/4707/4707 4709/4709/4709 4708/4708/4708
f 4707/4707/4707 4710/4710/4710 4709/4709/4709
f 4711/4711/4711 4713/4713/4713 4712/4712/4712
f 4711/4711/4711 4714/4714/4714 4713/4713/4713
f 4715/4715/4715 4717/4717/4717 4716/4716/4716
f 4715/4715/4715 4718/4718/4718 4717/4717/4717
f 4719/4719/4719 4721/4721/4721 4720/4720/4720
f 4719/4719/4719 4722/4722/4722 4721/4721/4721
f 4723/4723/4723 4725/4725/4725 4724/4724/4724
f 4723/4723/4723 4726/4726/4726 4725/4725/4725
f 4727/4727/4727 4729/4729/4729 4728/4728/4728
f 4727/4727/4727 4730/4730/4730 4729/4729/4729
f 4731/4731/4731 4733/4733/4733 4732/4732/4732
f 4731/4731/4731 4734/4734/4734 4733/4733/4733
f 4735/4735/4735 4737/4737/4737 4736/4736/4736
f 4735/4735/4735 4738/4738/4738 4737/4737/4737
f 4739/4739/4739 4741/4741/4741 4740/4740/4740
f 4739/4739/4739 4742/4742/4742 4741/4741/4741
f 4743/4743/4743 4745/4745/4745 4744/4744/4744
f 4743/4743/4743 4746/4746/4746 4745/4745/4745
f 4747/4747/4747 4749/4749/4749 4748/4748/4748
f 4747/4747/4747 4750/4750/4750 4749/4749/4749
f 4751/4751/4751 4753/4753/4753 4752/4752/4752
f 4751/4751/4751 4754/4754/4754 4753/4753/4753
f 4755/4755/4755 4757/4757/4757 4756/4756/4756
f 4755/4755/4755 4758/4758/4758 4757/4757/4757
f 4759/4759/4759 4761/4761/4761 4760/4760/4760
f 4759/4759/4759 4762/4762/4762 4761/4761/4761
f 4763/4763/4763 4765/4765/4765 4764/4764/4764
f 4763/4763/4763 4766/4766/4766 4765/4765/4765
f 4767/4767/4767 4769/4769/4769 4768/4768/4768
f 4767/4767/4767 4770/4770/4770 4769/4769/4769
f 4771/4771/4771 4773/4773/4773 4772/4772/4772
f 4771/4771/4771 4774/4774/4774 4773/4773/4773
f 4775/4775/4775 4777/4777/4777 4776/4776/4776
f 4775/4775/4775 4778/4778/4778 4777/4777/4777
f 4779/4779/4779 4781/4781/4781 4780/4780/4780
f 4779/4779/4779 4782/4782/4782 4781/4781/4781
f 4783/4783/4783 4785/4785/4785 4784/4784/4784
f 4783/4783/4783 4786/4786/4786 4785/4785/4785
f 4787/4787/4787 4789/4789/4789 4788/4788/4788
f 4787/4787/4787 4790/4790/4790 4789/4789/4789
f 4791/4791/4791 4793/4793/4793 4792/4792/4792
f 4791/4791/4791 4794/4794/4794 4793/4793/4793
f 4795/4795/4795 4797/4797/4797 4796/4796/4796
f 4795/4795/4795 4798/4798/4798 4797/4797/4797
f 4799/4799/4799 4801/4801/4801 4800/4800/4800
f 4799/4799/4799 4802/4802/4802 4801/4801/4801
f 4803/4803/4803 4805/4805/4805 4804/4804/4804
f 4803/4803/4803 4806/4806/4806 4805/4805/4805
f 4807/4807/4807 4809/4809/4809 4808/4808/4808
f 4807/4807/4807 4810/4810/4810 4809/4809/4809
f 4811/4811/4811 4813/4813/4813 4812/4812/4812
f 4811/4811/4811 4814/4814/4814 4813/4813/4813
f 4815/4815/4815 4817/4817/4817 4816/4816/4816
f 4815/4815/4815 4818/4818/4818 4817/4817/4817
f 4819/4819/4819 4821/4821/4821 4820/4820/4820
f 4819/4819/4819 4822/4822/4822 4821/4821/4821
f 4823/4823/4823 4825/4825/4825 4824/4824/4824
f 4823/4823/4823 4826/4826/4826 4825/4825/4825
f 4827/4827/4827 4829/4829/4829 4828/4828/4828
f 4827/4827/4827 4830/4830/4830 4829/4829/4829
f 4831/4831/4831 4833/4833/4833 4832/4832/4832
f 4831/4831/4831 4834/4834/4834 4833/4833/4833
f 4835/4835/4835 4837/4837/4837 4836/4836/4836
f 4835/4835/4835 4838/4838/4838 4837/4837/4837
f 4839/4839/4839 4841/4841/4841 4840/4840/4840
f 4839/4839/4839 4842/4842/4842 4841/4841/4841
f 4843/4843/4843 4845/4845/4845 4844/4844/4844
f 4843/4843/4843 4846/4846/4846 4845/4845/4845
f 4847/4847/4847 4849/4849/4849 4848/4848/4848
f 4847/4847/4847 4850/4850/4850 4849/4849/4849
f 4851/4851/4851 4853/4853/4853 4852/4852/4852
f 4851/4851/4851 4854/4854/4854 4853/4853/4853
f 4855/4855/4855 4857/4857/4857 4856/4856/4856
f 4855/4855/4855 4858/4858/4858 4857/4857/4857
f 4859/4859/4859 4861/4861/4861 4860/4860/4860
f 4859/4859/4859 4862/4862/4862 4861/4861/4861
f 4863/4863/4863 4865/4865/4865 4864/4864/4864
f 4863/4863/4863 4866/4866/4866 4865/4865/4865
f 4867/4867/4867 4869/4869/4869 4868/4868/4868
f 4867/4867/4867 4870/4870/4870 4869/4869/4869
f 4871/4871/4871 4873/4873/4873 4872/4872/4872
f 4871/4871/4871 4874/4874/4874 4873/4873/4873
f 4875/4875/4875 4877/4877/4877 4876/4876/4876
f 4875/4875/4875 4878/4878/4878 4877/4877/4877
f 4879/4879/4879 4881/4881/4881 4880/4880/4880
f 4879/4879/4879 4882/4882/4882 4881/4881/4881
f 4883/4883/4883 4885/4885/4885 4884/4884/4884
f 4883/4883/4883 4886/4886/4886 4885/4885/4885
f 4887/4887/4887 4889/4889/4889 4888/4888/4888
f 4887/4887/4887 4890/4890/4890 4889/4889/4889
f 4891/4891/4891 4893/4893/4893 4892/4892/4892
f 4891/4891/4891 4894/4894/4894 4893/4893/4893
f 4895/4895/4895 4897/4897/4897 4896/4896/4896
f 4895/4895/4895 4898/4898/4898 4897/4897/4897
f 4899/4899/4899 4901/4901/4901 4900/4900/4900
f 4899/4899/4899 4902/4902/4902 4901/4901/4901
f 4903/4903/4903 4905/4905/4905 4904/4904/4904
f 4903/4903/4903 4906/4906/4906 4905/4905/4905
f 4907/4907/4907 4909/4909/4909 4908/4908/4908
f 4907/4907/4907 4910/4910/4910 4909/4909/4909
f 4911/4911/4911 4913/4913/4913 4912/4912/4912
f 4911/4911/4911 4914/4914/4914 4913/4913/4913
f 4915/4915/4915 4917/4917/4917 4916/4916/4916
f 4915/4915/4915 4918/4918/4918 4917/4917/4917
f 4919/4919/4919 4921/4921/4921 4920/4920/4920
f 4919/4919/4919 4922/4922/4922 4921/4921/4921
f 4923/4923/4923 4925/4925/4925 4924/4924/4924
f 4923/4923/4923 4926/4926/4926 4925/4925/4925
f 4927/4927/4927 4929/4929/4929 4928/4928/4928
f 4927/4927/4927 4930/4930/4930 4929/4929/4929
f 4931/4931/4931 4933/4933/4933 4932/4932/4932
f 4931/4931/4931 4934/4934/4934 4933/4933/4933
f 4935/4935/4935 4937/4937/4937 4936/4936/4936
f 4935/4935/4935 4938/4938/4938 4937/4937/4937
f 4939/4939/4939 4941/4941/4941 4940/4940/4940
f 4939/4939/4939 4942/4942/4942 4941/4941/4941
f 4943/4943/4943 4945/4945/4945 4944/4944/4944
f 4943/4943/4943 4946/4946/4946 4945/4945/4945
f 4947/4947/4947 4949/4949/4949 4948/4948/4948
f 4947/4947/4947 4950/4950/4950 4949/4949/4949
f 4951/4951/4951 4953/4953/4953 4952/4952/4952
f 4951/4951/4951 4954/4954/4954 4953/4953/4953
f 4955/4955/4955 4951/4951/4951 4952/4952/4952
f 4954/4954/4954 4956/4956/4956 4953/4953/4953
f 4955/4955/4955 4952/4952/4952 4957/4957/4957
f 4954/4954/4954 4958/4958/4958 4956/4956/4956
f 4959/4959/4959 4955/4955/4955 4957/4957/4957
f 4958/4958/4958 4960/4960/4960 4956/4956/4956
f 4959/4959/4959 4957/4957/4957 4961/4961/4961
f 4958/4958/4958 4962/4962/4962 4960/4960/4960
f 4963/4963/4963 4959/4959/4959 4961/4961/4961
f 4962/4962/4962 4964/4964/4964 4960/4960/4960
f 4963/4963/4963 4961/4961/4961 4965/4965/4965
f 4962/4962/4962 4966/4966/4966 4964/4964/4964
f 4967/4967/4967 4963/4963/4963 4965/4965/4965
f 4966/4966/4966 4968/4968/4968 4964/4964/4964
f 4967/4967/4967 4965/4965/4965 4969/4969/4969
f 4966/4966/4966 4970/4970/4970 4968/4968/4968
f 4971/4971/4971 4967/4967/4967 4969/4969/4969
f 4970/4970/4970 4972/4972/4972 4968/4968/4968
f 4971/4971/4971 4969/4969/4969 4973/4973/4973
f 4970/4970/4970 4974/4974/4974 4972/4972/4972
f 4975/4975/4975 4971/4971/4971 4973/4973/4973
f 4974/4974/4974 4976/4976/4976 4972/4972/4972
f 4975/4975/4975 4973/4973/4973 4977/4977/4977
f 4974/4974/4974 4978/4978/4978 4976/4976/4976
f 4979/4979/4979 4975/4975/4975 4977/4977/4977
f 4978/4978/4978 4980/4980/4980 4976/4976/4976
f 4979/4979/4979 4977/4977/4977 4981/4981/4981
f 4978/4978/4978 4982/4982/4982 4980/4980/4980
f 4983/4983/4983 4979/4979/4979 4981/4981/4981
f 4982/4982/4982 4984/4984/4984 4980/4980/4980
f 4983/4983/4983 4981/4981/4981 4985/4985/4985
f 4982/4982/4982 4986/4986/4986 4984/4984/4984
f 4986/4986/4986 4983/4983/4983 4985/4985/4985
f 4986/4986/4986 4985/4985/4985 4984/4984/4984
f 4987/4987/4987 4989/4989/4989 4988/4988/4988
f 4987/4987/4987 4990/4990/4990 4989/4989/4989
f 4990/4990/4990 4991/4991/4991 4989/4989/4989
f 4992/4992/4992 4987/4987/4987 4988/4988/4988
f 4992/4992/4992 4988/4988/4988 4993/4993/4993
f 4990/4990/4990 4994/4994/4994 4991/4991/4991
f 4994/4994/4994 4995/4995/4995 4991/4991/4991
f 4996/4996/4996 4992/4992/4992 4993/4993/4993
f 4996/4996/4996 4993/4993/4993 4997/4997/4997
f 4998/4998/4998 4996/4996/4996 4997/4997/4997
f 4998/4998/4998 4992/4992/4992 4996/4996/4996
f 4998/4998/4998 4997/4997/4997 4999/4999/4999
f 4992/4992/4992 4998/4998/4998 5000/5000/5000
f 5000/5000/5000 4998/4998/4998 4999/4999/4999
f 4992/4992/4992 5000/5000/5000 4987/4987/4987
f 5000/5000/5000 4999/4999/4999 5001/5001/5001
f 4987/4987/4987 5000/5000/5000 5002/5002/5002
f 5002/5002/5002 5000/5000/5000 5001/5001/5001
f 4987/4987/4987 5002/5002/5002 4990/4990/4990
f 5002/5002/5002 5001/5001/5001 5003/5003/5003
f 5004/5004/5004 5002/5002/5002 5003/5003/5003
f 4990/4990/4990 5002/5002/5002 5004/5004/5004
f 5004/5004/5004 5003/5003/5003 5005/5005/5005
f 4990/4990/4990 5004/5004/5004 5006/5006/5006
f 5006/5006/5006 5004/5004/5004 5005/5005/5005
f 5006/5006/5006 5005/5005/5005 5007/5007/5007
f 4990/4990/4990 5006/5006/5006 4994/4994/4994
f 5008/5008/5008 5006/5006/5006 5007/5007/5007
f 4994/4994/4994 5006/5006/5006 5008/5008/5008
f 5008/5008/5008 5007/5007/5007 5009/5009/5009
f 4994/4994/4994 5008/5008/5008 5010/5010/5010
f 4994/4994/4994 5010/5010/5010 4995/4995/4995
f 5010/5010/5010 5011/5011/5011 4995/4995/4995
f 5010/5010/5010 5012/5012/5012 5011/5011/5011
f 5012/5012/5012 5013/5013/5013 5011/5011/5011
f 5014/5014/5014 5008/5008/5008 5009/5009/5009
f 5010/5010/5010 5008/5008/5008 5014/5014/5014
f 5010/5010/5010 5014/5014/5014 5012/5012/5012
f 5014/5014/5014 5009/5009/5009 5015/5015/5015
f 5016/5016/5016 5014/5014/5014 5015/5015/5015
f 5012/5012/5012 5014/5014/5014 5016/5016/5016
f 5016/5016/5016 5015/5015/5015 5017/5017/5017
f 5018/5018/5018 5016/5016/5016 5017/5017/5017
f 5012/5012/5012 5016/5016/5016 5018/5018/5018
f 5018/5018/5018 5017/5017/5017 5019/5019/5019
f 5020/5020/5020 5018/5018/5018 5019/5019/5019
f 5012/5012/5012 5018/5018/5018 5020/5020/5020
f 5020/5020/5020 5019/5019/5019 5021/5021/5021
f 5012/5012/5012 5022/5022/5022 5013/5013/5013
f 5012/5012/5012 5020/5020/5020 5022/5022/5022
f 5022/5022/5022 5021/5021/5021 5013/5013/5013
f 5022/5022/5022 5020/5020/5020 5021/5021/5021
usemtl chair
f 5023/5023/5023 5025/5025/5025 5024/5024/5024
f 5026/5026/5026 5028/5028/5028 5027/5027/5027
f 5029/5029/5029 5031/5031/5031 5030/5030/5030
f 5032/5032/5032 5034/5034/5034 5033/5033/5033
f 5035/5035/5035 5037/5037/5037 5036/5036/5036
f 5038/5038/5038 5040/5040/5040 5039/5039/5039
f 5041/5041/5041 5043/5043/5043 5042/5042/5042
f 5044/5044/5044 5046/5046/5046 5045/5045/5045
f 5047/5047/5047 5049/5049/5049 5048/5048/5048
f 5050/5050/5050 5052/5052/5052 5051/5051/5051
f 5053/5053/5053 5055/5055/5055 5054/5054/5054
f 5056/5056/5056 5058/5058/5058 5057/5057/5057
f 5059/5059/5059 5061/5061/5061 5060/5060/5060
f 5062/5062/5062 5064/5064/5064 5063/5063/5063
f 5065/5065/5065 5067/5067/5067 5066/5066/5066
f 5068/5068/5068 5070/5070/5070 5069/5069/5069
f 5071/5071/5071 5073/5073/5073 5072/5072/5072
f 5074/5074/5074 5076/5076/5076 5075/5075/5075
f 5077/5077/5077 5079/5079/5079 5078/5078/5078
f 5080/5080/5080 5082/5082/5082 5081/5081/5081
f 5083/5083/5083 5085/5085/5085 5084/5084/5084
f 5086/5086/5086 5088/5088/5088 5087/5087/5087
f 5089/5089/5089 5091/5091/5091 5090/5090/5090
f 5092/5092/5092 5094/5094/5094 5093/5093/5093
f 5095/5095/5095 5097/5097/5097 5096/5096/5096
f 5098/5098/5098 5100/5100/5100 5099/5099/5099
f 5101/5101/5101 5103/5103/5103 5102/5102/5102
f 5104/5104/5104 5106/5106/5106 5105/5105/5105
f 5107/5107/5107 5109/5109/5109 5108/5108/5108
f 5110/5110/5110 5112/5112/5112 5111/5111/5111
f 5113/5113/5113 5115/5115/5115 5114/5114/5114
f 5116/5116/5116 5118/5118/5118 5117/5117/5117
f 5119/5119/5119 5121/5121/5121 5120/5120/5120
f 5122/5122/5122 5124/5124/5124 5123/5123/5123
f 5125/5125/5125 5127/5127/5127 5126/5126/5126
f 5128/5128/5128 5130/5130/5130 5129/5129/5129
f 5128/5128/5128 5131/5131/5131 5130/5130/5130
f 5132/5132/5132 5134/5134/5134 5133/5133/5133
f 5132/5132/5132 5135/5135/5135 5134/5134/5134
f 5136/5136/5136 5138/5138/5138 5137/5137/5137
f 5139/5139/5139 5136/5136/5136 5137/5137/5137
f 5140/5140/5140 5142/5142/5142 5141/5141/5141
f 5140/5140/5140 5143/5143/5143 5142/5142/5142
f 5144/5144/5144 5146/5146/5146 5145/5145/5145
f 5144/5144/5144 5147/5147/5147 5146/5146/5146
f 5148/5148/5148 5150/5150/5150 5149/5149/5149
f 5151/5151/5151 5149/5149/5149 5150/5150/5150
f 5152/5152/5152 5154/5154/5154 5153/5153/5153
f 5153/5153/5153 5154/5154/5154 5155/5155/5155
f 5153/5153/5153 5155/5155/5155 5156/5156/5156
f 5157/5157/5157 5159/5159/5159 5158/5158/5158
f 5157/5157/5157 5160/5160/5160 5159/5159/5159
f 5161/5161/5161 5163/5163/5163 5162/5162/5162
f 5161/5161/5161 5164/5164/5164 5163/5163/5163
f 5165/5165/5165 5167/5167/5167 5166/5166/5166
f 5165/5165/5165 5168/5168/5168 5167/5167/5167
f 5169/5169/5169 5171/5171/5171 5170/5170/5170
f 5169/5169/5169 5172/5172/5172 5171/5171/5171
f 5173/5173/5173 5175/5175/5175 5174/5174/5174
f 5173/5173/5173 5176/5176/5176 5175/5175/5175
f 5177/5177/5177 5179/5179/5179 5178/5178/5178
f 5177/5177/5177 5180/5180/5180 5179/5179/5179
f 5181/5181/5181 5183/5183/5183 5182/5182/5182
f 5181/5181/5181 5184/5184/5184 5183/5183/5183
f 5185/5185/5185 5187/5187/5187 5186/5186/5186
f 5185/5185/5185 5188/5188/5188 5187/5187/5187
f 5189/5189/5189 5191/5191/5191 5190/5190/5190
f 5189/5189/5189 5192/5192/5192 5191/5191/5191
f 5193/5193/5193 5195/5195/5195 5194/5194/5194
f 5193/5193/5193 5196/5196/5196 5195/5195/5195
f 5197/5197/5197 5199/5199/5199 5198/5198/5198
f 5197/5197/5197 5200/5200/5200 5199/5199/5199
f 5201/5201/5201 5203/5203/5203 5202/5202/5202
f 5201/5201/5201 5204/5204/5204 5203/5203/5203
f 5205/5205/5205 5207/5207/5207 5206/5206/5206
f 5205/5205/5205 5208/5208/5208 5207/5207/5207
f 5209/5209/5209 5211/5211/5211 5210/5210/5210
f 5209/5209/5209 5212/5212/5212 5211/5211/5211
f 5213/5213/5213 5215/5215/5215 5214/5214/5214
f 5213/5213/5213 5216/5216/5216 5215/5215/5215
f 5217/5217/5217 5219/5219/5219 5218/5218/5218
f 5217/5217/5217 5220/5220/5220 5219/5219/5219
f 5221/5221/5221 5223/5223/5223 5222/5222/5222
f 5221/5221/5221 5224/5224/5224 5223/5223/5223
f 5225/5225/5225 5227/5227/5227 5226/5226/5226
f 5225/5225/5225 5228/5228/5228 5227/5227/5227
f 5229/5229/5229 5231/5231/5231 5230/5230/5230
f 5229/5229/5229 5232/5232/5232 5231/5231/5231
f 5233/5233/5233 5235/5235/5235 5234/5234/5234
f 5233/5233/5233 5236/5236/5236 5235/5235/5235
f 5237/5237/5237 5239/5239/5239 5238/5238/5238
f 5237/5237/5237 5240/5240/5240 5239/5239/5239
f 5241/5241/5241 5243/5243/5243 5242/5242/5242
f 5241/5241/5241 5244/5244/5244 5243/5243/5243
f 5245/5245/5245 5247/5247/5247 5246/5246/5246
f 5245/5245/5245 5248/5248/5248 5247/5247/5247
f 5249/5249/5249 5251/5251/5251 5250/5250/5250
f 5249/5249/5249 5252/5252/5252 5251/5251/5251
f 5253/5253/5253 5255/5255/5255 5254/5254/5254
f 5253/5253/5253 5256/5256/5256 5255/5255/5255
f 5257/5257/5257 5259/5259/5259 5258/5258/5258
f 5257/5257/5257 5260/5260/5260 5259/5259/5259
f 5261/5261/5261 5263/5263/5263 5262/5262/5262
f 5261/5261/5261 5264/5264/5264 5263/5263/5263
f 5265/5265/5265 5267/5267/5267 5266/5266/5266
f 5265/5265/5265 5268/5268/5268 5267/5267/5267
f 5269/5269/5269 5271/5271/5271 5270/5270/5270
f 5269/5269/5269 5272/5272/5272 5271/5271/5271
f 5273/5273/5273 5275/5275/5275 5274/5274/5274
f 5273/5273/5273 5276/5276/5276 5275/5275/5275
f 5277/5277/5277 5279/5279/5279 5278/5278/5278
f 5277/5277/5277 5280/5280/5280 5279/5279/5279
f 5281/5281/5281 5283/5283/5283 5282/5282/5282
f 5281/5281/5281 5284/5284/5284 5283/5283/5283
f 5285/5285/5285 5287/5287/5287 5286/5286/5286
f 5285/5285/5285 5288/5288/5288 5287/5287/5287
f 5289/5289/5289 5291/5291/5291 5290/5290/5290
f 5289/5289/5289 5292/5292/5292 5291/5291/5291
f 5293/5293/5293 5295/5295/5295 5294/5294/5294
f 5293/5293/5293 5296/5296/5296 5295/5295/5295
f 5297/5297/5297 5299/5299/5299 5298/5298/5298
f 5297/5297/5297 5300/5300/5300 5299/5299/5299
f 5301/5301/5301 5303/5303/5303 5302/5302/5302
f 5301/5301/5301 5304/5304/5304 5303/5303/5303
f 5305/5305/5305 5307/5307/5307 5306/5306/5306
f 5305/5305/5305 5308/5308/5308 5307/5307/5307
f 5309/5309/5309 5311/5311/5311 5310/5310/5310
f 5309/5309/5309 5312/5312/5312 5311/5311/5311
f 5313/5313/5313 5315/5315/5315 5314/5314/5314
f 5313/5313/5313 5316/5316/5316 5315/5315/5315
f 5317/5317/5317 5319/5319/5319 5318/5318/5318
f 5317/5317/5317 5320/5320/5320 5319/5319/5319
f 5321/5321/5321 5323/5323/5323 5322/5322/5322
f 5321/5321/5321 5324/5324/5324 5323/5323/5323
f 5325/5325/5325 5327/5327/5327 5326/5326/5326
f 5325/5325/5325 5328/5328/5328 5327/5327/5327
f 5329/5329/5329 5331/5331/5331 5330/5330/5330
f 5329/5329/5329 5332/5332/5332 5331/5331/5331
f 5332/5332/5332 5329/5329/5329 5333/5333/5333
f 5332/5332/5332 5333/5333/5333 5334/5334/5334
f 5335/5335/5335 5337/5337/5337 5336/5336/5336
f 5335/5335/5335 5338/5338/5338 5337/5337/5337
f 5339/5339/5339 5338/5338/5338 5335/5335/5335
f 5339/5339/5339 5340/5340/5340 5338/5338/5338
f 5340/5340/5340 5339/5339/5339 5341/5341/5341
f 5340/5340/5340 5341/5341/5341 5342/5342/5342
f 5341/5341/5341 5339/5339/5339 5343/5343/5343
f 5341/5341/5341 5343/5343/5343 5344/5344/5344
f 5344/5344/5344 5343/5343/5343 5345/5345/5345
f 5344/5344/5344 5345/5345/5345 5346/5346/5346
f 5346/5346/5346 5345/5345/5345 5347/5347/5347
f 5346/5346/5346 5347/5347/5347 5348/5348/5348
f 5348/5348/5348 5347/5347/5347 5349/5349/5349
f 5348/5348/5348 5349/5349/5349 5350/5350/5350
f 5350/5350/5350 5349/5349/5349 5351/5351/5351
f 5350/5350/5350 5351/5351/5351 5352/5352/5352
f 5353/5353/5353 5355/5355/5355 5354/5354/5354
f 5353/5353/5353 5356/5356/5356 5355/5355/5355
f 5357/5357/5357 5359/5359/5359 5358/5358/5358
f 5357/5357/5357 5360/5360/5360 5359/5359/5359
f 5361/5361/5361 5363/5363/5363 5362/5362/5362
f 5361/5361/5361 5364/5364/5364 5363/5363/5363
f 5365/5365/5365 5367/5367/5367 5366/5366/5366
f 5365/5365/5365 5368/5368/5368 5367/5367/5367
f 5369/5369/5369 5371/5371/5371 5370/5370/5370
f 5369/5369/5369 5370/5370/5370 5372/5372/5372
f 5372/5372/5372 5370/5370/5370 5373/5373/5373
f 5372/5372/5372 5373/5373/5373 5374/5374/5374
f 5374/5374/5374 5373/5373/5373 5375/5375/5375
f 5374/5374/5374 5375/5375/5375 5376/5376/5376
f 5374/5374/5374 5376/5376/5376 5377/5377/5377
f 5374/5374/5374 5377/5377/5377 5378/5378/5378
f 5378/5378/5378 5377/5377/5377 5379/5379/5379
f 5378/5378/5378 5379/5379/5379 5380/5380/5380
f 5380/5380/5380 5379/5379/5379 5381/5381/5381
f 5380/5380/5380 5381/5381/5381 5382/5382/5382
f 5382/5382/5382 5381/5381/5381 5383/5383/5383
f 5382/5382/5382 5383/5383/5383 5384/5384/5384
f 5384/5384/5384 5383/5383/5383 5385/5385/5385
f 5384/5384/5384 5385/5385/5385 5386/5386/5386
f 5387/5387/5387 5389/5389/5389 5388/5388/5388
f 5387/5387/5387 5388/5388/5388 5390/5390/5390
f 5387/5387/5387 5390/5390/5390 5391/5391/5391
f 5387/5387/5387 5391/5391/5391 5392/5392/5392
f 5393/5393/5393 5395/5395/5395 5394/5394/5394
f 5393/5393/5393 5396/5396/5396 5395/5395/5395
f 5397/5397/5397 5399/5399/5399 5398/5398/5398
f 5397/5397/5397 5398/5398/5398 5400/5400/5400
f 5400/5400/5400 5398/5398/5398 5401/5401/5401
f 5400/5400/5400 5401/5401/5401 5402/5402/5402
f 5402/5402/5402 5401/5401/5401 5403/5403/5403
f 5402/5402/5402 5403/5403/5403 5404/5404/5404
f 5405/5405/5405 5407/5407/5407 5406/5406/5406
f 5405/5405/5405 5406/5406/5406 5408/5408/5408
f 5408/5408/5408 5406/5406/5406 5409/5409/5409
f 5408/5408/5408 5409/5409/5409 5410/5410/5410
f 5410/5410/5410 5409/5409/5409 5411/5411/5411
f 5410/5410/5410 5411/5411/5411 5412/5412/5412
f 5413/5413/5413 5415/5415/5415 5414/5414/5414
f 5413/5413/5413 5416/5416/5416 5415/5415/5415
f 5417/5417/5417 5419/5419/5419 5418/5418/5418
f 5417/5417/5417 5420/5420/5420 5419/5419/5419
f 5421/5421/5421 5423/5423/5423 5422/5422/5422
f 5421/5421/5421 5424/5424/5424 5423/5423/5423
f 5425/5425/5425 5427/5427/5427 5426/5426/5426
f 5427/5427/5427 5425/5425/5425 5428/5428/5428
f 5427/5427/5427 5428/5428/5428 5429/5429/5429
f 5429/5429/5429 5428/5428/5428 5430/5430/5430
f 5429/5429/5429 5430/5430/5430 5431/5431/5431
f 5431/5431/5431 5430/5430/5430 5432/5432/5432
f 5433/5433/5433 5435/5435/5435 5434/5434/5434
f 5433/5433/5433 5436/5436/5436 5435/5435/5435
f 5437/5437/5437 5439/5439/5439 5438/5438/5438
f 5437/5437/5437 5440/5440/5440 5439/5439/5439
f 5441/5441/5441 5443/5443/5443 5442/5442/5442
f 5441/5441/5441 5444/5444/5444 5443/5443/5443
f 5445/5445/5445 5447/5447/5447 5446/5446/5446
f 5445/5445/5445 5448/5448/5448 5447/5447/5447
f 5449/5449/5449 5451/5451/5451 5450/5450/5450
f 5449/5449/5449 5452/5452/5452 5451/5451/5451
f 5453/5453/5453 5455/5455/5455 5454/5454/5454
f 5453/5453/5453 5456/5456/5456 5455/5455/5455
f 5457/5457/5457 5459/5459/5459 5458/5458/5458
f 5457/5457/5457 5460/5460/5460 5459/5459/5459
f 5461/5461/5461 5463/5463/5463 5462/5462/5462
f 5461/5461/5461 5464/5464/5464 5463/5463/5463
f 5465/5465/5465 5467/5467/5467 5466/5466/5466
f 5465/5465/5465 5466/5466/5466 5468/5468/5468
f 5469/5469/5469 5465/5465/5465 5468/5468/5468
f 5469/5469/5469 5468/5468/5468 5470/5470/5470
f 5471/5471/5471 5473/5473/5473 5472/5472/5472
f 5471/5471/5471 5472/5472/5472 5474/5474/5474
f 5475/5475/5475 5471/5471/5471 5474/5474/5474
f 5475/5475/5475 5474/5474/5474 5476/5476/5476
f 5477/5477/5477 5479/5479/5479 5478/5478/5478
f 5477/5477/5477 5478/5478/5478 5480/5480/5480
f 5481/5481/5481 5477/5477/5477 5480/5480/5480
f 5481/5481/5481 5480/5480/5480 5482/5482/5482
f 5483/5483/5483 5485/5485/5485 5484/5484/5484
f 5483/5483/5483 5484/5484/5484 5486/5486/5486
f 5487/5487/5487 5483/5483/5483 5486/5486/5486
f 5487/5487/5487 5486/5486/5486 5488/5488/5488
f 5489/5489/5489 5491/5491/5491 5490/5490/5490
f 5489/5489/5489 5490/5490/5490 5492/5492/5492
f 5493/5493/5493 5489/5489/5489 5492/5492/5492
f 5493/5493/5493 5492/5492/5492 5494/5494/5494
f 5495/5495/5495 5497/5497/5497 5496/5496/5496
f 5495/5495/5495 5496/5496/5496 5498/5498/5498
f 5499/5499/5499 5495/5495/5495 5498/5498/5498
f 5499/5499/5499 5498/5498/5498 5500/5500/5500
f 5501/5501/5501 5503/5503/5503 5502/5502/5502
f 5501/5501/5501 5504/5504/5504 5503/5503/5503
f 5505/5505/5505 5507/5507/5507 5506/5506/5506
f 5505/5505/5505 5506/5506/5506 5508/5508/5508
f 5509/5509/5509 5505/5505/5505 5508/5508/5508
f 5509/5509/5509 5508/5508/5508 5510/5510/5510
f 5511/5511/5511 5513/5513/5513 5512/5512/5512
f 5511/5511/5511 5512/5512/5512 5514/5514/5514
f 5515/5515/5515 5511/5511/5511 5514/5514/5514
f 5515/5515/5515 5514/5514/5514 5516/5516/5516
f 5517/5517/5517 5519/5519/5519 5518/5518/5518
f 5517/5517/5517 5520/5520/5520 5519/5519/5519
f 5521/5521/5521 5523/5523/5523 5522/5522/5522
f 5523/5523/5523 5521/5521/5521 5524/5524/5524
f 5524/5524/5524 5521/5521/5521 5525/5525/5525
f 5524/5524/5524 5525/5525/5525 5526/5526/5526
f 5526/5526/5526 5525/5525/5525 5527/5527/5527
f 5526/5526/5526 5527/5527/5527 5528/5528/5528
f 5528/5528/5528 5527/5527/5527 5529/5529/5529
f 5528/5528/5528 5529/5529/5529 5530/5530/5530
f 5530/5530/5530 5529/5529/5529 5531/5531/5531
f 5530/5530/5530 5531/5531/5531 5532/5532/5532
f 5533/5533/5533 5535/5535/5535 5534/5534/5534
f 5533/5533/5533 5536/5536/5536 5535/5535/5535
f 5537/5537/5537 5539/5539/5539 5538/5538/5538
f 5537/5537/5537 5540/5540/5540 5539/5539/5539
f 5541/5541/5541 5543/5543/5543 5542/5542/5542
f 5541/5541/5541 5544/5544/5544 5543/5543/5543
f 5545/5545/5545 5547/5547/5547 5546/5546/5546
f 5545/5545/5545 5548/5548/5548 5547/5547/5547
f 5549/5549/5549 5551/5551/5551 5550/5550/5550
f 5549/5549/5549 5552/5552/5552 5551/5551/5551
f 5552/5552/5552 5553/5553/5553 5551/5551/5551
f 5552/5552/5552 5554/5554/5554 5553/5553/5553
f 5555/5555/5555 5554/5554/5554 5552/5552/5552
f 5555/5555/5555 5552/5552/5552 5556/5556/5556
f 5557/5557/5557 5555/5555/5555 5556/5556/5556
f 5558/5558/5558 5560/5560/5560 5559/5559/5559
f 5558/5558/5558 5561/5561/5561 5560/5560/5560
f 5562/5562/5562 5564/5564/5564 5563/5563/5563
f 5562/5562/5562 5565/5565/5565 5564/5564/5564
f 5565/5565/5565 5566/5566/5566 5564/5564/5564
f 5565/5565/5565 5567/5567/5567 5566/5566/5566
f 5568/5568/5568 5567/5567/5567 5565/5565/5565
f 5568/5568/5568 5565/5565/5565 5569/5569/5569
f 5570/5570/5570 5568/5568/5568 5569/5569/5569
f 5571/5571/5571 5573/5573/5573 5572/5572/5572
f 5571/5571/5571 5574/5574/5574 5573/5573/5573
f 5575/5575/5575 5577/5577/5577 5576/5576/5576
f 5575/5575/5575 5578/5578/5578 5577/5577/5577
f 5579/5579/5579 5581/5581/5581 5580/5580/5580
f 5579/5579/5579 5580/5580/5580 5582/5582/5582
f 5583/5583/5583 5579/5579/5579 5582/5582/5582
f 5583/5583/5583 5582/5582/5582 5584/5584/5584
f 5585/5585/5585 5583/5583/5583 5584/5584/5584
f 5585/5585/5585 5584/5584/5584 5586/5586/5586
f 5587/5587/5587 5585/5585/5585 5586/5586/5586
f 5587/5587/5587 5586/5586/5586 5588/5588/5588
f 5589/5589/5589 5591/5591/5591 5590/5590/5590
f 5589/5589/5589 5592/5592/5592 5591/5591/5591
f 5593/5593/5593 5595/5595/5595 5594/5594/5594
f 5593/5593/5593 5596/5596/5596 5595/5595/5595
f 5597/5597/5597 5599/5599/5599 5598/5598/5598
f 5597/5597/5597 5600/5600/5600 5599/5599/5599
f 5601/5601/5601 5603/5603/5603 5602/5602/5602
f 5601/5601/5601 5604/5604/5604 5603/5603/5603
f 5605/5605/5605 5607/5607/5607 5606/5606/5606
f 5605/5605/5605 5606/5606/5606 5608/5608/5608
f 5609/5609/5609 5605/5605/5605 5608/5608/5608
f 5609/5609/5609 5608/5608/5608 5610/5610/5610
f 5611/5611/5611 5609/5609/5609 5610/5610/5610
f 5611/5611/5611 5610/5610/5610 5612/5612/5612
f 5613/5613/5613 5611/5611/5611 5612/5612/5612
f 5613/5613/5613 5612/5612/5612 5614/5614/5614
f 5615/5615/5615 5617/5617/5617 5616/5616/5616
f 5615/5615/5615 5616/5616/5616 5618/5618/5618
f 5619/5619/5619 5615/5615/5615 5618/5618/5618
f 5619/5619/5619 5618/5618/5618 5620/5620/5620
f 5621/5621/5621 5619/5619/5619 5620/5620/5620
f 5621/5621/5621 5620/5620/5620 5622/5622/5622
f 5623/5623/5623 5621/5621/5621 5622/5622/5622
f 5623/5623/5623 5622/5622/5622 5624/5624/5624
f 5625/5625/5625 5627/5627/5627 5626/5626/5626
f 5625/5625/5625 5626/5626/5626 5628/5628/5628
f 5629/5629/5629 5625/5625/5625 5628/5628/5628
f 5629/5629/5629 5628/5628/5628 5630/5630/5630
f 5631/5631/5631 5629/5629/5629 5630/5630/5630
f 5631/5631/5631 5630/5630/5630 5632/5632/5632
f 5633/5633/5633 5631/5631/5631 5632/5632/5632
f 5633/5633/5633 5632/5632/5632 5634/5634/5634
f 5635/5635/5635 5637/5637/5637 5636/5636/5636
f 5635/5635/5635 5638/5638/5638 5637/5637/5637
f 5639/5639/5639 5641/5641/5641 5640/5640/5640
f 5639/5639/5639 5642/5642/5642 5641/5641/5641
f 5643/5643/5643 5645/5645/5645 5644/5644/5644
f 5643/5643/5643 5646/5646/5646 5645/5645/5645
f 5646/5646/5646 5647/5647/5647 5645/5645/5645
f 5646/5646/5646 5648/5648/5648 5647/5647/5647
f 5649/5649/5649 5648/5648/5648 5646/5646/5646
f 5649/5649/5649 5646/5646/5646 5650/5650/5650
f 5651/5651/5651 5649/5649/5649 5650/5650/5650
f 5652/5652/5652 5654/5654/5654 5653/5653/5653
f 5652/5652/5652 5655/5655/5655 5654/5654/5654
f 5655/5655/5655 5656/5656/5656 5654/5654/5654
f 5655/5655/5655 5657/5657/5657 5656/5656/5656
f 5656/5656/5656 5658/5658/5658 5654/5654/5654
f 5656/5656/5656 5659/5659/5659 5658/5658/5658
f 5659/5659/5659 5660/5660/5660 5658/5658/5658
f 5659/5659/5659 5661/5661/5661 5660/5660/5660
f 5662/5662/5662 5664/5664/5664 5663/5663/5663
f 5662/5662/5662 5665/5665/5665 5664/5664/5664
f 5666/5666/5666 5668/5668/5668 5667/5667/5667
f 5666/5666/5666 5669/5669/5669 5668/5668/5668
f 5670/5670/5670 5672/5672/5672 5671/5671/5671
f 5670/5670/5670 5673/5673/5673 5672/5672/5672
f 5674/5674/5674 5676/5676/5676 5675/5675/5675
f 5674/5674/5674 5677/5677/5677 5676/5676/5676
f 5678/5678/5678 5680/5680/5680 5679/5679/5679
f 5678/5678/5678 5681/5681/5681 5680/5680/5680
f 5681/5681/5681 5682/5682/5682 5680/5680/5680
f 5681/5681/5681 5683/5683/5683 5682/5682/5682
f 5681/5681/5681 5684/5684/5684 5683/5683/5683
f 5681/5681/5681 5685/5685/5685 5684/5684/5684
f 5685/5685/5685 5686/5686/5686 5684/5684/5684
f 5687/5687/5687 5689/5689/5689 5688/5688/5688
f 5687/5687/5687 5690/5690/5690 5689/5689/5689
f 5690/5690/5690 5691/5691/5691 5689/5689/5689
f 5690/5690/5690 5692/5692/5692 5691/5691/5691
f 5693/5693/5693 5689/5689/5689 5691/5691/5691
f 5693/5693/5693 5691/5691/5691 5694/5694/5694
f 5695/5695/5695 5693/5693/5693 5694/5694/5694
f 5696/5696/5696 5698/5698/5698 5697/5697/5697
f 5696/5696/5696 5699/5699/5699 5698/5698/5698
f 5700/5700/5700 5702/5702/5702 5701/5701/5701
f 5700/5700/5700 5703/5703/5703 5702/5702/5702
f 5704/5704/5704 5706/5706/5706 5705/5705/5705
f 5704/5704/5704 5707/5707/5707 5706/5706/5706
f 5707/5707/5707 5708/5708/5708 5706/5706/5706
f 5707/5707/5707 5709/5709/5709 5708/5708/5708
f 5708/5708/5708 5710/5710/5710 5706/5706/5706
f 5708/5708/5708 5711/5711/5711 5710/5710/5710
f 5711/5711/5711 5712/5712/5712 5710/5710/5710
f 5711/5711/5711 5713/5713/5713 5712/5712/5712
f 5714/5714/5714 5716/5716/5716 5715/5715/5715
f 5714/5714/5714 5717/5717/5717 5716/5716/5716
f 5717/5717/5717 5718/5718/5718 5716/5716/5716
f 5717/5717/5717 5719/5719/5719 5718/5718/5718
f 5718/5718/5718 5720/5720/5720 5716/5716/5716
f 5718/5718/5718 5721/5721/5721 5720/5720/5720
f 5721/5721/5721 5722/5722/5722 5720/5720/5720
f 5723/5723/5723 5725/5725/5725 5724/5724/5724
f 5723/5723/5723 5726/5726/5726 5725/5725/5725
f 5727/5727/5727 5729/5729/5729 5728/5728/5728
f 5727/5727/5727 5730/5730/5730 5729/5729/5729
f 5731/5731/5731 5733/5733/5733 5732/5732/5732
f 5731/5731/5731 5734/5734/5734 5733/5733/5733
f 5735/5735/5735 5737/5737/5737 5736/5736/5736
f 5735/5735/5735 5738/5738/5738 5737/5737/5737
f 5739/5739/5739 5741/5741/5741 5740/5740/5740
f 5739/5739/5739 5742/5742/5742 5741/5741/5741
f 5743/5743/5743 5745/5745/5745 5744/5744/5744
f 5743/5743/5743 5746/5746/5746 5745/5745/5745
f 5747/5747/5747 5749/5749/5749 5748/5748/5748
f 5747/5747/5747 5750/5750/5750 5749/5749/5749
f 5751/5751/5751 5753/5753/5753 5752/5752/5752
f 5751/5751/5751 5754/5754/5754 5753/5753/5753
f 5755/5755/5755 5757/5757/5757 5756/5756/5756
f 5755/5755/5755 5758/5758/5758 5757/5757/5757
f 5759/5759/5759 5761/5761/5761 5760/5760/5760
f 5759/5759/5759 5762/5762/5762 5761/5761/5761
f 5763/5763/5763 5765/5765/5765 5764/5764/5764
f 5763/5763/5763 5766/5766/5766 5765/5765/5765
f 5767/5767/5767 5769/5769/5769 5768/5768/5768
f 5767/5767/5767 5770/5770/5770 5769/5769/5769
f 5771/5771/5771 5773/5773/5773 5772/5772/5772
f 5771/5771/5771 5774/5774/5774 5773/5773/5773
f 5775/5775/5775 5777/5777/5777 5776/5776/5776
f 5775/5775/5775 5778/5778/5778 5777/5777/5777
f 5779/5779/5779 5781/5781/5781 5780/5780/5780
f 5779/5779/5779 5782/5782/5782 5781/5781/5781
f 5783/5783/5783 5785/5785/5785 5784/5784/5784
f 5783/5783/5783 5786/5786/5786 5785/5785/5785
f 5787/5787/5787 5789/5789/5789 5788/5788/5788
f 5787/5787/5787 5790/5790/5790 5789/5789/5789
f 5791/5791/5791 5793/5793/5793 5792/5792/5792
f 5791/5791/5791 5794/5794/5794 5793/5793/5793
f 5795/5795/5795 5797/5797/5797 5796/5796/5796
f 5795/5795/5795 5798/5798/5798 5797/5797/5797
f 5799/5799/5799 5801/5801/5801 5800/5800/5800
f 5799/5799/5799 5802/5802/5802 5801/5801/5801
f 5803/5803/5803 5805/5805/5805 5804/5804/5804
f 5803/5803/5803 5806/5806/5806 5805/5805/5805
f 5807/5807/5807 5809/5809/5809 5808/5808/5808
f 5807/5807/5807 5810/5810/5810 5809/5809/5809
f 5811/5811/5811 5813/5813/5813 5812/5812/5812
f 5811/5811/5811 5814/5814/5814 5813/5813/5813
f 5815/5815/5815 5817/5817/5817 5816/5816/5816
f 5815/5815/5815 5818/5818/5818 5817/5817/5817
f 5819/5819/5819 5821/5821/5821 5820/5820/5820
f 5819/5819/5819 5822/5822/5822 5821/5821/5821
f 5823/5823/5823 5825/5825/5825 5824/5824/5824
f 5823/5823/5823 5826/5826/5826 5825/5825/5825
f 5827/5827/5827 5829/5829/5829 5828/5828/5828
f 5827/5827/5827 5830/5830/5830 5829/5829/5829
f 5831/5831/5831 5833/5833/5833 5832/5832/5832
f 5831/5831/5831 5834/5834/5834 5833/5833/5833
f 5835/5835/5835 5837/5837/5837 5836/5836/5836
f 5835/5835/5835 5838/5838/5838 5837/5837/5837
f 5839/5839/5839 5841/5841/5841 5840/5840/5840
f 5839/5839/5839 5842/5842/5842 5841/5841/5841
f 5843/5843/5843 5845/5845/5845 5844/5844/5844
f 5843/5843/5843 5846/5846/5846 5845/5845/5845
f 5847/5847/5847 5849/5849/5849 5848/5848/5848
f 5847/5847/5847 5850/5850/5850 5849/5849/5849
f 5851/5851/5851 5853/5853/5853 5852/5852/5852
f 5851/5851/5851 5854/5854/5854 5853/5853/5853
f 5855/5855/5855 5857/5857/5857 5856/5856/5856
f 5855/5855/5855 5858/5858/5858 5857/5857/5857
f 5859/5859/5859 5861/5861/5861 5860/5860/5860
f 5859/5859/5859 5862/5862/5862 5861/5861/5861
f 5863/5863/5863 5865/5865/5865 5864/5864/5864
f 5863/5863/5863 5866/5866/5866 5865/5865/5865
f 5867/5867/5867 5869/5869/5869 5868/5868/5868
f 5867/5867/5867 5870/5870/5870 5869/5869/5869
f 5871/5871/5871 5873/5873/5873 5872/5872/5872
f 5871/5871/5871 5874/5874/5874 5873/5873/5873
f 5875/5875/5875 5877/5877/5877 5876/5876/5876
f 5875/5875/5875 5878/5878/5878 5877/5877/5877
f 5879/5879/5879 5881/5881/5881 5880/5880/5880
f 5879/5879/5879 5882/5882/5882 5881/5881/5881
f 5883/5883/5883 5885/5885/5885 5884/5884/5884
f 5883/5883/5883 5886/5886/5886 5885/5885/5885
f 5887/5887/5887 5889/5889/5889 5888/5888/5888
f 5887/5887/5887 5890/5890/5890 5889/5889/5889
f 5891/5891/5891 5893/5893/5893 5892/5892/5892
f 5891/5891/5891 5894/5894/5894 5893/5893/5893
f 5895/5895/5895 5897/5897/5897 5896/5896/5896
f 5895/5895/5895 5898/5898/5898 5897/5897/5897
f 5899/5899/5899 5901/5901/5901 5900/5900/5900
f 5899/5899/5899 5902/5902/5902 5901/5901/5901
f 5903/5903/5903 5905/5905/5905 5904/5904/5904
f 5903/5903/5903 5906/5906/5906 5905/5905/5905
f 5907/5907/5907 5909/5909/5909 5908/5908/5908
f 5907/5907/5907 5910/5910/5910 5909/5909/5909
f 5911/5911/5911 5913/5913/5913 5912/5912/5912
f 5911/5911/5911 5914/5914/5914 5913/5913/5913
f 5915/5915/5915 5917/5917/5917 5916/5916/5916
f 5915/5915/5915 5918/5918/5918 5917/5917/5917
f 5919/5919/5919 5921/5921/5921 5920/5920/5920
f 5919/5919/5919 5922/5922/5922 5921/5921/5921
f 5923/5923/5923 5925/5925/5925 5924/5924/5924
f 5923/5923/5923 5924/5924/5924 5926/5926/5926
f 5923/5923/5923 5926/5926/5926 5927/5927/5927
f 5923/5923/5923 5927/5927/5927 5928/5928/5928
f 5928/5928/5928 5927/5927/5927 5929/5929/5929
f 5928/5928/5928 5929/5929/5929 5930/5930/5930
f 5931/5931/5931 5933/5933/5933 5932/5932/5932
f 5931/5931/5931 5934/5934/5934 5933/5933/5933
f 5935/5935/5935 5937/5937/5937 5936/5936/5936
f 5935/5935/5935 5938/5938/5938 5937/5937/5937
f 5939/5939/5939 5941/5941/5941 5940/5940/5940
f 5939/5939/5939 5942/5942/5942 5941/5941/5941
f 5943/5943/5943 5945/5945/5945 5944/5944/5944
f 5943/5943/5943 5946/5946/5946 5945/5945/5945
f 5947/5947/5947 5949/5949/5949 5948/5948/5948
f 5947/5947/5947 5948/5948/5948 5950/5950/5950
f 5947/5947/5947 5950/5950/5950 5951/5951/5951
f 5947/5947/5947 5951/5951/5951 5952/5952/5952
f 5952/5952/5952 5951/5951/5951 5953/5953/5953
f 5952/5952/5952 5953/5953/5953 5954/5954/5954
f 5955/5955/5955 5957/5957/5957 5956/5956/5956
f 5955/5955/5955 5958/5958/5958 5957/5957/5957
f 5959/5959/5959 5961/5961/5961 5960/5960/5960
f 5959/5959/5959 5962/5962/5962 5961/5961/5961
f 5963/5963/5963 5965/5965/5965 5964/5964/5964
f 5963/5963/5963 5966/5966/5966 5965/5965/5965
f 5967/5967/5967 5969/5969/5969 5968/5968/5968
f 5967/5967/5967 5970/5970/5970 5969/5969/5969
f 5971/5971/5971 5973/5973/5973 5972/5972/5972
f 5971/5971/5971 5972/5972/5972 5974/5974/5974
f 5971/5971/5971 5974/5974/5974 5975/5975/5975
f 5971/5971/5971 5975/5975/5975 5976/5976/5976
f 5976/5976/5976 5975/5975/5975 5977/5977/5977
f 5976/5976/5976 5977/5977/5977 5978/5978/5978
f 5979/5979/5979 5981/5981/5981 5980/5980/5980
f 5979/5979/5979 5982/5982/5982 5981/5981/5981
f 5983/5983/5983 5985/5985/5985 5984/5984/5984
f 5983/5983/5983 5986/5986/5986 5985/5985/5985
f 5987/5987/5987 5989/5989/5989 5988/5988/5988
f 5987/5987/5987 5990/5990/5990 5989/5989/5989
f 5991/5991/5991 5993/5993/5993 5992/5992/5992
f 5991/5991/5991 5994/5994/5994 5993/5993/5993
f 5995/5995/5995 5997/5997/5997 5996/5996/5996
f 5995/5995/5995 5996/5996/5996 5998/5998/5998
f 5995/5995/5995 5998/5998/5998 5999/5999/5999
f 5995/5995/5995 5999/5999/5999 6000/6000/6000
f 6000/6000/6000 5999/5999/5999 6001/6001/6001
f 6000/6000/6000 6001/6001/6001 6002/6002/6002
f 6003/6003/6003 6005/6005/6005 6004/6004/6004
f 6003/6003/6003 6006/6006/6006 6005/6005/6005
f 6007/6007/6007 6009/6009/6009 6008/6008/6008
f 6007/6007/6007 6010/6010/6010 6009/6009/6009
f 6011/6011/6011 6013/6013/6013 6012/6012/6012
f 6011/6011/6011 6014/6014/6014 6013/6013/6013
f 6015/6015/6015 6017/6017/6017 6016/6016/6016
f 6015/6015/6015 6018/6018/6018 6017/6017/6017
f 6018/6018/6018 6015/6015/6015 6019/6019/6019
f 6018/6018/6018 6019/6019/6019 6020/6020/6020
f 6019/6019/6019 6021/6021/6021 6020/6020/6020
f 6019/6019/6019 6022/6022/6022 6021/6021/6021
f 6023/6023/6023 6025/6025/6025 6024/6024/6024
f 6023/6023/6023 6026/6026/6026 6025/6025/6025
f 6027/6027/6027 6029/6029/6029 6028/6028/6028
f 6027/6027/6027 6030/6030/6030 6029/6029/6029
f 6031/6031/6031 6033/6033/6033 6032/6032/6032
f 6031/6031/6031 6034/6034/6034 6033/6033/6033
f 6035/6035/6035 6037/6037/6037 6036/6036/6036
f 6035/6035/6035 6038/6038/6038 6037/6037/6037
f 6039/6039/6039 6041/6041/6041 6040/6040/6040
f 6039/6039/6039 6042/6042/6042 6041/6041/6041
f 6042/6042/6042 6039/6039/6039 6043/6043/6043
f 6042/6042/6042 6043/6043/6043 6044/6044/6044
f 6043/6043/6043 6045/6045/6045 6044/6044/6044
f 6043/6043/6043 6046/6046/6046 6045/6045/6045
f 6047/6047/6047 6049/6049/6049 6048/6048/6048
f 6047/6047/6047 6050/6050/6050 6049/6049/6049
f 6051/6051/6051 6053/6053/6053 6052/6052/6052
f 6051/6051/6051 6054/6054/6054 6053/6053/6053
f 6055/6055/6055 6057/6057/6057 6056/6056/6056
f 6055/6055/6055 6058/6058/6058 6057/6057/6057
f 6059/6059/6059 6061/6061/6061 6060/6060/6060
f 6059/6059/6059 6062/6062/6062 6061/6061/6061
f 6063/6063/6063 6065/6065/6065 6064/6064/6064
f 6063/6063/6063 6066/6066/6066 6065/6065/6065
f 6066/6066/6066 6063/6063/6063 6067/6067/6067
f 6066/6066/6066 6067/6067/6067 6068/6068/6068
f 6067/6067/6067 6069/6069/6069 6068/6068/6068
f 6067/6067/6067 6070/6070/6070 6069/6069/6069
f 6071/6071/6071 6073/6073/6073 6072/6072/6072
f 6071/6071/6071 6074/6074/6074 6073/6073/6073
f 6075/6075/6075 6077/6077/6077 6076/6076/6076
f 6075/6075/6075 6078/6078/6078 6077/6077/6077
f 6079/6079/6079 6081/6081/6081 6080/6080/6080
f 6079/6079/6079 6082/6082/6082 6081/6081/6081
f 6083/6083/6083 6085/6085/6085 6084/6084/6084
f 6083/6083/6083 6086/6086/6086 6085/6085/6085
f 6087/6087/6087 6089/6089/6089 6088/6088/6088
f 6087/6087/6087 6090/6090/6090 6089/6089/6089
f 6090/6090/6090 6087/6087/6087 6091/6091/6091
f 6090/6090/6090 6091/6091/6091 6092/6092/6092
f 6091/6091/6091 6093/6093/6093 6092/6092/6092
f 6091/6091/6091 6094/6094/6094 6093/6093/6093
f 6095/6095/6095 6097/6097/6097 6096/6096/6096
f 6095/6095/6095 6098/6098/6098 6097/6097/6097
f 6099/6099/6099 6101/6101/6101 6100/6100/6100
f 6099/6099/6099 6102/6102/6102 6101/6101/6101
f 6103/6103/6103 6105/6105/6105 6104/6104/6104
f 6103/6103/6103 6106/6106/6106 6105/6105/6105
f 6107/6107/6107 6109/6109/6109 6108/6108/6108
f 6107/6107/6107 6110/6110/6110 6109/6109/6109
f 6111/6111/6111 6113/6113/6113 6112/6112/6112
f 6111/6111/6111 6114/6114/6114 6113/6113/6113
f 6115/6115/6115 6117/6117/6117 6116/6116/6116
f 6115/6115/6115 6118/6118/6118 6117/6117/6117
f 6119/6119/6119 6121/6121/6121 6120/6120/6120
f 6119/6119/6119 6122/6122/6122 6121/6121/6121
f 6123/6123/6123 6125/6125/6125 6124/6124/6124
f 6123/6123/6123 6126/6126/6126 6125/6125/6125
f 6127/6127/6127 6129/6129/6129 6128/6128/6128
f 6127/6127/6127 6130/6130/6130 6129/6129/6129
f 6131/6131/6131 6133/6133/6133 6132/6132/6132
f 6131/6131/6131 6134/6134/6134 6133/6133/6133
f 6135/6135/6135 6137/6137/6137 6136/6136/6136
f 6135/6135/6135 6138/6138/6138 6137/6137/6137
f 6139/6139/6139 6141/6141/6141 6140/6140/6140
f 6139/6139/6139 6142/6142/6142 6141/6141/6141
f 6143/6143/6143 6145/6145/6145 6144/6144/6144
f 6143/6143/6143 6146/6146/6146 6145/6145/6145
f 6147/6147/6147 6149/6149/6149 6148/6148/6148
f 6147/6147/6147 6150/6150/6150 6149/6149/6149
f 6151/6151/6151 6153/6153/6153 6152/6152/6152
f 6151/6151/6151 6154/6154/6154 6153/6153/6153
f 6155/6155/6155 6157/6157/6157 6156/6156/6156
f 6155/6155/6155 6158/6158/6158 6157/6157/6157
f 6159/6159/6159 6161/6161/6161 6160/6160/6160
f 6159/6159/6159 6162/6162/6162 6161/6161/6161
f 6163/6163/6163 6165/6165/6165 6164/6164/6164
f 6163/6163/6163 6166/6166/6166 6165/6165/6165
f 6167/6167/6167 6169/6169/6169 6168/6168/6168
f 6167/6167/6167 6170/6170/6170 6169/6169/6169
f 6171/6171/6171 6173/6173/6173 6172/6172/6172
f 6171/6171/6171 6174/6174/6174 6173/6173/6173
f 6175/6175/6175 6177/6177/6177 6176/6176/6176
f 6175/6175/6175 6178/6178/6178 6177/6177/6177
f 6179/6179/6179 6181/6181/6181 6180/6180/6180
f 6179/6179/6179 6182/6182/6182 6181/6181/6181
f 6183/6183/6183 6185/6185/6185 6184/6184/6184
f 6183/6183/6183 6186/6186/6186 6185/6185/6185
f 6187/6187/6187 6189/6189/6189 6188/6188/6188
f 6187/6187/6187 6190/6190/6190 6189/6189/6189
f 6191/6191/6191 6193/6193/6193 6192/6192/6192
f 6191/6191/6191 6194/6194/6194 6193/6193/6193
f 6195/6195/6195 6197/6197/6197 6196/6196/6196
f 6195/6195/6195 6198/6198/6198 6197/6197/6197
f 6199/6199/6199 6201/6201/6201 6200/6200/6200
f 6199/6199/6199 6202/6202/6202 6201/6201/6201
f 6203/6203/6203 6205/6205/6205 6204/6204/6204
f 6203/6203/6203 6206/6206/6206 6205/6205/6205
f 6207/6207/6207 6209/6209/6209 6208/6208/6208
f 6207/6207/6207 6210/6210/6210 6209/6209/6209
f 6211/6211/6211 6213/6213/6213 6212/6212/6212
f 6211/6211/6211 6214/6214/6214 6213/6213/6213
f 6215/6215/6215 6217/6217/6217 6216/6216/6216
f 6215/6215/6215 6218/6218/6218 6217/6217/6217
f 6219/6219/6219 6221/6221/6221 6220/6220/6220
f 6219/6219/6219 6222/6222/6222 6221/6221/6221
f 6223/6223/6223 6225/6225/6225 6224/6224/6224
f 6223/6223/6223 6226/6226/6226 6225/6225/6225
f 6227/6227/6227 6229/6229/6229 6228/6228/6228
f 6227/6227/6227 6230/6230/6230 6229/6229/6229
f 6231/6231/6231 6233/6233/6233 6232/6232/6232
f 6231/6231/6231 6234/6234/6234 6233/6233/6233
f 6235/6235/6235 6237/6237/6237 6236/6236/6236
f 6235/6235/6235 6238/6238/6238 6237/6237/6237
f 6239/6239/6239 6241/6241/6241 6240/6240/6240
f 6239/6239/6239 6242/6242/6242 6241/6241/6241
f 6243/6243/6243 6245/6245/6245 6244/6244/6244
f 6243/6243/6243 6246/6246/6246 6245/6245/6245
f 6247/6247/6247 6249/6249/6249 6248/6248/6248
f 6247/6247/6247 6250/6250/6250 6249/6249/6249
f 6251/6251/6251 6253/6253/6253 6252/6252/6252
f 6251/6251/6251 6254/6254/6254 6253/6253/6253
f 6255/6255/6255 6257/6257/6257 6256/6256/6256
f 6255/6255/6255 6258/6258/6258 6257/6257/6257
f 6259/6259/6259 6261/6261/6261 6260/6260/6260
f 6259/6259/6259 6262/6262/6262 6261/6261/6261
f 6263/6263/6263 6265/6265/6265 6264/6264/6264
f 6263/6263/6263 6266/6266/6266 6265/6265/6265
f 6267/6267/6267 6269/6269/6269 6268/6268/6268
f 6267/6267/6267 6270/6270/6270 6269/6269/6269
f 6271/6271/6271 6273/6273/6273 6272/6272/6272
f 6271/6271/6271 6274/6274/6274 6273/6273/6273
f 6275/6275/6275 6277/6277/6277 6276/6276/6276
f 6275/6275/6275 6278/6278/6278 6277/6277/6277
f 6279/6279/6279 6281/6281/6281 6280/6280/6280
f 6279/6279/6279 6282/6282/6282 6281/6281/6281
f 6283/6283/6283 6285/6285/6285 6284/6284/6284
f 6283/6283/6283 6286/6286/6286 6285/6285/6285
f 6287/6287/6287 6289/6289/6289 6288/6288/6288
f 6287/6287/6287 6290/6290/6290 6289/6289/6289
f 6291/6291/6291 6293/6293/6293 6292/6292/6292
f 6291/6291/6291 6294/6294/6294 6293/6293/6293
f 6295/6295/6295 6297/6297/6297 6296/6296/6296
f 6295/6295/6295 6298/6298/6298 6297/6297/6297
f 6299/6299/6299 6301/6301/6301 6300/6300/6300
f 6299/6299/6299 6302/6302/6302 6301/6301/6301
f 6303/6303/6303 6305/6305/6305 6304/6304/6304
f 6303/6303/6303 6306/6306/6306 6305/6305/6305
f 6307/6307/6307 6309/6309/6309 6308/6308/6308
f 6310/6310/6310 6309/6309/6309 6307/6307/6307
f 6307/6307/6307 6308/6308/6308 6311/6311/6311
f 6310/6310/6310 6307/6307/6307 6312/6312/6312
f 6308/6308/6308 6313/6313/6313 6311/6311/6311
f 6308/6308/6308 6314/6314/6314 6313/6313/6313
f 6315/6315/6315 6310/6310/6310 6312/6312/6312
f 6315/6315/6315 6316/6316/6316 6310/6310/6310
f 6317/6317/6317 6316/6316/6316 6315/6315/6315
f 6317/6317/6317 6315/6315/6315 6318/6318/6318
f 6318/6318/6318 6319/6319/6319 6317/6317/6317
f 6318/6318/6318 6320/6320/6320 6319/6319/6319
f 6313/6313/6313 6314/6314/6314 6321/6321/6321
f 6321/6321/6321 6319/6319/6319 6320/6320/6320
f 6313/6313/6313 6321/6321/6321 6322/6322/6322
f 6321/6321/6321 6320/6320/6320 6322/6322/6322
f 6323/6323/6323 6325/6325/6325 6324/6324/6324
f 6326/6326/6326 6325/6325/6325 6323/6323/6323
f 6323/6323/6323 6324/6324/6324 6327/6327/6327
f 6326/6326/6326 6323/6323/6323 6328/6328/6328
f 6324/6324/6324 6329/6329/6329 6327/6327/6327
f 6324/6324/6324 6330/6330/6330 6329/6329/6329
f 6331/6331/6331 6326/6326/6326 6328/6328/6328
f 6331/6331/6331 6332/6332/6332 6326/6326/6326
f 6333/6333/6333 6332/6332/6332 6331/6331/6331
f 6333/6333/6333 6331/6331/6331 6334/6334/6334
f 6334/6334/6334 6335/6335/6335 6333/6333/6333
f 6334/6334/6334 6336/6336/6336 6335/6335/6335
f 6329/6329/6329 6330/6330/6330 6337/6337/6337
f 6337/6337/6337 6335/6335/6335 6336/6336/6336
f 6329/6329/6329 6337/6337/6337 6338/6338/6338
f 6337/6337/6337 6336/6336/6336 6338/6338/6338
f 6339/6339/6339 6341/6341/6341 6340/6340/6340
f 6339/6339/6339 6340/6340/6340 6342/6342/6342
f 6343/6343/6343 6341/6341/6341 6339/6339/6339
f 6339/6339/6339 6342/6342/6342 6344/6344/6344
f 6343/6343/6343 6345/6345/6345 6341/6341/6341
f 6344/6344/6344 6342/6342/6342 6346/6346/6346
f 6347/6347/6347 6345/6345/6345 6343/6343/6343
f 6347/6347/6347 6348/6348/6348 6345/6345/6345
f 6347/6347/6347 6349/6349/6349 6348/6348/6348
f 6350/6350/6350 6349/6349/6349 6347/6347/6347
f 6350/6350/6350 6351/6351/6351 6349/6349/6349
f 6344/6344/6344 6346/6346/6346 6352/6352/6352
f 6352/6352/6352 6346/6346/6346 6353/6353/6353
f 6352/6352/6352 6353/6353/6353 6354/6354/6354
f 6352/6352/6352 6354/6354/6354 6355/6355/6355
f 6355/6355/6355 6354/6354/6354 6356/6356/6356
f 6357/6357/6357 6351/6351/6351 6350/6350/6350
f 6355/6355/6355 6356/6356/6356 6357/6357/6357
f 6357/6357/6357 6358/6358/6358 6351/6351/6351
f 6357/6357/6357 6356/6356/6356 6358/6358/6358
f 6359/6359/6359 6361/6361/6361 6360/6360/6360
f 6361/6361/6361 6362/6362/6362 6360/6360/6360
f 6359/6359/6359 6363/6363/6363 6361/6361/6361
f 6361/6361/6361 6364/6364/6364 6362/6362/6362
f 6365/6365/6365 6363/6363/6363 6359/6359/6359
f 6366/6366/6366 6362/6362/6362 6364/6364/6364
f 6365/6365/6365 6359/6359/6359 6367/6367/6367
f 6366/6366/6366 6364/6364/6364 6368/6368/6368
f 6367/6367/6367 6369/6369/6369 6365/6365/6365
f 6368/6368/6368 6370/6370/6370 6366/6366/6366
f 6367/6367/6367 6371/6371/6371 6369/6369/6369
f 6368/6368/6368 6372/6372/6372 6370/6370/6370
f 6373/6373/6373 6369/6369/6369 6371/6371/6371
f 6374/6374/6374 6370/6370/6370 6372/6372/6372
f 6374/6374/6374 6372/6372/6372 6373/6373/6373
f 6373/6373/6373 6371/6371/6371 6374/6374/6374
f 6375/6375/6375 6377/6377/6377 6376/6376/6376
f 6377/6377/6377 6378/6378/6378 6376/6376/6376
f 6375/6375/6375 6379/6379/6379 6377/6377/6377
f 6377/6377/6377 6380/6380/6380 6378/6378/6378
f 6381/6381/6381 6379/6379/6379 6375/6375/6375
f 6382/6382/6382 6378/6378/6378 6380/6380/6380
f 6381/6381/6381 6375/6375/6375 6383/6383/6383
f 6382/6382/6382 6380/6380/6380 6384/6384/6384
f 6383/6383/6383 6385/6385/6385 6381/6381/6381
f 6384/6384/6384 6386/6386/6386 6382/6382/6382
f 6383/6383/6383 6387/6387/6387 6385/6385/6385
f 6384/6384/6384 6388/6388/6388 6386/6386/6386
f 6389/6389/6389 6385/6385/6385 6387/6387/6387
f 6390/6390/6390 6386/6386/6386 6388/6388/6388
f 6390/6390/6390 6388/6388/6388 6389/6389/6389
f 6389/6389/6389 6387/6387/6387 6390/6390/6390
usemtl back_poster_1_large
f 6391/6391/6391 6393/6393/6393 6392/6392/6392
f 6391/6391/6391 6394/6394/6394 6393/6393/6393
